{"type":"FeatureCollection","name":"CONUS high-altitude routes (J and Q), full length","features":[{"type":"Feature","properties":{"ident":"J1","type":"CONV","run":1},"geometry":{"type":"LineString","coordinates":[[-115.9557,30.5454],[-115.9707,30.6277],[-115.9857,30.71],[-116.0007,30.7923],[-116.0158,30.8746],[-116.0309,30.957],[-116.0461,31.0393],[-116.0612,31.1216],[-116.0764,31.2039],[-116.0916,31.2862],[-116.1069,31.3685],[-116.1221,31.4508],[-116.1374,31.5331],[-116.1527,31.6154],[-116.1681,31.6977],[-116.177,31.7453],[-116.24,31.8091],[-116.303,31.8729],[-116.3662,31.9367],[-116.4295,32.0005],[-116.4928,32.0642],[-116.5563,32.1279],[-116.5803,32.1519],[-116.6421,32.2168],[-116.7041,32.2816],[-116.7661,32.3464],[-116.8282,32.4111],[-116.8905,32.4758],[-116.9527,32.5404],[-117.0214,32.6006],[-117.0893,32.6612],[-117.1573,32.7217],[-117.2254,32.7822],[-117.2583,32.8608],[-117.2912,32.9395],[-117.3241,33.0181],[-117.3571,33.0967],[-117.3902,33.1753],[-117.4177,33.2406],[-117.4945,33.2938],[-117.5714,33.3468],[-117.6484,33.3998],[-117.7255,33.4528],[-117.8026,33.5057],[-117.8799,33.5586],[-117.9573,33.6114],[-118.0347,33.6642],[-118.1123,33.7169],[-118.1899,33.7696],[-118.2677,33.8222],[-118.3455,33.8748],[-118.4234,33.9274],[-118.432,33.9332],[-118.4982,33.9959],[-118.5644,34.0586],[-118.6308,34.1212],[-118.6972,34.1838],[-118.7637,34.2464],[-118.8304,34.309],[-118.8813,34.3567],[-118.9386,34.4253],[-118.996,34.4939],[-119.0535,34.5625],[-119.111,34.631],[-119.1343,34.6587],[-119.192,34.7272],[-119.2498,34.7957],[-119.3077,34.8642],[-119.3657,34.9326],[-119.4238,35.001],[-119.482,35.0693],[-119.5403,35.1377],[-119.5987,35.206],[-119.6415,35.2559],[-119.7,35.3242],[-119.7587,35.3924],[-119.8174,35.4606],[-119.8763,35.5288],[-119.9352,35.5969],[-119.9786,35.647],[-120.0449,35.7106],[-120.1113,35.7742],[-120.1778,35.8377],[-120.2444,35.9012],[-120.3111,35.9646],[-120.3779,36.0281],[-120.4448,36.0914],[-120.5118,36.1548],[-120.5789,36.2181],[-120.6462,36.2814],[-120.7135,36.3446],[-120.781,36.4078],[-120.8486,36.471],[-120.9162,36.5341],[-120.984,36.5972],[-121.0519,36.6602],[-121.1199,36.7232],[-121.1881,36.7862],[-121.2563,36.8491],[-121.3247,36.912],[-121.3931,36.9748],[-121.4617,37.0377],[-121.5304,37.1004],[-121.5992,37.1632],[-121.6681,37.2258],[-121.7371,37.2885],[-121.8063,37.3511],[-121.8755,37.4137],[-121.9449,37.4762],[-122.0144,37.5387],[-122.084,37.6011],[-122.1537,37.6636],[-122.2236,37.7259],[-122.2236,37.7259],[-122.224,37.8093],[-122.2245,37.8926],[-122.2249,37.9759],[-122.2253,38.0592],[-122.2258,38.1426],[-122.2262,38.2259],[-122.2267,38.3092],[-122.2271,38.3926],[-122.2275,38.4759],[-122.228,38.5592],[-122.2284,38.6426],[-122.2289,38.7259],[-122.2293,38.8092],[-122.2298,38.8925],[-122.2302,38.9759],[-122.2307,39.0592],[-122.2311,39.1425],[-122.2316,39.2259],[-122.232,39.3092],[-122.2325,39.3925],[-122.2329,39.4758],[-122.2334,39.5592],[-122.2338,39.6425],[-122.2343,39.7258],[-122.2348,39.8092],[-122.2352,39.8925],[-122.2357,39.9758],[-122.2361,40.0592],[-122.2364,40.0989],[-122.2587,40.1805],[-122.2811,40.262],[-122.3036,40.3436],[-122.3261,40.4251],[-122.3487,40.5067],[-122.3714,40.5882],[-122.3941,40.6697],[-122.4168,40.7513],[-122.4396,40.8328],[-122.4625,40.9143],[-122.4854,40.9958],[-122.5083,41.0773],[-122.5314,41.1588],[-122.5545,41.2403],[-122.5776,41.3218],[-122.6008,41.4033],[-122.6241,41.4848],[-122.6474,41.5663],[-122.6708,41.6477],[-122.6942,41.7292],[-122.7177,41.8107],[-122.7412,41.8921],[-122.7649,41.9736],[-122.7885,42.0551],[-122.8123,42.1365],[-122.8361,42.2179],[-122.8411,42.2353],[-122.865,42.3167],[-122.8889,42.3981],[-122.9129,42.4795],[-122.9129,42.4796],[-122.9052,42.5627],[-122.8974,42.6458],[-122.8897,42.729],[-122.8897,42.7291],[-122.8818,42.8122],[-122.874,42.8954],[-122.8662,42.9785],[-122.8583,43.0616],[-122.8504,43.1447],[-122.8425,43.2279],[-122.8345,43.311],[-122.8266,43.3941],[-122.8186,43.4773],[-122.8106,43.5604],[-122.8026,43.6435],[-122.7945,43.7266],[-122.7864,43.8098],[-122.7783,43.8929],[-122.7702,43.976],[-122.7621,44.0591],[-122.7539,44.1423],[-122.7457,44.2254],[-122.7375,44.3085],[-122.7293,44.3916],[-122.721,44.4748],[-122.7128,44.5579],[-122.7044,44.641],[-122.6961,44.7241],[-122.6878,44.8072],[-122.6794,44.8904],[-122.671,44.9735],[-122.6626,45.0566],[-122.6541,45.1397],[-122.6457,45.2228],[-122.6372,45.3059],[-122.6286,45.389],[-122.6201,45.4722],[-122.6115,45.5553],[-122.6029,45.6384],[-122.5943,45.7215],[-122.5916,45.7478],[-122.5781,45.8306],[-122.5647,45.9134],[-122.5511,45.9962],[-122.5376,46.079],[-122.524,46.1618],[-122.5104,46.2446],[-122.4967,46.3274],[-122.483,46.4102],[-122.4692,46.493],[-122.4554,46.5758],[-122.4416,46.6586],[-122.4277,46.7413],[-122.4142,46.8216],[-122.4003,46.9043],[-122.3863,46.9871],[-122.3722,47.0699],[-122.3581,47.1527],[-122.344,47.2355],[-122.3298,47.3182],[-122.3156,47.401],[-122.3096,47.4354]]}},{"type":"Feature","properties":{"ident":"J10","type":"CONV","run":1},"geometry":{"type":"LineString","coordinates":[[-118.432,33.9332],[-118.3323,33.9433],[-118.2326,33.9534],[-118.1329,33.9634],[-118.0331,33.9733],[-117.9333,33.9831],[-117.8335,33.9929],[-117.7906,33.9971],[-117.6908,34.0067],[-117.5909,34.0163],[-117.491,34.0258],[-117.3911,34.0352],[-117.39,34.0353],[-117.29,34.0441],[-117.2425,34.0482],[-117.1425,34.0576],[-117.0426,34.0668],[-116.9426,34.076],[-116.8426,34.0851],[-116.7425,34.0941],[-116.7388,34.0945],[-116.6382,34.0967],[-116.5376,34.0988],[-116.437,34.1008],[-116.3364,34.1028],[-116.2358,34.1047],[-116.1352,34.1064],[-116.0346,34.1081],[-115.9339,34.1098],[-115.8333,34.1113],[-115.7699,34.1122],[-115.6727,34.1339],[-115.5754,34.1554],[-115.4781,34.1769],[-115.3808,34.1983],[-115.3429,34.2066],[-115.2454,34.2276],[-115.1478,34.2486],[-115.0503,34.2696],[-114.9526,34.2904],[-114.8549,34.3112],[-114.7572,34.3319],[-114.6594,34.3525],[-114.5616,34.373],[-114.4637,34.3935],[-114.3658,34.4139],[-114.2678,34.4342],[-114.1698,34.4544],[-114.0717,34.4745],[-113.9736,34.4946],[-113.8754,34.5146],[-113.7772,34.5345],[-113.6789,34.5543],[-113.6394,34.5623],[-113.5446,34.5914],[-113.4497,34.6205],[-113.3547,34.6495],[-113.2597,34.6784],[-113.1646,34.7073],[-113.0695,34.736],[-112.9743,34.7647],[-112.879,34.7934],[-112.7836,34.8219],[-112.6882,34.8504],[-112.5927,34.8788],[-112.4972,34.9071],[-112.4016,34.9354],[-112.3059,34.9635],[-112.2102,34.9916],[-112.1144,35.0197],[-112.0185,35.0476],[-111.9226,35.0755],[-111.8265,35.1033],[-111.7305,35.131],[-111.6742,35.1472],[-111.5859,35.1888],[-111.4975,35.2304],[-111.409,35.2719],[-111.3204,35.3133],[-111.2317,35.3547],[-111.143,35.396],[-111.0541,35.4372],[-110.9652,35.4784],[-110.8761,35.5195],[-110.787,35.5605],[-110.6978,35.6015],[-110.6085,35.6424],[-110.5191,35.6833],[-110.4296,35.724],[-110.34,35.7648],[-110.2503,35.8054],[-110.1606,35.846],[-110.0707,35.8865],[-109.9808,35.9269],[-109.8907,35.9673],[-109.8006,36.0076],[-109.7103,36.0479],[-109.62,36.088],[-109.5296,36.1281],[-109.4391,36.1682],[-109.3485,36.2081],[-109.2578,36.248],[-109.1671,36.2879],[-109.0762,36.3276],[-108.9852,36.3673],[-108.8942,36.407],[-108.803,36.4465],[-108.7118,36.486],[-108.6204,36.5254],[-108.529,36.5648],[-108.4375,36.6041],[-108.3458,36.6433],[-108.2541,36.6824],[-108.1623,36.7215],[-108.0989,36.7484],[-108.0534,36.8233],[-108.0079,36.8983],[-107.9622,36.9732],[-107.9165,37.0481],[-107.8707,37.123],[-107.8247,37.1978],[-107.7787,37.2727],[-107.7326,37.3475],[-107.6864,37.4223],[-107.6401,37.4971],[-107.5937,37.5719],[-107.5473,37.6466],[-107.5007,37.7214],[-107.454,37.7961],[-107.4073,37.8708],[-107.3604,37.9455],[-107.3135,38.0201],[-107.2664,38.0948],[-107.2193,38.1694],[-107.1721,38.244],[-107.1247,38.3186],[-107.0773,38.3932],[-107.0397,38.4521],[-106.9516,38.4989],[-106.8634,38.5456],[-106.775,38.5922],[-106.6866,38.6387],[-106.598,38.6852],[-106.5093,38.7316],[-106.4205,38.778],[-106.3316,38.8243],[-106.2426,38.8705],[-106.1534,38.9166],[-106.0642,38.9627],[-105.9748,39.0087],[-105.8853,39.0547],[-105.7957,39.1005],[-105.706,39.1463],[-105.6161,39.1921],[-105.5262,39.2378],[-105.4361,39.2834],[-105.3459,39.3289],[-105.2556,39.3743],[-105.1651,39.4197],[-105.0746,39.4651],[-104.9839,39.5103],[-104.8931,39.5555],[-104.8022,39.6006],[-104.7112,39.6456],[-104.621,39.6901],[-104.5236,39.7266],[-104.4261,39.7629],[-104.3284,39.7992],[-104.2307,39.8354],[-104.1329,39.8715],[-104.035,39.9076],[-103.9369,39.9435],[-103.8388,39.9794],[-103.7406,40.0152],[-103.6422,40.0509],[-103.5438,40.0865],[-103.4452,40.122],[-103.3466,40.1575],[-103.2478,40.1928],[-103.149,40.2281],[-103.05,40.2633],[-102.951,40.2984],[-102.8518,40.3334],[-102.7525,40.3684],[-102.6532,40.4033],[-102.5537,40.438],[-102.4541,40.4727],[-102.3545,40.5073],[-102.2547,40.5418],[-102.1548,40.5763],[-102.0548,40.6106],[-101.9547,40.6449],[-101.8545,40.679],[-101.7542,40.7131],[-101.6538,40.7471],[-101.5534,40.781],[-101.4528,40.8149],[-101.352,40.8486],[-101.2512,40.8823],[-101.1503,40.9158],[-101.0493,40.9493],[-100.9482,40.9827],[-100.847,41.016],[-100.7471,41.0487]]}},{"type":"Feature","properties":{"ident":"J10","type":"CONV","run":2},"geometry":{"type":"LineString","coordinates":[[-93.6486,41.4376],[-93.5376,41.443],[-93.4267,41.4483],[-93.3157,41.4534],[-93.2047,41.4584],[-93.0937,41.4634],[-92.9827,41.4682],[-92.8717,41.4729],[-92.7606,41.4776],[-92.6496,41.4821],[-92.5385,41.4865],[-92.4274,41.4908],[-92.3163,41.495],[-92.2052,41.499],[-92.094,41.503],[-91.9829,41.5069],[-91.8717,41.5106],[-91.7606,41.5143],[-91.6494,41.5178],[-91.6133,41.519]]}},{"type":"Feature","properties":{"ident":"J100","type":"CONV","run":1},"geometry":{"type":"LineString","coordinates":[[-118.432,33.9332],[-118.3492,33.9803],[-118.2662,34.0274],[-118.1832,34.0744],[-118.1001,34.1214],[-118.0169,34.1683],[-117.9336,34.2152],[-117.8502,34.262],[-117.7667,34.3087],[-117.6831,34.3554],[-117.5994,34.402],[-117.5157,34.4486],[-117.4318,34.4951],[-117.3479,34.5416],[-117.2638,34.588],[-117.1797,34.6343],[-117.0954,34.6806],[-117.0111,34.7269],[-116.9267,34.773],[-116.8421,34.8191],[-116.7575,34.8652],[-116.6728,34.9112],[-116.588,34.9571],[-116.5782,34.9625],[-116.5056,35.0208],[-116.4329,35.0791],[-116.4039,35.1024],[-116.331,35.1606],[-116.258,35.2188],[-116.185,35.277],[-116.1118,35.3351],[-116.0385,35.3932],[-115.9651,35.4512],[-115.8917,35.5092],[-115.8181,35.5671],[-115.7444,35.625],[-115.6798,35.6757],[-115.6059,35.7335],[-115.5319,35.7913],[-115.4577,35.849],[-115.3835,35.9067],[-115.3092,35.9643],[-115.2347,36.0219],[-115.1602,36.0794],[-115.1598,36.0797],[-115.0861,36.138],[-115.0123,36.1963],[-114.9384,36.2545],[-114.8644,36.3127],[-114.8048,36.3594],[-114.7299,36.417],[-114.6549,36.4745],[-114.5799,36.532],[-114.5047,36.5894],[-114.4294,36.6467],[-114.354,36.7041],[-114.2811,36.7593],[-114.192,36.8024],[-114.1029,36.8454],[-114.0136,36.8884],[-113.9243,36.9313],[-113.8348,36.9741],[-113.7453,37.0168],[-113.6556,37.0595],[-113.5659,37.1021],[-113.476,37.1447],[-113.386,37.1872],[-113.296,37.2296],[-113.2058,37.2719],[-113.1156,37.3142],[-113.0252,37.3564],[-112.9347,37.3986],[-112.8442,37.4406],[-112.7535,37.4826],[-112.6627,37.5246],[-112.5718,37.5664],[-112.4809,37.6082],[-112.3898,37.65],[-112.3039,37.6892],[-112.219,37.7385],[-112.1339,37.7877],[-112.0487,37.8368],[-111.9634,37.8859],[-111.878,37.9349],[-111.7924,37.9838],[-111.7068,38.0327],[-111.6211,38.0816],[-111.5352,38.1303],[-111.4492,38.179],[-111.3631,38.2277],[-111.2769,38.2763],[-111.1905,38.3248],[-111.1041,38.3732],[-111.0175,38.4216],[-110.9309,38.4699],[-110.8441,38.5182],[-110.7572,38.5664],[-110.6701,38.6145],[-110.583,38.6626],[-110.4957,38.7106],[-110.4083,38.7585],[-110.3208,38.8064],[-110.2713,38.8335],[-110.1836,38.8812],[-110.0958,38.9289],[-110.0079,38.9766],[-109.9198,39.0241],[-109.8316,39.0716],[-109.7434,39.1191],[-109.655,39.1664],[-109.5665,39.2137],[-109.4778,39.261],[-109.3891,39.3081],[-109.3002,39.3552],[-109.2112,39.4023],[-109.1221,39.4492],[-109.0328,39.4961],[-108.9435,39.5429],[-108.854,39.5897],[-108.7644,39.6364],[-108.6747,39.683],[-108.5849,39.7296],[-108.4949,39.776],[-108.4048,39.8224],[-108.3146,39.8688],[-108.2243,39.9151],[-108.1338,39.9613],[-108.0433,40.0074],[-107.9526,40.0534],[-107.925,40.0674],[-107.8208,40.0917],[-107.7165,40.1158],[-107.6122,40.1399],[-107.5077,40.1639],[-107.4032,40.1877],[-107.2987,40.2115],[-107.194,40.2352],[-107.0893,40.2588],[-106.9845,40.2823],[-106.8797,40.3057],[-106.7748,40.329],[-106.6698,40.3522],[-106.5647,40.3753],[-106.4595,40.3983],[-106.3543,40.4212],[-106.249,40.4441],[-106.1437,40.4668],[-106.0382,40.4894],[-105.9327,40.512],[-105.8948,40.52],[-105.7892,40.5424],[-105.6835,40.5647],[-105.5777,40.5869],[-105.4719,40.609],[-105.366,40.631],[-105.2601,40.6529],[-105.154,40.6746],[-105.0479,40.6963],[-104.9418,40.718],[-104.8355,40.7395],[-104.7292,40.7609],[-104.6229,40.7822],[-104.5164,40.8034],[-104.4099,40.8245],[-104.3033,40.8455],[-104.1967,40.8664],[-104.09,40.8873],[-103.9832,40.908],[-103.8763,40.9286],[-103.7694,40.9491],[-103.6625,40.9696],[-103.5554,40.9899],[-103.4483,41.0101],[-103.3411,41.0302],[-103.2339,41.0503],[-103.1266,41.0702],[-103.0192,41.09],[-102.983,41.0967]]}},{"type":"Feature","properties":{"ident":"J100","type":"CONV","run":2},"geometry":{"type":"LineString","coordinates":[[-90.7091,42.4015],[-90.5965,42.3955],[-90.484,42.3895],[-90.3715,42.3833],[-90.259,42.3771],[-90.1465,42.3707],[-90.0341,42.3642],[-89.9217,42.3576],[-89.8093,42.3509],[-89.6969,42.3441],[-89.5846,42.3372],[-89.4722,42.3301],[-89.3599,42.323],[-89.3122,42.3199],[-89.2,42.3124],[-89.0878,42.3048],[-88.9756,42.2971],[-88.8635,42.2892],[-88.7513,42.2813],[-88.6392,42.2732],[-88.5272,42.2651],[-88.4151,42.2568],[-88.3031,42.2484],[-88.1911,42.2399],[-88.0792,42.2313],[-87.9673,42.2226],[-87.9517,42.2214]]}},{"type":"Feature","properties":{"ident":"J101","type":"CONV","run":1},"geometry":{"type":"LineString","coordinates":[[-95.3457,29.9569],[-95.3065,30.033],[-95.2673,30.1091],[-95.228,30.1852],[-95.1886,30.2613],[-95.1491,30.3373],[-95.1096,30.4134],[-95.0701,30.4894],[-95.0304,30.5654],[-94.9908,30.6414],[-94.951,30.7174],[-94.9112,30.7934],[-94.8713,30.8694],[-94.8314,30.9453],[-94.7914,31.0213],[-94.7513,31.0972],[-94.7168,31.1624],[-94.6674,31.2342],[-94.6575,31.2486],[-94.6079,31.3203],[-94.5582,31.3921],[-94.5085,31.4638],[-94.4587,31.5355],[-94.4088,31.6072],[-94.3589,31.6788],[-94.3089,31.7505],[-94.2588,31.8221],[-94.2165,31.8824],[-94.1662,31.954],[-94.1159,32.0256],[-94.0654,32.0971],[-94.0149,32.1686],[-93.9643,32.2401],[-93.9137,32.3116],[-93.8629,32.3831],[-93.8121,32.4545],[-93.7612,32.5259],[-93.7102,32.5973],[-93.6592,32.6687],[-93.608,32.74],[-93.5972,32.7551],[-93.546,32.8264],[-93.4947,32.8977],[-93.4433,32.969],[-93.3918,33.0403],[-93.3402,33.1115],[-93.2885,33.1827],[-93.2368,33.2539],[-93.185,33.3251],[-93.1331,33.3963],[-93.0811,33.4674],[-93.0485,33.5119],[-92.9993,33.5844],[-92.9499,33.6569],[-92.9005,33.7294],[-92.851,33.8019],[-92.8015,33.8743],[-92.7518,33.9467],[-92.7021,34.0191],[-92.6522,34.0915],[-92.6023,34.1639],[-92.5523,34.2362],[-92.5022,34.3086],[-92.452,34.3809],[-92.4018,34.4531],[-92.3514,34.5254],[-92.301,34.5976],[-92.2505,34.6699],[-92.1999,34.7421],[-92.1521,34.8101],[-92.1211,34.8895],[-92.09,34.9688],[-92.0589,35.0481],[-92.0278,35.1275],[-91.9965,35.2068],[-91.9652,35.2861],[-91.9339,35.3654],[-91.9025,35.4447],[-91.871,35.524],[-91.8394,35.6033],[-91.8078,35.6826],[-91.7762,35.7618],[-91.7444,35.8411],[-91.7127,35.9203],[-91.6808,35.9996],[-91.6489,36.0788],[-91.6267,36.1337],[-91.5947,36.213],[-91.5626,36.2922],[-91.5304,36.3714],[-91.4982,36.4506],[-91.4659,36.5297],[-91.4335,36.6089],[-91.4011,36.6881],[-91.3686,36.7672],[-91.3361,36.8464],[-91.3034,36.9255],[-91.2707,37.0047],[-91.238,37.0838],[-91.2051,37.1629],[-91.1722,37.242],[-91.1393,37.3211],[-91.1062,37.4002],[-91.0731,37.4792],[-91.0399,37.5583],[-91.0221,37.6007],[-90.9888,37.6798],[-90.9555,37.7588],[-90.922,37.8378],[-90.8885,37.9169],[-90.855,37.9959],[-90.8213,38.0749],[-90.7876,38.1539],[-90.7538,38.2329],[-90.7199,38.3118],[-90.686,38.3908],[-90.652,38.4697],[-90.6179,38.5487],[-90.5837,38.6276],[-90.5495,38.7066],[-90.5152,38.7855],[-90.4824,38.8607],[-90.4253,38.9312],[-90.3681,39.0017],[-90.3108,39.0722],[-90.2535,39.1426],[-90.1959,39.213],[-90.1383,39.2834],[-90.0806,39.3537],[-90.0227,39.424],[-89.9647,39.4943],[-89.9066,39.5646],[-89.8484,39.6348],[-89.7901,39.705],[-89.7764,39.7215],[-89.7179,39.7916],[-89.6777,39.8397]]}},{"type":"Feature","properties":{"ident":"J101","type":"CONV","run":2},"geometry":{"type":"LineString","coordinates":[[-87.9517,42.2214],[-87.9812,42.3018],[-88.0107,42.3822],[-88.0403,42.4626],[-88.07,42.543],[-88.0998,42.6234],[-88.1297,42.7038],[-88.1596,42.7842],[-88.1896,42.8646],[-88.2197,42.9449],[-88.2499,43.0253],[-88.2801,43.1056],[-88.2844,43.1169],[-88.2793,43.2001],[-88.2742,43.2834],[-88.2691,43.3666],[-88.264,43.4499],[-88.2589,43.5331],[-88.2538,43.6163],[-88.2486,43.6996],[-88.2435,43.7828],[-88.2383,43.8661],[-88.2331,43.9493],[-88.2279,44.0326],[-88.2227,44.1158],[-88.2174,44.1991],[-88.2122,44.2823],[-88.2069,44.3656],[-88.2016,44.4488],[-88.1963,44.532],[-88.1949,44.5552],[-88.0998,44.6037],[-88.0046,44.6522],[-87.9092,44.7007],[-87.8137,44.749],[-87.718,44.7973],[-87.6221,44.8454],[-87.5261,44.8935],[-87.4299,44.9416],[-87.3336,44.9895],[-87.2371,45.0373],[-87.1404,45.0851],[-87.0436,45.1328],[-86.9466,45.1804],[-86.8495,45.228],[-86.7522,45.2754],[-86.6547,45.3228],[-86.5571,45.37],[-86.4593,45.4172],[-86.3613,45.4644],[-86.2632,45.5114],[-86.1649,45.5583],[-86.0665,45.6052],[-85.9679,45.652],[-85.8691,45.6987],[-85.7701,45.7453],[-85.671,45.7918],[-85.5717,45.8382],[-85.4723,45.8846],[-85.3727,45.9308],[-85.2729,45.977],[-85.173,46.0231],[-85.0729,46.0691],[-84.9726,46.115],[-84.8722,46.1608],[-84.7715,46.2066],[-84.6708,46.2522],[-84.5698,46.2978],[-84.4687,46.3433],[-84.3674,46.3886],[-84.3149,46.4121]]}},{"type":"Feature","properties":{"ident":"J102","type":"CONV","run":1},"geometry":{"type":"LineString","coordinates":[[-111.9702,33.433],[-111.8787,33.4665],[-111.7872,33.4999],[-111.6956,33.5332],[-111.6039,33.5664],[-111.5122,33.5996],[-111.4203,33.6327],[-111.3284,33.6658],[-111.2684,33.6873],[-111.1764,33.7202],[-111.0843,33.7531],[-110.9922,33.7859],[-110.9,33.8186],[-110.8396,33.84],[-110.7472,33.8726],[-110.6548,33.9052],[-110.5623,33.9376],[-110.4698,33.97],[-110.3772,34.0024],[-110.3517,34.0112],[-110.2798,34.0695],[-110.2078,34.1277],[-110.1357,34.1859],[-110.0636,34.244],[-109.9913,34.3021],[-109.9189,34.3602],[-109.8464,34.4182],[-109.7738,34.4762],[-109.7011,34.5341],[-109.6283,34.592],[-109.5554,34.6498],[-109.4824,34.7076],[-109.4093,34.7654],[-109.3361,34.8231],[-109.2628,34.8808],[-109.1894,34.9384],[-109.1545,34.9658],[-109.1128,35.0418],[-109.071,35.1177],[-109.0291,35.1937],[-108.9871,35.2696],[-108.9451,35.3456],[-108.9029,35.4215],[-108.8726,35.476],[-108.7921,35.5275],[-108.7116,35.5789],[-108.6309,35.6303],[-108.5501,35.6816],[-108.4692,35.7329],[-108.3882,35.7841],[-108.3071,35.8353],[-108.2258,35.8864],[-108.1445,35.9374],[-108.0631,35.9884],[-107.9816,36.0394],[-107.8999,36.0902],[-107.8182,36.1411],[-107.7363,36.1919],[-107.6932,36.2185],[-107.6112,36.2692],[-107.5291,36.3199],[-107.4469,36.3705],[-107.3646,36.421],[-107.296,36.463],[-107.2135,36.5134],[-107.1309,36.5638],[-107.0482,36.6141],[-106.9653,36.6643],[-106.8824,36.7145],[-106.7993,36.7647],[-106.7161,36.8148],[-106.6329,36.8648],[-106.5495,36.9147],[-106.466,36.9646],[-106.3824,37.0145],[-106.2987,37.0643],[-106.2148,37.114],[-106.1309,37.1637],[-106.0469,37.2133],[-105.9627,37.2628],[-105.8784,37.3123],[-105.8155,37.3492],[-105.7169,37.3775],[-105.6182,37.4057],[-105.5195,37.4338],[-105.4206,37.4619],[-105.3217,37.4898],[-105.2228,37.5177],[-105.1237,37.5455],[-105.0246,37.5733],[-104.9254,37.6009],[-104.8261,37.6285],[-104.7267,37.6559],[-104.6273,37.6833],[-104.5278,37.7106],[-104.4282,37.7378],[-104.3286,37.765],[-104.2289,37.792],[-104.1291,37.819],[-104.0292,37.8459],[-103.9293,37.8727],[-103.8293,37.8994],[-103.7292,37.9261],[-103.629,37.9526],[-103.5288,37.9791],[-103.4285,38.0054],[-103.3281,38.0317],[-103.2277,38.0579],[-103.1272,38.0841],[-103.0266,38.1101],[-102.9259,38.1361],[-102.8252,38.1619],[-102.7244,38.1877],[-102.6875,38.1971],[-102.5838,38.2144],[-102.48,38.2316],[-102.3762,38.2487],[-102.2723,38.2657],[-102.1683,38.2826],[-102.0644,38.2994],[-101.9603,38.3161],[-101.8562,38.3327],[-101.8275,38.3373],[-101.7233,38.3538],[-101.6191,38.3702],[-101.5149,38.3865],[-101.4106,38.4028],[-101.3063,38.4189],[-101.2019,38.4349],[-101.0975,38.4509],[-100.993,38.4667],[-100.8885,38.4825],[-100.7839,38.4981],[-100.6793,38.5137],[-100.5747,38.5292],[-100.47,38.5446],[-100.3652,38.5599],[-100.2604,38.5751],[-100.1556,38.5902],[-100.0507,38.6052],[-99.9458,38.6201],[-99.8408,38.6349],[-99.7358,38.6497],[-99.6308,38.6643],[-99.5257,38.6789],[-99.4205,38.6933],[-99.3154,38.7077],[-99.2101,38.7219],[-99.1049,38.7361],[-98.9996,38.7502],[-98.8942,38.7641],[-98.7888,38.778],[-98.6834,38.7918],[-98.5779,38.8055],[-98.4724,38.8191],[-98.3669,38.8326],[-98.2613,38.846],[-98.1557,38.8593],[-98.05,38.8725],[-97.9443,38.8857],[-97.8385,38.8987],[-97.7328,38.9116],[-97.6269,38.9245],[-97.6213,38.9251]]}},{"type":"Feature","properties":{"ident":"J104","type":"CONV","run":1},"geometry":{"type":"LineString","coordinates":[[-118.432,33.9332],[-118.3323,33.9433],[-118.2326,33.9534],[-118.1329,33.9634],[-118.0331,33.9733],[-117.9333,33.9831],[-117.8335,33.9929],[-117.7906,33.9971],[-117.6908,34.0067],[-117.5909,34.0163],[-117.491,34.0258],[-117.3911,34.0352],[-117.39,34.0353],[-117.29,34.0441],[-117.2425,34.0482],[-117.1425,34.0576],[-117.0426,34.0668],[-116.9426,34.076],[-116.8426,34.0851],[-116.7425,34.0941],[-116.7388,34.0945],[-116.6382,34.0967],[-116.5376,34.0988],[-116.437,34.1008],[-116.3364,34.1028],[-116.2358,34.1047],[-116.1352,34.1064],[-116.0346,34.1081],[-115.9339,34.1098],[-115.8333,34.1113],[-115.7699,34.1122],[-115.6693,34.1117],[-115.5686,34.1111],[-115.468,34.1104],[-115.3673,34.1096],[-115.2667,34.1087],[-115.1661,34.1077],[-115.0654,34.1067],[-114.9648,34.1056],[-114.8642,34.1044],[-114.7636,34.1031],[-114.6821,34.102],[-114.589,34.0704],[-114.496,34.0387],[-114.403,34.0069],[-114.3101,33.9751],[-114.2173,33.9432],[-114.1245,33.9113],[-114.0319,33.8793],[-113.9392,33.8472],[-113.8467,33.815],[-113.8032,33.7998],[-113.7281,33.7446],[-113.6532,33.6893],[-113.5783,33.634],[-113.5112,33.5842],[-113.4365,33.5288],[-113.362,33.4733],[-113.3489,33.4636],[-113.2745,33.4081],[-113.2001,33.3525],[-113.1258,33.2969],[-113.0517,33.2412],[-112.9776,33.1855],[-112.9036,33.1298],[-112.8297,33.074],[-112.7559,33.0182],[-112.6822,32.9623],[-112.6743,32.9563],[-112.588,32.915],[-112.5018,32.8737],[-112.4157,32.8323],[-112.3297,32.7909],[-112.2438,32.7494],[-112.1579,32.7078],[-112.0721,32.6662],[-111.9864,32.6245],[-111.9008,32.5828],[-111.8153,32.541],[-111.7298,32.4992],[-111.6444,32.4572],[-111.5591,32.4153],[-111.4948,32.3836],[-111.4096,32.3415],[-111.3245,32.2994],[-111.2395,32.2572],[-111.1546,32.215],[-111.0698,32.1727],[-110.985,32.1303],[-110.9149,32.0952],[-110.8173,32.1061],[-110.7198,32.1169],[-110.6222,32.1277],[-110.5246,32.1383],[-110.427,32.1489],[-110.3309,32.1593],[-110.2332,32.1697],[-110.1356,32.1801],[-110.0379,32.1904],[-109.9401,32.2006],[-109.8424,32.2107],[-109.7446,32.2208],[-109.6468,32.2308],[-109.549,32.2407],[-109.4512,32.2506],[-109.3533,32.2603],[-109.2631,32.2693],[-109.1947,32.3292],[-109.1261,32.3892],[-109.0575,32.4491],[-108.9888,32.509],[-108.92,32.5688],[-108.8956,32.59],[-108.8267,32.6498],[-108.7577,32.7096],[-108.6886,32.7693],[-108.6194,32.8289],[-108.5501,32.8886],[-108.4807,32.9482],[-108.4113,33.0077],[-108.3417,33.0673],[-108.2721,33.1268],[-108.2023,33.1862],[-108.1636,33.2191],[-108.0937,33.2785],[-108.0458,33.3191],[-107.9757,33.3784],[-107.9055,33.4377],[-107.8353,33.4969],[-107.7649,33.5561],[-107.6944,33.6153],[-107.6239,33.6744],[-107.5532,33.7334],[-107.4825,33.7925],[-107.4116,33.8515],[-107.3407,33.9104],[-107.2696,33.9693],[-107.1985,34.0282],[-107.1273,34.087],[-107.0559,34.1458],[-106.9845,34.2045],[-106.9129,34.2632],[-106.8413,34.3219],[-106.8205,34.3389],[-106.748,34.397],[-106.6755,34.455],[-106.6029,34.5129],[-106.5301,34.5708],[-106.4573,34.6287],[-106.3844,34.6865],[-106.3113,34.7443],[-106.2382,34.8021],[-106.165,34.8598],[-106.0916,34.9174],[-106.0182,34.975],[-105.9446,35.0326],[-105.8709,35.0901],[-105.7972,35.1476],[-105.7233,35.205],[-105.6494,35.2624],[-105.5753,35.3198],[-105.5011,35.3771],[-105.4268,35.4343],[-105.3524,35.4915],[-105.2779,35.5487],[-105.2033,35.6058],[-105.1356,35.6576],[-105.1145,35.7391],[-105.0933,35.8206],[-105.0721,35.9022],[-105.0509,35.9837],[-105.0296,36.0653],[-105.0083,36.1468],[-104.9869,36.2283],[-104.9655,36.3098],[-104.9441,36.3913],[-104.9225,36.4729],[-104.901,36.5544],[-104.8794,36.6359],[-104.8578,36.7174],[-104.8361,36.7989],[-104.8143,36.8804],[-104.7925,36.9619],[-104.7707,37.0434],[-104.7488,37.1248],[-104.7269,37.2063],[-104.705,37.2878],[-104.6829,37.3693],[-104.6609,37.4507],[-104.6388,37.5322],[-104.6166,37.6136],[-104.5944,37.6951],[-104.5721,37.7765],[-104.5498,37.858],[-104.5275,37.9394],[-104.5051,38.0209],[-104.4826,38.1023],[-104.4601,38.1837],[-104.4375,38.2652],[-104.4295,38.2943]]}},{"type":"Feature","properties":{"ident":"J106","type":"CONV","run":1},"geometry":{"type":"LineString","coordinates":[[-79.1213,42.1886],[-79.0147,42.1621],[-78.9082,42.1355],[-78.8018,42.1087],[-78.6955,42.0819],[-78.5892,42.055],[-78.4831,42.028],[-78.377,42.0009],[-78.2711,41.9737],[-78.1652,41.9464],[-78.0594,41.919],[-77.9537,41.8914],[-77.8526,41.865],[-77.7471,41.8373],[-77.6417,41.8095],[-77.5519,41.7858],[-77.4467,41.7578],[-77.3415,41.7297],[-77.2364,41.7016],[-77.1528,41.6791],[-77.0479,41.6507],[-76.9431,41.6223],[-76.8383,41.5937],[-76.7337,41.5651],[-76.6292,41.5364],[-76.5965,41.5274],[-76.4921,41.4986],[-76.3878,41.4696],[-76.2836,41.4406],[-76.1794,41.4115],[-76.0754,41.3822],[-75.9715,41.3529],[-75.8676,41.3235],[-75.7639,41.294],[-75.6895,41.2728],[-75.5881,41.239],[-75.4869,41.2052],[-75.3858,41.1712],[-75.3314,41.1529],[-75.2304,41.1189],[-75.1296,41.0847],[-75.0899,41.0712],[-74.9892,41.0369],[-74.8886,41.0025],[-74.869,40.9958],[-74.7626,40.9737],[-74.6562,40.9515],[-74.5499,40.9293],[-74.4437,40.9069],[-74.3376,40.8844],[-74.2315,40.8618],[-74.1255,40.8391],[-74.0195,40.8164],[-73.9137,40.7935],[-73.8686,40.7837]]}},{"type":"Feature","properties":{"ident":"J107","type":"CONV","run":1},"geometry":{"type":"LineString","coordinates":[[-118.432,33.9332],[-118.3323,33.9433],[-118.2326,33.9534],[-118.1329,33.9634],[-118.0331,33.9733],[-117.9333,33.9831],[-117.8335,33.9929],[-117.7906,33.9971],[-117.6908,34.0067],[-117.5909,34.0163],[-117.491,34.0258],[-117.3911,34.0352],[-117.39,34.0353],[-117.319,34.0943],[-117.2479,34.1533],[-117.1767,34.2123],[-117.1055,34.2712],[-117.0341,34.3301],[-116.9627,34.389],[-116.9613,34.3901],[-116.8898,34.4489],[-116.8181,34.5076],[-116.7463,34.5664],[-116.6745,34.625],[-116.6025,34.6837],[-116.5304,34.7423],[-116.4629,34.797],[-116.3887,34.8539],[-116.3144,34.9107],[-116.24,34.9675],[-116.1655,35.0242],[-116.0909,35.0809],[-116.0162,35.1376],[-115.9414,35.1942],[-115.8665,35.2507],[-115.7915,35.3072],[-115.7163,35.3637],[-115.6411,35.4201],[-115.5658,35.4765],[-115.4903,35.5328],[-115.4148,35.5891],[-115.3391,35.6453],[-115.2634,35.7015],[-115.1875,35.7576],[-115.1115,35.8137],[-115.0354,35.8697],[-114.9592,35.9257],[-114.8829,35.9816],[-114.8636,35.9958],[-114.8096,36.0668],[-114.7555,36.1377],[-114.7013,36.2086],[-114.647,36.2795],[-114.5926,36.3504],[-114.5382,36.4213],[-114.5079,36.4605],[-114.4541,36.5317],[-114.4001,36.6029],[-114.346,36.6741],[-114.2919,36.7452],[-114.2811,36.7593],[-114.2264,36.8302],[-114.1716,36.9011],[-114.1167,36.9719],[-114.0617,37.0427],[-114.0066,37.1135],[-113.9513,37.1843],[-113.896,37.255],[-113.8406,37.3257],[-113.7851,37.3964],[-113.7294,37.467],[-113.6737,37.5377],[-113.6179,37.6083],[-113.5619,37.6788],[-113.5059,37.7494],[-113.4497,37.8199],[-113.3934,37.8904],[-113.3857,37.9001],[-113.3291,37.9704],[-113.2725,38.0408],[-113.2157,38.1111],[-113.1587,38.1814],[-113.1017,38.2516],[-113.0446,38.3219],[-113.0132,38.3604],[-112.9418,38.4221],[-112.8702,38.4837],[-112.7985,38.5453],[-112.7267,38.6069],[-112.6547,38.6684],[-112.5826,38.7299],[-112.5104,38.7913],[-112.4381,38.8527],[-112.3656,38.914],[-112.2931,38.9753],[-112.2203,39.0366],[-112.1475,39.0978],[-112.1041,39.1342],[-112.0311,39.1953],[-111.9579,39.2564],[-111.8846,39.3174],[-111.8112,39.3784],[-111.7377,39.4394],[-111.664,39.5003],[-111.5902,39.5611],[-111.5163,39.6219],[-111.4422,39.6827],[-111.368,39.7434],[-111.2937,39.8041],[-111.2192,39.8647],[-111.1446,39.9253],[-111.0699,39.9858],[-110.995,40.0463],[-110.92,40.1067],[-110.8449,40.1671],[-110.7697,40.2274],[-110.6943,40.2877],[-110.6187,40.3479],[-110.5431,40.4081],[-110.4673,40.4682],[-110.3914,40.5283],[-110.3153,40.5883],[-110.2391,40.6483],[-110.1627,40.7083],[-110.0863,40.7681],[-110.0096,40.828],[-109.9329,40.8878],[-109.856,40.9475],[-109.779,41.0072],[-109.7018,41.0668],[-109.6245,41.1264],[-109.547,41.1859],[-109.4694,41.2454],[-109.3917,41.3048],[-109.3138,41.3642],[-109.2358,41.4235],[-109.1576,41.4827],[-109.0793,41.5419],[-109.0153,41.5902],[-108.9268,41.6409],[-108.8382,41.6915],[-108.7494,41.742],[-108.6605,41.7924],[-108.5715,41.8428],[-108.4823,41.8932],[-108.3929,41.9434],[-108.3034,41.9936],[-108.2138,42.0437],[-108.1241,42.0937],[-108.0342,42.1437],[-107.9441,42.1936],[-107.8539,42.2434],[-107.7636,42.2932],[-107.6731,42.3429],[-107.5825,42.3925],[-107.4918,42.442],[-107.4009,42.4915],[-107.3098,42.5409],[-107.2186,42.5902],[-107.1273,42.6395],[-107.0358,42.6887],[-106.9442,42.7378],[-106.8524,42.7868],[-106.7605,42.8358],[-106.6685,42.8847],[-106.5762,42.9335],[-106.4839,42.9822],[-106.3914,43.0309],[-106.2988,43.0795],[-106.277,43.0909],[-106.1811,43.136],[-106.0849,43.181],[-105.9887,43.226],[-105.8923,43.2708],[-105.7957,43.3156],[-105.699,43.3603],[-105.6022,43.4049],[-105.5052,43.4495],[-105.4081,43.4939],[-105.3109,43.5383],[-105.2135,43.5826],[-105.1159,43.6268],[-105.0182,43.671],[-104.9204,43.715],[-104.8224,43.759],[-104.7243,43.8028],[-104.626,43.8466],[-104.5276,43.8904],[-104.4291,43.934],[-104.3304,43.9775],[-104.2315,44.021],[-104.1326,44.0644],[-104.0334,44.1076],[-103.9341,44.1508],[-103.8347,44.1939],[-103.7352,44.237],[-103.6354,44.2799],[-103.5356,44.3228],[-103.4356,44.3655],[-103.3354,44.4082],[-103.2351,44.4508],[-103.1347,44.4933],[-103.0341,44.5357],[-102.9334,44.5781],[-102.8325,44.6203],[-102.7315,44.6624],[-102.6303,44.7045],[-102.529,44.7465],[-102.4275,44.7884],[-102.3259,44.8301],[-102.2241,44.8718],[-102.1222,44.9135],[-102.0201,44.955],[-101.9179,44.9964],[-101.8156,45.0377],[-101.7151,45.0782]]}},{"type":"Feature","properties":{"ident":"J108","type":"CONV","run":1},"geometry":{"type":"LineString","coordinates":[[-110.795,35.0616],[-110.7026,35.0268],[-110.6102,34.9918],[-110.5179,34.9569],[-110.4257,34.9218],[-110.3335,34.8867],[-110.2415,34.8515],[-110.1495,34.8162],[-110.0576,34.7809],[-109.9658,34.7455],[-109.874,34.71],[-109.7824,34.6745],[-109.6908,34.6389],[-109.5993,34.6032],[-109.5078,34.5674],[-109.4165,34.5316],[-109.3252,34.4957],[-109.234,34.4598],[-109.1435,34.424],[-109.0618,34.3752],[-108.9801,34.3262],[-108.8985,34.2772],[-108.817,34.2282],[-108.7356,34.1791],[-108.6543,34.1299],[-108.573,34.0807],[-108.4919,34.0314],[-108.4109,33.9821],[-108.33,33.9327],[-108.2491,33.8833],[-108.1684,33.8338],[-108.0877,33.7843],[-108.0072,33.7347],[-107.9267,33.6851],[-107.8463,33.6354],[-107.7661,33.5857],[-107.6859,33.5359],[-107.6058,33.486],[-107.5258,33.4361],[-107.4459,33.3862],[-107.3661,33.3362],[-107.2863,33.2861],[-107.2806,33.2825],[-107.1848,33.2594],[-107.0891,33.2362],[-106.9934,33.213],[-106.8978,33.1897],[-106.8023,33.1663],[-106.7068,33.1428],[-106.6113,33.1193],[-106.5159,33.0956],[-106.4206,33.0719],[-106.3253,33.0482],[-106.23,33.0244],[-106.1348,33.0005],[-106.0397,32.9765],[-105.9446,32.9524],[-105.8495,32.9283],[-105.7545,32.9041],[-105.6596,32.8799],[-105.5887,32.8617],[-105.4995,32.8253],[-105.4103,32.7889],[-105.3212,32.7524],[-105.2322,32.7158],[-105.1433,32.6792],[-105.0544,32.6425],[-104.9656,32.6058],[-104.8769,32.5689],[-104.7882,32.5321],[-104.6996,32.4951],[-104.6111,32.4581],[-104.5227,32.4211],[-104.4343,32.3839],[-104.346,32.3468],[-104.2578,32.3095],[-104.1697,32.2722],[-104.0816,32.2348],[-103.9936,32.1974],[-103.9057,32.1599],[-103.8178,32.1224],[-103.73,32.0848],[-103.6423,32.0471],[-103.5547,32.0094],[-103.4671,31.9716],[-103.3796,31.9337],[-103.2922,31.8958],[-103.2438,31.8748]]}},{"type":"Feature","properties":{"ident":"J11","type":"CONV","run":1},"geometry":{"type":"LineString","coordinates":[[-110.9149,32.0952],[-110.9779,32.1592],[-111.041,32.2232],[-111.1042,32.2871],[-111.1674,32.351],[-111.2308,32.4149],[-111.2943,32.4787],[-111.3578,32.5426],[-111.4215,32.6063],[-111.4852,32.6701],[-111.549,32.7338],[-111.6129,32.7975],[-111.6422,32.8266],[-111.683,32.9026],[-111.7239,32.9785],[-111.7648,33.0544],[-111.8059,33.1304],[-111.847,33.2063],[-111.8881,33.2821],[-111.8975,33.2993],[-111.9387,33.3752],[-111.9702,33.433],[-112.0015,33.5121],[-112.0329,33.5913],[-112.0644,33.6704],[-112.0959,33.7495],[-112.1274,33.8286],[-112.1591,33.9077],[-112.1907,33.9867],[-112.2225,34.0658],[-112.2543,34.1449],[-112.2861,34.2239],[-112.318,34.303],[-112.35,34.382],[-112.382,34.461],[-112.4141,34.5401],[-112.4463,34.6191],[-112.4785,34.6981],[-112.4804,34.7026],[-112.4756,34.7858],[-112.4709,34.869],[-112.4666,34.9444],[-112.4618,35.0276],[-112.457,35.1108],[-112.4522,35.1941],[-112.4474,35.2773],[-112.4426,35.3606],[-112.4399,35.407],[-112.4351,35.4902],[-112.4302,35.5734],[-112.4254,35.6567],[-112.4205,35.7399],[-112.4157,35.8231],[-112.4108,35.9064],[-112.4059,35.9896],[-112.401,36.0728],[-112.4004,36.084],[-112.3955,36.1672],[-112.3906,36.2504],[-112.3857,36.3337],[-112.3807,36.4169],[-112.3758,36.5001],[-112.3758,36.5007],[-112.3708,36.584],[-112.3658,36.6672],[-112.3608,36.7504],[-112.3558,36.8337],[-112.3512,36.9094],[-112.3462,36.9926],[-112.3412,37.0759],[-112.3362,37.1591],[-112.3312,37.2423],[-112.3261,37.3256],[-112.321,37.4088],[-112.316,37.492],[-112.3109,37.5753],[-112.3058,37.6585],[-112.3039,37.6892],[-112.2927,37.772],[-112.2814,37.8549],[-112.2701,37.9378],[-112.2588,38.0206],[-112.2475,38.1035],[-112.2361,38.1863],[-112.2247,38.2692],[-112.2133,38.352],[-112.2018,38.4348],[-112.1904,38.5177],[-112.1789,38.6005],[-112.1673,38.6834],[-112.1558,38.7662],[-112.1442,38.8491],[-112.1326,38.9319],[-112.121,39.0147],[-112.1093,39.0976],[-112.1041,39.1342],[-112.0924,39.217],[-112.0807,39.2999],[-112.069,39.3827],[-112.0572,39.4655],[-112.0454,39.5483],[-112.0335,39.6312],[-112.0217,39.714],[-112.0098,39.7968],[-111.9979,39.8797],[-111.9887,39.9434],[-111.9767,40.0262],[-111.9647,40.109],[-111.9526,40.1918],[-111.9406,40.2747],[-111.9405,40.2749],[-111.9465,40.3581],[-111.9524,40.4413],[-111.9584,40.5245],[-111.9644,40.6077],[-111.9704,40.6909],[-111.9764,40.7741],[-111.9819,40.8503]]}},{"type":"Feature","properties":{"ident":"J110","type":"CONV","run":1},"geometry":{"type":"LineString","coordinates":[[-114.8636,35.9958],[-114.7621,36.01],[-114.6606,36.0242],[-114.559,36.0383],[-114.4574,36.0522],[-114.3558,36.0661],[-114.2541,36.0799],[-114.1524,36.0937],[-114.0507,36.1073],[-113.9489,36.1209],[-113.8471,36.1343],[-113.7452,36.1477],[-113.6433,36.161],[-113.5414,36.1742],[-113.4395,36.1873],[-113.3375,36.2004],[-113.2355,36.2133],[-113.1334,36.2262],[-113.0313,36.239],[-112.9292,36.2516],[-112.8271,36.2642],[-112.7249,36.2768],[-112.6227,36.2892],[-112.5204,36.3015],[-112.4181,36.3138],[-112.3158,36.3259],[-112.2135,36.338],[-112.1111,36.35],[-112.0087,36.3619],[-111.9062,36.3737],[-111.8038,36.3855],[-111.7013,36.3971],[-111.5987,36.4087],[-111.4962,36.4201],[-111.3936,36.4315],[-111.2909,36.4428],[-111.1883,36.454],[-111.0856,36.4651],[-110.9829,36.4761],[-110.8802,36.4871],[-110.7774,36.4979],[-110.6746,36.5087],[-110.5867,36.5178],[-110.4838,36.5284],[-110.3809,36.5389],[-110.278,36.5493],[-110.1751,36.5597],[-110.0721,36.5699],[-109.9691,36.58],[-109.8661,36.5901],[-109.7631,36.6001],[-109.66,36.6099],[-109.5569,36.6197],[-109.4538,36.6294],[-109.3506,36.639],[-109.2474,36.6486],[-109.1442,36.658],[-109.041,36.6673],[-108.9378,36.6766],[-108.8345,36.6858],[-108.7312,36.6948],[-108.6279,36.7038],[-108.5245,36.7127],[-108.4211,36.7215],[-108.3177,36.7302],[-108.2143,36.7389],[-108.1109,36.7474],[-108.0989,36.7484],[-108.0005,36.7754],[-107.902,36.8023],[-107.8035,36.8291],[-107.7049,36.8559],[-107.6062,36.8826],[-107.5074,36.9091],[-107.4086,36.9356],[-107.3097,36.9621],[-107.2108,36.9884],[-107.1117,37.0147],[-107.0126,37.0408],[-106.9135,37.0669],[-106.8142,37.093],[-106.7149,37.1189],[-106.6156,37.1447],[-106.5161,37.1705],[-106.4166,37.1962],[-106.3171,37.2218],[-106.2174,37.2473],[-106.1177,37.2727],[-106.018,37.2981],[-105.9181,37.3233],[-105.8182,37.3485],[-105.8155,37.3492],[-105.7122,37.363],[-105.6088,37.3768],[-105.5053,37.3904],[-105.4018,37.404],[-105.2983,37.4175],[-105.1947,37.4309],[-105.0911,37.4442],[-104.9875,37.4574],[-104.8838,37.4705],[-104.7801,37.4836],[-104.6763,37.4965],[-104.5726,37.5093],[-104.4687,37.5221],[-104.3649,37.5348],[-104.261,37.5474],[-104.1571,37.5598],[-104.0531,37.5722],[-103.9491,37.5845],[-103.8451,37.5968],[-103.741,37.6089],[-103.6369,37.6209],[-103.5328,37.6329],[-103.4287,37.6447],[-103.3245,37.6565],[-103.2202,37.6681],[-103.116,37.6797],[-103.0117,37.6912],[-102.9074,37.7026],[-102.803,37.7139],[-102.6986,37.7251],[-102.5942,37.7362],[-102.4897,37.7472],[-102.3853,37.7581],[-102.2807,37.769],[-102.1762,37.7797],[-102.0716,37.7904],[-101.967,37.8009],[-101.8624,37.8114],[-101.7577,37.8218],[-101.653,37.832],[-101.5483,37.8422],[-101.4436,37.8523],[-101.3388,37.8623],[-101.234,37.8722],[-101.1291,37.8821],[-101.0243,37.8918],[-100.9194,37.9014],[-100.8145,37.911],[-100.725,37.919],[-100.62,37.9277],[-100.5149,37.9364],[-100.4098,37.9449],[-100.3046,37.9534],[-100.1995,37.9617],[-100.0943,37.97],[-99.9891,37.9781],[-99.8839,37.9862],[-99.7786,37.9942],[-99.6734,38.0021],[-99.5681,38.0098],[-99.4628,38.0175],[-99.3574,38.0251],[-99.2521,38.0326],[-99.1467,38.0401],[-99.0413,38.0474],[-98.9359,38.0546],[-98.8304,38.0617],[-98.725,38.0688],[-98.6195,38.0757],[-98.514,38.0826],[-98.4084,38.0893],[-98.4015,38.0898],[-98.2959,38.0964],[-98.1904,38.1029],[-98.0848,38.1094],[-97.9792,38.1157],[-97.8736,38.122],[-97.7679,38.1282],[-97.6623,38.1342],[-97.5566,38.1402],[-97.4509,38.1461],[-97.3753,38.1502],[-97.2696,38.1559],[-97.1638,38.1616],[-97.0581,38.1671],[-96.9523,38.1725],[-96.8465,38.1779],[-96.8052,38.18],[-96.6994,38.1852],[-96.5935,38.1903],[-96.4877,38.1953],[-96.3819,38.2002],[-96.276,38.205],[-96.1701,38.2098],[-96.0642,38.2144],[-95.9583,38.2189],[-95.8524,38.2234],[-95.7465,38.2277],[-95.6405,38.232],[-95.5346,38.2361],[-95.4286,38.2402],[-95.3226,38.2442],[-95.2167,38.2481],[-95.1107,38.2518],[-95.0046,38.2555],[-94.8986,38.2591],[-94.7926,38.2626],[-94.6865,38.266],[-94.5805,38.2693],[-94.4883,38.2721],[-94.3844,38.2892],[-94.2804,38.3062],[-94.1765,38.3232],[-94.0724,38.34],[-94.0422,38.3449],[-93.9381,38.3616],[-93.834,38.3783],[-93.7298,38.3948],[-93.6255,38.4113],[-93.5212,38.4276],[-93.4169,38.4439],[-93.3125,38.4601],[-93.2081,38.4762],[-93.1036,38.4921],[-92.9991,38.508],[-92.8945,38.5238],[-92.7899,38.5396],[-92.6852,38.5552],[-92.5805,38.5707],[-92.4758,38.5861],[-92.371,38.6015],[-92.2662,38.6167],[-92.1613,38.6319],[-92.1309,38.6362],[-92.026,38.6514],[-91.9211,38.6665],[-91.8161,38.6815],[-91.7426,38.6919],[-91.6375,38.7065],[-91.5323,38.7211],[-91.4271,38.7355],[-91.3219,38.7499],[-91.2166,38.7641],[-91.1113,38.7783],[-91.0059,38.7923],[-90.9005,38.8063],[-90.795,38.8202],[-90.6895,38.834],[-90.584,38.8476],[-90.4824,38.8607],[-90.3805,38.8864],[-90.2786,38.912],[-90.1767,38.9375],[-90.0746,38.963],[-89.9725,38.9883],[-89.8703,39.0135],[-89.7681,39.0387],[-89.6657,39.0638],[-89.5633,39.0888],[-89.4609,39.1136],[-89.3583,39.1384],[-89.2557,39.1631],[-89.153,39.1878],[-89.0502,39.2123],[-88.9474,39.2367],[-88.8445,39.2611],[-88.7719,39.2782],[-88.6689,39.3024],[-88.5658,39.3265],[-88.4626,39.3505],[-88.3593,39.3744],[-88.256,39.3982],[-88.1526,39.4219],[-88.0492,39.4456],[-87.9457,39.4691],[-87.8421,39.4926],[-87.8288,39.4956],[-87.7251,39.5189],[-87.6213,39.5422],[-87.5175,39.5653],[-87.4136,39.5884],[-87.3097,39.6114],[-87.2057,39.6343],[-87.1016,39.6571],[-86.9974,39.6798],[-86.8932,39.7024],[-86.7889,39.7249],[-86.6845,39.7473],[-86.5801,39.7696],[-86.4756,39.7919],[-86.371,39.814],[-86.3675,39.8147],[-86.2593,39.8212],[-86.1512,39.8276],[-86.043,39.8339],[-85.9347,39.8401],[-85.8265,39.8462],[-85.7182,39.8522],[-85.61,39.8581],[-85.5017,39.8639],[-85.3934,39.8696],[-85.285,39.8752],[-85.1767,39.8806],[-85.0683,39.886],[-84.9599,39.8913],[-84.8515,39.8965],[-84.7431,39.9016],[-84.6347,39.9066],[-84.6305,39.9068],[-84.5221,39.9116],[-84.4136,39.9164],[-84.3087,39.9209],[-84.2002,39.9255],[-84.0917,39.93],[-83.9832,39.9343],[-83.8747,39.9386],[-83.7661,39.9428],[-83.6576,39.9468],[-83.549,39.9508],[-83.4404,39.9547],[-83.3318,39.9584],[-83.2232,39.9621],[-83.1869,39.9633],[-83.0783,39.9653],[-83.0324,39.9661],[-82.9237,39.9696],[-82.8151,39.973],[-82.7064,39.9763],[-82.5978,39.9794],[-82.4891,39.9825],[-82.3804,39.9855],[-82.2717,39.9884],[-82.163,39.9911],[-82.0543,39.9938],[-81.9456,39.9964],[-81.8368,39.9989],[-81.7281,40.0012],[-81.6194,40.0035],[-81.5329,40.0052],[-81.4241,40.0074],[-81.3154,40.0096],[-81.2309,40.0111],[-81.1222,40.0128],[-81.0134,40.0144],[-80.9046,40.0159],[-80.8172,40.017],[-80.7084,40.0166],[-80.5996,40.016],[-80.4908,40.0154],[-80.382,40.0146],[-80.2732,40.0138],[-80.1644,40.0128],[-80.0556,40.0117],[-79.9469,40.0106],[-79.8381,40.0093],[-79.7293,40.0079],[-79.6205,40.0065],[-79.5118,40.0049],[-79.4149,40.0034],[-79.3061,40.0016],[-79.1974,39.9998],[-79.0886,39.9978],[-78.9799,39.9957],[-78.8712,39.9935],[-78.7624,39.9913],[-78.6537,39.9889],[-78.545,39.9864],[-78.4363,39.9838],[-78.3276,39.9811],[-78.2189,39.9783],[-78.1102,39.9755],[-78.0016,39.9725],[-77.9559,39.9712],[-77.8678,39.9685],[-77.7592,39.9653],[-77.6505,39.962],[-77.5419,39.9587],[-77.4499,39.9557],[-77.3413,39.9521],[-77.2984,39.9507],[-77.1898,39.9469],[-77.1047,39.9439],[-76.9962,39.9399],[-76.8876,39.9359],[-76.7791,39.9317],[-76.7043,39.9288],[-76.5957,39.9245],[-76.4872,39.9201],[-76.3787,39.9156],[-76.2703,39.911],[-76.1825,39.9072],[-76.0741,39.9024],[-75.9657,39.8975],[-75.8572,39.8925],[-75.7488,39.8874],[-75.6405,39.8822],[-75.5321,39.8769],[-75.4237,39.8715],[-75.3154,39.866],[-75.2071,39.8604],[-75.0988,39.8547],[-74.9905,39.8489],[-74.8822,39.843],[-74.774,39.837],[-74.6658,39.8309],[-74.5576,39.8247],[-74.4494,39.8184],[-74.4316,39.8173]]}},{"type":"Feature","properties":{"ident":"J112","type":"CONV","run":1},"geometry":{"type":"LineString","coordinates":[[-94.4883,38.2721],[-94.3834,38.2593],[-94.2786,38.2464],[-94.1738,38.2334],[-94.069,38.2203],[-93.9643,38.2072],[-93.9403,38.2041],[-93.8356,38.1908],[-93.7309,38.1775],[-93.6263,38.164],[-93.5218,38.1504],[-93.4172,38.1368],[-93.3128,38.123],[-93.2083,38.1092],[-93.1039,38.0953],[-92.9996,38.0812],[-92.8952,38.0671],[-92.7909,38.0529],[-92.6977,38.0401],[-92.5935,38.0257],[-92.4894,38.0112],[-92.3852,37.9966],[-92.2812,37.982],[-92.1995,37.9704],[-92.0955,37.9555],[-91.9915,37.9406],[-91.8876,37.9256],[-91.7837,37.9105],[-91.6799,37.8953],[-91.5761,37.88],[-91.4724,37.8646],[-91.3687,37.8491],[-91.265,37.8336],[-91.1614,37.8179],[-91.0578,37.8022],[-90.9543,37.7863],[-90.8508,37.7704],[-90.7473,37.7544],[-90.6439,37.7383],[-90.5406,37.7221],[-90.4373,37.7058],[-90.334,37.6894],[-90.2341,37.6735],[-90.1298,37.6852],[-90.0255,37.6968],[-89.9212,37.7083],[-89.8169,37.7197],[-89.7125,37.731],[-89.6081,37.7423],[-89.5037,37.7534],[-89.3992,37.7645],[-89.2947,37.7754],[-89.1902,37.7863],[-89.0856,37.7971],[-88.981,37.8078],[-88.9632,37.8096],[-88.8586,37.8204],[-88.754,37.8312],[-88.6493,37.8418],[-88.5447,37.8524],[-88.44,37.8629],[-88.3352,37.8733],[-88.2305,37.8835],[-88.1257,37.8937],[-88.0208,37.9038],[-87.916,37.9138],[-87.8111,37.9238],[-87.7624,37.9283],[-87.6574,37.9377],[-87.5524,37.947],[-87.4474,37.9561],[-87.3423,37.9652],[-87.2372,37.9742],[-87.1321,37.9831],[-87.027,37.9919],[-86.9218,38.0006],[-86.8166,38.0092],[-86.7114,38.0177],[-86.6062,38.0262],[-86.5009,38.0345],[-86.3956,38.0427],[-86.2903,38.0509],[-86.185,38.0589],[-86.0796,38.0669],[-85.9742,38.0747],[-85.8688,38.0825],[-85.7634,38.0902],[-85.658,38.0977],[-85.5774,38.1035]]}},{"type":"Feature","properties":{"ident":"J114","type":"CONV","run":1},"geometry":{"type":"LineString","coordinates":[[-104.6243,39.8947],[-104.5467,39.953],[-104.469,40.0113],[-104.3912,40.0695],[-104.3132,40.1277],[-104.235,40.1858],[-104.1568,40.2439],[-104.0784,40.3019],[-104.003,40.3576],[-103.9243,40.4155],[-103.8455,40.4733],[-103.7666,40.5312],[-103.6875,40.5889],[-103.6083,40.6466],[-103.5289,40.7042],[-103.4495,40.7618],[-103.3698,40.8194],[-103.2901,40.8768],[-103.2102,40.9343],[-103.1301,40.9916],[-103.05,41.0489],[-102.983,41.0967],[-102.8762,41.1183],[-102.7693,41.1398],[-102.6623,41.1612],[-102.5553,41.1825],[-102.4482,41.2037],[-102.3429,41.2244],[-102.2357,41.2454],[-102.1284,41.2663],[-102.021,41.2871],[-101.9136,41.3078],[-101.8061,41.3284],[-101.6985,41.3489],[-101.5909,41.3693],[-101.4832,41.3896],[-101.3754,41.4098],[-101.2675,41.4299],[-101.1596,41.4499],[-101.0517,41.4698],[-100.9436,41.4896],[-100.8355,41.5093],[-100.7347,41.5275],[-100.6408,41.5722],[-100.5467,41.6168],[-100.4524,41.6614],[-100.358,41.7058],[-100.2636,41.7502],[-100.1689,41.7945],[-100.0742,41.8388],[-99.9793,41.8829],[-99.8843,41.927],[-99.7891,41.971],[-99.6938,42.0149],[-99.5984,42.0588],[-99.5029,42.1025],[-99.4072,42.1462],[-99.3114,42.1898],[-99.2154,42.2333],[-99.211,42.2354],[-99.1149,42.2788],[-99.0187,42.3221],[-98.9223,42.3654],[-98.8258,42.4086],[-98.7292,42.4517],[-98.6869,42.4705],[-98.6015,42.525],[-98.5159,42.5795],[-98.4301,42.6339],[-98.3442,42.6882],[-98.2581,42.7425],[-98.1719,42.7967],[-98.0856,42.8509],[-97.999,42.905],[-97.9124,42.959],[-97.8256,43.0129],[-97.7386,43.0668],[-97.6515,43.1206],[-97.5642,43.1744],[-97.4768,43.2281],[-97.3892,43.2817],[-97.3014,43.3352],[-97.2136,43.3887],[-97.1255,43.4421],[-97.0373,43.4955],[-96.9489,43.5488],[-96.8604,43.602],[-96.7811,43.6495],[-96.6842,43.6945],[-96.5871,43.7395],[-96.4899,43.7844],[-96.3926,43.8292],[-96.295,43.8739],[-96.1974,43.9185],[-96.0996,43.9631],[-96.0016,44.0075],[-95.9035,44.0519],[-95.8053,44.0962],[-95.7069,44.1404],[-95.6084,44.1845],[-95.5097,44.2286],[-95.4108,44.2725],[-95.3119,44.3164],[-95.2127,44.3602],[-95.1135,44.4039],[-95.014,44.4475],[-94.9145,44.491],[-94.8147,44.5345],[-94.7149,44.5778],[-94.6148,44.6211],[-94.5147,44.6643],[-94.4144,44.7074],[-94.3139,44.7504],[-94.2133,44.7933],[-94.1125,44.8361],[-94.0116,44.8788],[-93.9105,44.9215],[-93.8093,44.9641],[-93.7079,45.0065],[-93.6064,45.0489],[-93.5048,45.0912],[-93.4029,45.1334],[-93.3732,45.1457]]}},{"type":"Feature","properties":{"ident":"J116","type":"CONV","run":1},"geometry":{"type":"LineString","coordinates":[[-111.9819,40.8503],[-111.9759,40.7671],[-111.9699,40.6839],[-111.9639,40.6006],[-111.9579,40.5174],[-111.9519,40.4342],[-111.946,40.351],[-111.9405,40.2749],[-111.8314,40.2711],[-111.7223,40.2672],[-111.6133,40.2632],[-111.5042,40.2591],[-111.3951,40.2549],[-111.2861,40.2506],[-111.1771,40.2462],[-111.0681,40.2417],[-110.9591,40.2371],[-110.8501,40.2324],[-110.7411,40.2276],[-110.6322,40.2227],[-110.5232,40.2177],[-110.4143,40.2125],[-110.3054,40.2073],[-110.1965,40.202],[-110.0877,40.1966],[-109.9788,40.191],[-109.87,40.1854],[-109.7612,40.1797],[-109.6524,40.1739],[-109.5436,40.1679],[-109.4348,40.1619],[-109.3261,40.1557],[-109.2174,40.1495],[-109.1087,40.1432],[-109.0,40.1367],[-108.8914,40.1302],[-108.7827,40.1235],[-108.6741,40.1168],[-108.5655,40.1099],[-108.457,40.103],[-108.3484,40.0959],[-108.2399,40.0888],[-108.1314,40.0815],[-108.0229,40.0742],[-107.925,40.0674],[-107.817,40.0567],[-107.7091,40.0458],[-107.6012,40.0348],[-107.4933,40.0237],[-107.3855,40.0125],[-107.2777,40.0012],[-107.17,39.9898],[-107.0622,39.9784],[-106.9546,39.9668],[-106.8469,39.9551],[-106.7393,39.9433],[-106.6317,39.9314],[-106.5242,39.9194],[-106.4167,39.9074],[-106.3093,39.8952],[-106.2018,39.8829],[-106.0945,39.8705],[-105.9871,39.858],[-105.8798,39.8455],[-105.7726,39.8328],[-105.6653,39.82],[-105.5582,39.8071],[-105.451,39.7942],[-105.3439,39.7811],[-105.2369,39.7679],[-105.1298,39.7546],[-105.0229,39.7413],[-104.9159,39.7278],[-104.809,39.7143],[-104.7022,39.7006],[-104.621,39.6901]]}},{"type":"Feature","properties":{"ident":"J12","type":"CONV","run":1},"geometry":{"type":"LineString","coordinates":[[-122.3096,47.4354],[-122.1864,47.4344],[-122.0633,47.4333],[-121.9401,47.4321],[-121.8169,47.4307],[-121.7212,47.4296],[-121.5981,47.428],[-121.4749,47.4262],[-121.3518,47.4244],[-121.2287,47.4224],[-121.1056,47.4202],[-120.9824,47.418],[-120.8593,47.4156],[-120.7363,47.4131],[-120.6132,47.4104],[-120.4901,47.4076],[-120.4182,47.4059],[-120.2952,47.4029],[-120.1721,47.3998],[-120.0491,47.3965],[-119.9261,47.3932],[-119.8032,47.3896],[-119.6802,47.386],[-119.5573,47.3822],[-119.4343,47.3783],[-119.424,47.3779],[-119.3423,47.3157],[-119.2607,47.2534],[-119.1793,47.191],[-119.0981,47.1286],[-119.0171,47.0661],[-118.9363,47.0036],[-118.8557,46.941],[-118.7752,46.8783],[-118.695,46.8156],[-118.6149,46.7529],[-118.5351,46.6901],[-118.4554,46.6272],[-118.3759,46.5643],[-118.2966,46.5013],[-118.2174,46.4383],[-118.1385,46.3752],[-118.0597,46.312],[-117.9811,46.2488],[-117.9027,46.1856],[-117.8245,46.1223],[-117.7464,46.0589],[-117.6686,45.9955],[-117.5909,45.932],[-117.5134,45.8685],[-117.436,45.805],[-117.3589,45.7413],[-117.2819,45.6777],[-117.2051,45.6139],[-117.1285,45.5502],[-117.052,45.4863],[-116.9757,45.4225],[-116.8996,45.3585],[-116.8237,45.2945],[-116.7479,45.2305],[-116.6723,45.1664],[-116.5969,45.1023],[-116.5216,45.0381],[-116.4465,44.9739],[-116.3716,44.9096],[-116.2968,44.8453],[-116.2223,44.7809],[-116.2063,44.7671],[-116.1492,44.6943],[-116.0924,44.6215],[-116.0356,44.5486],[-115.979,44.4757],[-115.9225,44.4028],[-115.8662,44.3298],[-115.81,44.2568],[-115.754,44.1838],[-115.6981,44.1108],[-115.6423,44.0377],[-115.5867,43.9646],[-115.5312,43.8915],[-115.4758,43.8183],[-115.4206,43.7452],[-115.3655,43.672],[-115.3106,43.5987],[-115.2558,43.5255],[-115.2011,43.4522],[-115.1465,43.3789],[-115.0921,43.3056],[-115.0378,43.2322],[-114.9836,43.1588],[-114.9296,43.0854],[-114.8757,43.012],[-114.8219,42.9385],[-114.7683,42.8651],[-114.7148,42.7915],[-114.6614,42.718],[-114.6081,42.6445],[-114.555,42.5709],[-114.502,42.4973],[-114.4895,42.4799],[-114.4032,42.4261],[-114.3171,42.3722],[-114.2312,42.3183],[-114.1454,42.2643],[-114.0597,42.2102],[-113.9742,42.1561],[-113.8888,42.1019],[-113.8036,42.0477],[-113.7185,41.9934],[-113.6336,41.939],[-113.5488,41.8846],[-113.4642,41.8301],[-113.3797,41.7755],[-113.2953,41.7209],[-113.2111,41.6662],[-113.1271,41.6115],[-113.0431,41.5567],[-112.9593,41.5018],[-112.8757,41.4469],[-112.7922,41.3919],[-112.7089,41.3368],[-112.6256,41.2817],[-112.5426,41.2266],[-112.4596,41.1714],[-112.3768,41.1161],[-112.2942,41.0607],[-112.2117,41.0053],[-112.1293,40.9499],[-112.047,40.8943],[-111.9819,40.8503],[-111.9759,40.7671],[-111.9699,40.6839],[-111.9639,40.6006],[-111.9579,40.5174],[-111.9519,40.4342],[-111.946,40.351],[-111.9405,40.2749],[-111.8421,40.2388],[-111.7438,40.2027],[-111.6456,40.1664],[-111.5475,40.1301],[-111.4495,40.0937],[-111.3515,40.0572],[-111.2537,40.0206],[-111.1561,39.984],[-111.0585,39.9472],[-110.961,39.9104],[-110.8636,39.8735],[-110.7663,39.8365],[-110.6692,39.7995],[-110.5721,39.7623],[-110.5481,39.7531],[-110.4512,39.7159],[-110.3544,39.6786],[-110.2577,39.6411],[-110.1611,39.6036],[-110.0753,39.5703],[-109.9789,39.5326],[-109.8826,39.4949],[-109.7864,39.4571],[-109.7631,39.4479],[-109.667,39.41],[-109.571,39.372],[-109.4751,39.334],[-109.3794,39.2958],[-109.2837,39.2576],[-109.1882,39.2193],[-109.0927,39.181],[-108.9973,39.1425],[-108.9021,39.104],[-108.807,39.0654],[-108.7926,39.0596]]}},{"type":"Feature","properties":{"ident":"J126","type":"CONV","run":1},"geometry":{"type":"LineString","coordinates":[[-118.432,33.9332],[-118.5208,33.9721],[-118.6097,34.011],[-118.6987,34.0498],[-118.7878,34.0885],[-118.8769,34.1272],[-118.9662,34.1658],[-119.0555,34.2043],[-119.1449,34.2428],[-119.2343,34.2812],[-119.3239,34.3196],[-119.4135,34.3579],[-119.5033,34.3961],[-119.5931,34.4342],[-119.6829,34.4723],[-119.771,34.5095],[-119.8278,34.5785],[-119.8847,34.6474],[-119.9417,34.7163],[-119.9988,34.7852],[-120.0559,34.8541],[-120.1132,34.9229],[-120.1706,34.9917],[-120.2281,35.0604],[-120.2856,35.1292],[-120.3433,35.1979],[-120.401,35.2666],[-120.4589,35.3353],[-120.4878,35.3695],[-120.5458,35.4381],[-120.6039,35.5067],[-120.6621,35.5753],[-120.7204,35.6438],[-120.7788,35.7123],[-120.8373,35.7808],[-120.8959,35.8493],[-120.9546,35.9177],[-121.0095,35.9815],[-121.0684,36.0498],[-121.1274,36.1182],[-121.1865,36.1865],[-121.2457,36.2548],[-121.305,36.323],[-121.3644,36.3912],[-121.424,36.4594],[-121.424,36.4595],[-121.4836,36.5276],[-121.5434,36.5957],[-121.6032,36.6638],[-121.6008,36.7472],[-121.5985,36.8305],[-121.5961,36.9138],[-121.5937,36.9971],[-121.5914,37.0804],[-121.589,37.1637],[-121.5866,37.247],[-121.5842,37.3303],[-121.5818,37.4136],[-121.5794,37.4969],[-121.577,37.5802],[-121.5746,37.6635],[-121.5721,37.7469],[-121.5697,37.8302],[-121.5673,37.9135],[-121.5648,37.9968],[-121.5624,38.0801],[-121.5599,38.1634],[-121.5575,38.2467],[-121.555,38.33],[-121.5526,38.4133],[-121.5517,38.4437],[-121.5838,38.5232],[-121.6159,38.6026],[-121.6482,38.6821],[-121.6805,38.7615],[-121.7129,38.8409],[-121.7454,38.9203],[-121.7779,38.9997],[-121.8105,39.0791],[-121.8432,39.1585],[-121.8759,39.2379],[-121.9088,39.3172],[-121.9417,39.3966],[-121.9746,39.4759],[-122.0077,39.5552],[-122.0408,39.6346],[-122.074,39.7139],[-122.1073,39.7932],[-122.1407,39.8725],[-122.1741,39.9518],[-122.2076,40.031],[-122.2364,40.0989],[-122.2587,40.1805],[-122.2811,40.262],[-122.3036,40.3436],[-122.3261,40.4251],[-122.3487,40.5067],[-122.3714,40.5882],[-122.3941,40.6697],[-122.4168,40.7513],[-122.4396,40.8328],[-122.4625,40.9143],[-122.4854,40.9958],[-122.5083,41.0773],[-122.5314,41.1588],[-122.5545,41.2403],[-122.5776,41.3218],[-122.6008,41.4033],[-122.6241,41.4848],[-122.6474,41.5663],[-122.6708,41.6477],[-122.6942,41.7292],[-122.7177,41.8107],[-122.7412,41.8921],[-122.7649,41.9736],[-122.7885,42.0551],[-122.8123,42.1365],[-122.8361,42.2179],[-122.8411,42.2353],[-122.865,42.3167],[-122.8889,42.3981],[-122.9129,42.4795],[-122.9129,42.4796],[-122.9281,42.5622],[-122.9434,42.6447],[-122.9587,42.7273],[-122.974,42.8099],[-122.9893,42.8924],[-123.0047,42.975],[-123.0202,43.0576],[-123.0356,43.1401],[-123.0512,43.2227],[-123.0667,43.3052],[-123.0823,43.3878],[-123.098,43.4703],[-123.1137,43.5529],[-123.1294,43.6354],[-123.1452,43.718],[-123.161,43.8005],[-123.1769,43.8831],[-123.1928,43.9656],[-123.2087,44.0481],[-123.2228,44.1209],[-123.2068,44.2034],[-123.1907,44.286],[-123.1745,44.3685],[-123.1583,44.451],[-123.1421,44.5335],[-123.1258,44.616],[-123.1095,44.6986],[-123.0931,44.7811],[-123.0766,44.8636],[-123.0602,44.9461],[-123.0436,45.0286],[-123.0271,45.1111],[-123.0105,45.1936],[-122.9938,45.2761],[-122.9782,45.3532],[-122.9743,45.4365],[-122.9705,45.5198],[-122.9667,45.6031],[-122.9628,45.6864],[-122.959,45.7697],[-122.9551,45.853],[-122.9512,45.9362],[-122.9473,46.0195],[-122.9434,46.1028],[-122.9395,46.1861],[-122.9355,46.2694],[-122.9316,46.3527],[-122.9276,46.436],[-122.9236,46.5192],[-122.9197,46.6025],[-122.9157,46.6858],[-122.9116,46.7691],[-122.9076,46.8524],[-122.9036,46.9357],[-122.9018,46.9716],[-122.9112,47.0547],[-122.9206,47.1378],[-122.9301,47.2209],[-122.9395,47.304],[-122.949,47.3871],[-122.9586,47.4701],[-122.9681,47.5532],[-122.9777,47.6363],[-122.9873,47.7194],[-122.997,47.8025],[-123.0067,47.8855],[-123.0164,47.9686],[-123.0261,48.0517],[-123.0359,48.1348],[-123.0457,48.2178],[-123.0555,48.3009],[-123.0654,48.384],[-123.0753,48.467],[-123.0853,48.5501],[-123.0952,48.6332],[-123.1052,48.7162],[-123.108,48.7391],[-123.118,48.8222],[-123.127,48.896],[-123.1371,48.979],[-123.1399,49.0021],[-123.1491,49.0773]]}},{"type":"Feature","properties":{"ident":"J128","type":"CONV","run":1},"geometry":{"type":"LineString","coordinates":[[-118.432,33.9332],[-118.3323,33.9433],[-118.2326,33.9534],[-118.1329,33.9634],[-118.0331,33.9733],[-117.9333,33.9831],[-117.8335,33.9929],[-117.7906,33.9971],[-117.6908,34.0067],[-117.5909,34.0163],[-117.491,34.0258],[-117.3911,34.0352],[-117.39,34.0353],[-117.29,34.0441],[-117.2425,34.0482],[-117.154,34.088],[-117.0655,34.1276],[-116.9769,34.1672],[-116.8883,34.2068],[-116.7995,34.2462],[-116.7107,34.2856],[-116.6217,34.325],[-116.5327,34.3643],[-116.4436,34.4035],[-116.4152,34.416],[-116.3259,34.4551],[-116.2367,34.4942],[-116.1473,34.5332],[-116.0578,34.5721],[-115.987,34.6029],[-115.8974,34.6417],[-115.8077,34.6804],[-115.7184,34.7189],[-115.6286,34.7575],[-115.5386,34.7961],[-115.4486,34.8346],[-115.3585,34.873],[-115.2683,34.9113],[-115.178,34.9496],[-115.0877,34.9878],[-114.9972,35.026],[-114.9822,35.0323],[-114.8916,35.0704],[-114.801,35.1084],[-114.7103,35.1463],[-114.6195,35.1842],[-114.5286,35.222],[-114.4376,35.2597],[-114.3466,35.2974],[-114.2554,35.335],[-114.1642,35.3725],[-114.0729,35.41],[-113.9815,35.4474],[-113.89,35.4847],[-113.7985,35.5219],[-113.7068,35.5591],[-113.6151,35.5962],[-113.5445,35.6247],[-113.4458,35.6473],[-113.347,35.6698],[-113.2482,35.6922],[-113.1493,35.7145],[-113.0504,35.7367],[-112.9515,35.7589],[-112.8524,35.781],[-112.7533,35.803],[-112.6542,35.8249],[-112.555,35.8468],[-112.4558,35.8685],[-112.3564,35.8902],[-112.2571,35.9118],[-112.1577,35.9333],[-112.0582,35.9547],[-111.9587,35.9761],[-111.8591,35.9973],[-111.7595,36.0185],[-111.6598,36.0396],[-111.5601,36.0606],[-111.4603,36.0816],[-111.3604,36.1024],[-111.2696,36.1213],[-111.1861,36.1702],[-111.1024,36.2191],[-111.0187,36.2679],[-110.9348,36.3167],[-110.8509,36.3654],[-110.7668,36.414],[-110.6827,36.4626],[-110.5984,36.5111],[-110.5867,36.5178],[-110.5023,36.5663],[-110.4178,36.6147],[-110.3332,36.663],[-110.2485,36.7112],[-110.1636,36.7594],[-110.0787,36.8076],[-109.9937,36.8557],[-109.9085,36.9037],[-109.8233,36.9516],[-109.7379,36.9995],[-109.6525,37.0474],[-109.5669,37.0952],[-109.4812,37.1429],[-109.3955,37.1905],[-109.3096,37.2381],[-109.2236,37.2856],[-109.1374,37.3331],[-109.0512,37.3805],[-108.9649,37.4279],[-108.8785,37.4751],[-108.7919,37.5224],[-108.7053,37.5695],[-108.6185,37.6166],[-108.5316,37.6636],[-108.4446,37.7106],[-108.3575,37.7575],[-108.2703,37.8043],[-108.183,37.8511],[-108.0956,37.8978],[-108.0081,37.9444],[-107.9204,37.991],[-107.8326,38.0375],[-107.7448,38.084],[-107.6568,38.1303],[-107.5687,38.1766],[-107.4805,38.2229],[-107.3922,38.2691],[-107.3037,38.3152],[-107.2152,38.3612],[-107.1265,38.4072],[-107.0397,38.4521],[-106.9516,38.4989],[-106.8634,38.5456],[-106.775,38.5922],[-106.6866,38.6387],[-106.598,38.6852],[-106.5093,38.7316],[-106.4205,38.778],[-106.3316,38.8243],[-106.2426,38.8705],[-106.1534,38.9166],[-106.0642,38.9627],[-105.9748,39.0087],[-105.8853,39.0547],[-105.7957,39.1005],[-105.706,39.1463],[-105.6161,39.1921],[-105.5262,39.2378],[-105.4361,39.2834],[-105.3459,39.3289],[-105.2556,39.3743],[-105.1651,39.4197],[-105.0746,39.4651],[-104.9839,39.5103],[-104.8931,39.5555],[-104.8022,39.6006],[-104.7112,39.6456],[-104.621,39.6901],[-104.517,39.7135],[-104.413,39.7367],[-104.3088,39.7599],[-104.2047,39.7829],[-104.1004,39.8059],[-103.9961,39.8288],[-103.8917,39.8515],[-103.7872,39.8742],[-103.6827,39.8968],[-103.5781,39.9193],[-103.4734,39.9417],[-103.3687,39.964],[-103.2639,39.9862],[-103.159,40.0083],[-103.0541,40.0304],[-102.9491,40.0523],[-102.844,40.0741],[-102.7388,40.0958],[-102.6336,40.1175],[-102.5283,40.139],[-102.423,40.1605],[-102.3176,40.1818],[-102.2121,40.2031],[-102.1066,40.2243],[-102.001,40.2453],[-101.8953,40.2663],[-101.7895,40.2872],[-101.6837,40.308],[-101.5779,40.3287],[-101.4719,40.3492],[-101.3659,40.3697],[-101.2599,40.3901],[-101.1537,40.4104],[-101.0475,40.4306],[-100.9413,40.4507],[-100.9236,40.4541]]}},{"type":"Feature","properties":{"ident":"J128","type":"CONV","run":2},"geometry":{"type":"LineString","coordinates":[[-90.7091,42.4015],[-90.5965,42.3955],[-90.484,42.3895],[-90.3715,42.3833],[-90.259,42.3771],[-90.1465,42.3707],[-90.0341,42.3642],[-89.9217,42.3576],[-89.8093,42.3509],[-89.6969,42.3441],[-89.5846,42.3372],[-89.4722,42.3301],[-89.3599,42.323],[-89.3122,42.3199],[-89.2,42.3124],[-89.0878,42.3048],[-88.9756,42.2971],[-88.8635,42.2892],[-88.7513,42.2813],[-88.6392,42.2732],[-88.5272,42.2651],[-88.4151,42.2568],[-88.3031,42.2484],[-88.1911,42.2399],[-88.0792,42.2313],[-87.9673,42.2226],[-87.9517,42.2214]]}},{"type":"Feature","properties":{"ident":"J13","type":"CONV","run":1},"geometry":{"type":"LineString","coordinates":[[-106.0564,29.1253],[-106.076,29.2068],[-106.0956,29.2884],[-106.1152,29.37],[-106.1348,29.4515],[-106.1545,29.5331],[-106.1743,29.6146],[-106.194,29.6961],[-106.2138,29.7777],[-106.2336,29.8592],[-106.2535,29.9407],[-106.2734,30.0223],[-106.2933,30.1038],[-106.3132,30.1853],[-106.3332,30.2669],[-106.3532,30.3484],[-106.3733,30.4299],[-106.3934,30.5114],[-106.4135,30.5929],[-106.4336,30.6744],[-106.4538,30.7559],[-106.474,30.8374],[-106.4943,30.9189],[-106.5146,31.0004],[-106.5349,31.0819],[-106.5553,31.1634],[-106.5756,31.2449],[-106.5961,31.3264],[-106.6165,31.4078],[-106.637,31.4893],[-106.6576,31.5708],[-106.6781,31.6522],[-106.6987,31.7337],[-106.7126,31.7882],[-106.7422,31.8676],[-106.772,31.9471],[-106.8018,32.0265],[-106.8316,32.1059],[-106.8615,32.1853],[-106.8915,32.2646],[-106.8987,32.2837],[-106.9287,32.3631],[-106.9588,32.4425],[-106.9889,32.5218],[-107.0191,32.6012],[-107.0493,32.6805],[-107.0796,32.7599],[-107.1099,32.8392],[-107.1403,32.9185],[-107.1708,32.9978],[-107.2013,33.0772],[-107.2319,33.1565],[-107.2625,33.2358],[-107.2806,33.2825],[-107.2595,33.364],[-107.2384,33.4454],[-107.2173,33.5269],[-107.1962,33.6083],[-107.175,33.6897],[-107.1537,33.7712],[-107.1324,33.8526],[-107.1111,33.934],[-107.0898,34.0155],[-107.0684,34.0969],[-107.0469,34.1783],[-107.0254,34.2597],[-107.0039,34.3411],[-106.9823,34.4225],[-106.9607,34.5039],[-106.9391,34.5853],[-106.9174,34.6667],[-106.8957,34.7481],[-106.8739,34.8295],[-106.8521,34.9109],[-106.8302,34.9923],[-106.8163,35.0438],[-106.7831,35.1226],[-106.7499,35.2014],[-106.7166,35.2801],[-106.6832,35.3589],[-106.6497,35.4376],[-106.6495,35.4381],[-106.616,35.5168],[-106.5825,35.5955],[-106.5488,35.6742],[-106.5151,35.7529],[-106.4813,35.8316],[-106.4475,35.9103],[-106.4136,35.989],[-106.3796,36.0677],[-106.357,36.1198],[-106.3229,36.1985],[-106.2888,36.2771],[-106.2545,36.3557],[-106.2202,36.4344],[-106.1859,36.513],[-106.1514,36.5916],[-106.1169,36.6702],[-106.0823,36.7488],[-106.0477,36.8273],[-106.0129,36.9059],[-105.9781,36.9844],[-105.9433,37.063],[-105.9083,37.1415],[-105.8733,37.22],[-105.8382,37.2985],[-105.8155,37.3492],[-105.7885,37.4297],[-105.7614,37.5102],[-105.7342,37.5907],[-105.707,37.6712],[-105.6797,37.7517],[-105.6524,37.8321],[-105.6249,37.9126],[-105.5975,37.9931],[-105.57,38.0735],[-105.5424,38.154],[-105.5147,38.2344],[-105.487,38.3149],[-105.4592,38.3953],[-105.4314,38.4757],[-105.4035,38.5562],[-105.3873,38.6028],[-105.3365,38.6761],[-105.2856,38.7493],[-105.2346,38.8226],[-105.1835,38.8958],[-105.1323,38.969],[-105.0809,39.0421],[-105.0295,39.1153],[-104.978,39.1884],[-104.9263,39.2615],[-104.8746,39.3346],[-104.8227,39.4076],[-104.7708,39.4807],[-104.7187,39.5537],[-104.6665,39.6267],[-104.621,39.6901],[-104.6291,39.7732],[-104.6373,39.8563],[-104.6454,39.9394],[-104.6536,40.0225],[-104.6618,40.1056],[-104.67,40.1887],[-104.6783,40.2718],[-104.6865,40.3549],[-104.6948,40.438],[-104.7031,40.5211],[-104.7115,40.6042],[-104.7198,40.6873],[-104.7282,40.7703],[-104.7366,40.8534],[-104.745,40.9365],[-104.7534,41.0196],[-104.7619,41.1027],[-104.7704,41.1858],[-104.7729,41.211],[-104.8287,41.283],[-104.8845,41.355],[-104.9405,41.427],[-104.9966,41.4989],[-105.0528,41.5708],[-105.1092,41.6427],[-105.1657,41.7146],[-105.2223,41.7864],[-105.279,41.8582],[-105.3359,41.93],[-105.3929,42.0018],[-105.45,42.0735],[-105.5073,42.1452],[-105.5646,42.2168],[-105.6221,42.2885],[-105.6798,42.3601],[-105.7376,42.4317],[-105.7955,42.5032],[-105.8535,42.5747],[-105.9117,42.6462],[-105.97,42.7177],[-106.0284,42.7891],[-106.087,42.8605],[-106.1457,42.9319],[-106.2045,43.0032],[-106.2635,43.0746],[-106.277,43.0909],[-106.3356,43.1624],[-106.3943,43.2339],[-106.4532,43.3054],[-106.5121,43.3768],[-106.5713,43.4482],[-106.6305,43.5196],[-106.6899,43.5909],[-106.7495,43.6623],[-106.8092,43.7335],[-106.869,43.8048],[-106.929,43.876],[-106.9891,43.9472],[-107.0494,44.0184],[-107.1098,44.0895],[-107.1703,44.1606],[-107.231,44.2317],[-107.2919,44.3027],[-107.3528,44.3737],[-107.414,44.4447],[-107.4753,44.5156],[-107.5367,44.5865],[-107.5983,44.6574],[-107.66,44.7282],[-107.7219,44.799],[-107.784,44.8698],[-107.8462,44.9405],[-107.9085,45.0112],[-107.971,45.0819],[-108.0337,45.1525],[-108.0965,45.2231],[-108.1594,45.2937],[-108.2226,45.3642],[-108.2858,45.4347],[-108.3493,45.5052],[-108.4129,45.5756],[-108.4766,45.646],[-108.5406,45.7163],[-108.6046,45.7866],[-108.6247,45.8086],[-108.7141,45.8639],[-108.8038,45.9191],[-108.8936,45.9743],[-108.9836,46.0294],[-109.0737,46.0844],[-109.1641,46.1394],[-109.2546,46.1943],[-109.3453,46.2491],[-109.4362,46.3038],[-109.5273,46.3585],[-109.6186,46.4131],[-109.71,46.4676],[-109.8016,46.5221],[-109.8934,46.5765],[-109.9854,46.6308],[-110.0776,46.685],[-110.17,46.7392],[-110.2625,46.7932],[-110.3553,46.8472],[-110.4482,46.9012],[-110.5413,46.955],[-110.6346,47.0088],[-110.7281,47.0625],[-110.8218,47.1162],[-110.9156,47.1697],[-111.0097,47.2232],[-111.1039,47.2766],[-111.1983,47.3299],[-111.293,47.3832],[-111.3878,47.4363],[-111.4122,47.45],[-111.4552,47.5281],[-111.4983,47.6062],[-111.5415,47.6843],[-111.5849,47.7623],[-111.6284,47.8404],[-111.672,47.9184],[-111.7157,47.9964],[-111.7596,48.0744],[-111.8036,48.1524],[-111.8478,48.2303],[-111.8921,48.3082],[-111.9365,48.3862],[-111.9811,48.4641],[-112.0258,48.542],[-112.0706,48.6198],[-112.1156,48.6977],[-112.1607,48.7755],[-112.206,48.8533],[-112.2514,48.9311],[-112.2909,48.9987]]}},{"type":"Feature","properties":{"ident":"J13","type":"CONV","run":2},"geometry":{"type":"LineString","coordinates":[[-102.9161,23.7339],[-102.9376,23.8149],[-102.9591,23.8958],[-102.9806,23.9768],[-103.0022,24.0578],[-103.0238,24.1388],[-103.0454,24.2197],[-103.067,24.3007],[-103.0887,24.3816],[-103.1104,24.4626],[-103.1321,24.5436],[-103.1538,24.6245],[-103.169,24.6809],[-103.1908,24.7618],[-103.2126,24.8427],[-103.2345,24.9237],[-103.2564,25.0046],[-103.2783,25.0855],[-103.2983,25.1594],[-103.3203,25.2404],[-103.3423,25.3213],[-103.3643,25.4022],[-103.3864,25.4831],[-103.4084,25.564],[-103.4617,25.6321],[-103.515,25.7002],[-103.5683,25.7682],[-103.6217,25.8363],[-103.6752,25.9043],[-103.6756,25.9047],[-103.7291,25.9727],[-103.7827,26.0407],[-103.8364,26.1087],[-103.8902,26.1766],[-103.944,26.2445],[-103.9979,26.3124],[-104.0518,26.3803],[-104.1058,26.4482],[-104.1598,26.516],[-104.214,26.5838],[-104.2682,26.6516],[-104.3224,26.7194],[-104.3378,26.7386],[-104.3921,26.8064],[-104.4465,26.8741],[-104.501,26.9418],[-104.5555,27.0095],[-104.6101,27.0772],[-104.6647,27.1449],[-104.7194,27.2125],[-104.7742,27.2801],[-104.8291,27.3477],[-104.884,27.4153],[-104.939,27.4828],[-104.994,27.5503],[-105.0492,27.6179],[-105.1043,27.6853],[-105.1596,27.7528],[-105.1767,27.7736]]}},{"type":"Feature","properties":{"ident":"J131","type":"CONV","run":1},"geometry":{"type":"LineString","coordinates":[[-98.4613,29.644],[-98.4493,29.7267],[-98.4372,29.8094],[-98.4251,29.892],[-98.413,29.9747],[-98.4009,30.0574],[-98.3934,30.1081],[-98.3813,30.1907],[-98.3691,30.2734],[-98.3569,30.3561],[-98.3496,30.4053],[-98.3374,30.488],[-98.3251,30.5706],[-98.3128,30.6533],[-98.3005,30.7359],[-98.2881,30.8186],[-98.2758,30.9012],[-98.2634,30.9839],[-98.251,31.0665],[-98.2386,31.1492],[-98.2262,31.2318],[-98.2137,31.3145],[-98.2012,31.3971],[-98.1887,31.4798],[-98.1801,31.5362],[-98.1677,31.6189],[-98.1143,31.6887],[-98.0608,31.7585],[-98.0072,31.8283],[-97.9535,31.898],[-97.8997,31.9677],[-97.8459,32.0374],[-97.7919,32.1071],[-97.7379,32.1768],[-97.6838,32.2464],[-97.6296,32.316],[-97.5754,32.3856],[-97.521,32.4552],[-97.4666,32.5247],[-97.4121,32.5942],[-97.3575,32.6637],[-97.3028,32.7332],[-97.248,32.8027],[-97.1932,32.8721],[-97.1794,32.8895],[-97.0833,32.9101],[-96.9871,32.9306],[-96.8908,32.9511],[-96.7945,32.9715],[-96.6982,32.9918],[-96.6018,33.0121],[-96.5054,33.0323],[-96.4089,33.0524],[-96.3124,33.0724],[-96.2158,33.0924],[-96.1192,33.1123],[-96.0226,33.1321],[-95.9259,33.1518],[-95.8292,33.1715],[-95.7324,33.1911],[-95.6356,33.2106],[-95.5387,33.23],[-95.4418,33.2494],[-95.3449,33.2687],[-95.2479,33.2879],[-95.1508,33.307],[-95.0538,33.3261],[-94.9567,33.345],[-94.8595,33.364],[-94.7623,33.3828],[-94.665,33.4015],[-94.5678,33.4202],[-94.4704,33.4388],[-94.3731,33.4574],[-94.2757,33.4758],[-94.1782,33.4942],[-94.0807,33.5125],[-94.0732,33.5139],[-93.9963,33.5671],[-93.9193,33.6203],[-93.8422,33.6735],[-93.765,33.7266],[-93.6877,33.7796],[-93.6103,33.8326],[-93.5329,33.8856],[-93.4553,33.9385],[-93.3776,33.9913],[-93.2998,34.0441],[-93.222,34.0969],[-93.144,34.1496],[-93.0659,34.2022],[-92.9878,34.2548],[-92.9095,34.3074],[-92.8311,34.3599],[-92.7527,34.4124],[-92.6741,34.4648],[-92.5955,34.5171],[-92.5167,34.5694],[-92.4379,34.6217],[-92.3589,34.6739],[-92.2799,34.726],[-92.2007,34.7781],[-92.1521,34.8101],[-92.0761,34.8654],[-92.0001,34.9207],[-91.924,34.9759],[-91.8477,35.0311],[-91.7714,35.0862],[-91.6949,35.1413],[-91.6184,35.1963],[-91.5417,35.2513],[-91.465,35.3062],[-91.3881,35.3611],[-91.3112,35.416],[-91.2341,35.4707],[-91.1569,35.5255],[-91.0796,35.5802],[-91.0023,35.6348],[-90.9248,35.6894],[-90.8472,35.7439],[-90.7695,35.7984],[-90.6917,35.8529],[-90.6137,35.9073],[-90.5357,35.9616],[-90.4576,36.0159],[-90.3793,36.0701],[-90.301,36.1243],[-90.2225,36.1784],[-90.144,36.2325],[-90.0989,36.2635],[-90.0226,36.3198],[-89.9462,36.376],[-89.8698,36.4322],[-89.7932,36.4883],[-89.7165,36.5443],[-89.6396,36.6004],[-89.6022,36.6276],[-89.5252,36.6836],[-89.448,36.7394],[-89.3708,36.7953],[-89.2935,36.851],[-89.216,36.9067],[-89.1384,36.9624],[-89.0608,37.018],[-88.983,37.0736],[-88.9051,37.1291],[-88.827,37.1846],[-88.7489,37.24],[-88.6706,37.2954],[-88.5923,37.3507],[-88.5138,37.406],[-88.4352,37.4612],[-88.3565,37.5163],[-88.2776,37.5714],[-88.1987,37.6265],[-88.1196,37.6815],[-88.0404,37.7365],[-87.9611,37.7913],[-87.8817,37.8462],[-87.8022,37.901],[-87.7624,37.9283]]}},{"type":"Feature","properties":{"ident":"J134","type":"CONV","run":1},"geometry":{"type":"LineString","coordinates":[[-118.432,33.9332],[-118.3414,33.8973],[-118.2508,33.8614],[-118.1603,33.8254],[-118.0699,33.7893],[-118.0548,33.7833],[-117.9549,33.7759],[-117.8551,33.7683],[-117.7553,33.7607],[-117.6555,33.753],[-117.5557,33.7453],[-117.4559,33.7374],[-117.3562,33.7295],[-117.2564,33.7215],[-117.1567,33.7134],[-117.057,33.7052],[-116.9574,33.697],[-116.8577,33.6887],[-116.7581,33.6803],[-116.6585,33.6718],[-116.5589,33.6632],[-116.4593,33.6546],[-116.3597,33.6458],[-116.2602,33.637],[-116.1607,33.6281],[-116.1602,33.6281],[-116.0671,33.6586],[-115.9739,33.6891],[-115.8806,33.7195],[-115.7873,33.7498],[-115.6939,33.7801],[-115.6004,33.8103],[-115.5069,33.8404],[-115.4133,33.8704],[-115.3196,33.9004],[-115.2259,33.9303],[-115.1321,33.9601],[-115.0383,33.9899],[-114.9443,34.0196],[-114.8503,34.0492],[-114.7563,34.0787],[-114.6821,34.102],[-114.5868,34.1289],[-114.4915,34.1558],[-114.3962,34.1827],[-114.3008,34.2094],[-114.2053,34.2361],[-114.1098,34.2627],[-114.0921,34.2676],[-113.9964,34.2941],[-113.9008,34.3206],[-113.8051,34.347],[-113.7093,34.3732],[-113.6134,34.3995],[-113.5175,34.4256],[-113.4215,34.4517],[-113.3255,34.4777],[-113.2294,34.5036],[-113.1333,34.5294],[-113.0371,34.5552],[-112.9408,34.5809],[-112.8445,34.6065],[-112.7481,34.6321],[-112.6517,34.6575],[-112.5552,34.6829],[-112.4804,34.7026],[-112.3828,34.7251],[-112.2851,34.7475],[-112.1874,34.7699],[-112.0896,34.7922],[-111.9918,34.8145],[-111.894,34.8366],[-111.7961,34.8587],[-111.6981,34.8807],[-111.6001,34.9026],[-111.502,34.9244],[-111.4039,34.9461],[-111.3869,34.9499],[-111.2887,34.9715],[-111.1905,34.9931],[-111.0922,35.0146],[-110.9939,35.036],[-110.8955,35.0574],[-110.797,35.0786],[-110.6985,35.0998],[-110.6,35.1209],[-110.5014,35.1419],[-110.4028,35.1628],[-110.3041,35.1837],[-110.2053,35.2045],[-110.1065,35.2252],[-110.0077,35.2458],[-109.9088,35.2663],[-109.8098,35.2868],[-109.7108,35.3071],[-109.6118,35.3274],[-109.5127,35.3477],[-109.4135,35.3678],[-109.3143,35.3878],[-109.2151,35.4078],[-109.1158,35.4277],[-109.0164,35.4475],[-108.917,35.4672],[-108.8726,35.476],[-108.7756,35.5025],[-108.6785,35.529],[-108.5814,35.5553],[-108.4842,35.5816],[-108.3869,35.6078],[-108.2895,35.6339],[-108.1921,35.66],[-108.0947,35.686],[-107.9971,35.7119],[-107.8995,35.7377],[-107.8019,35.7634],[-107.7041,35.7891],[-107.6064,35.8146],[-107.5085,35.8401],[-107.4106,35.8655],[-107.3126,35.8909],[-107.2146,35.9161],[-107.1165,35.9413],[-107.0183,35.9664],[-106.9201,35.9914],[-106.8218,36.0164],[-106.7235,36.0412],[-106.6251,36.066],[-106.5266,36.0907],[-106.4281,36.1153],[-106.3295,36.1399],[-106.2308,36.1643],[-106.1321,36.1887],[-106.0333,36.213],[-105.9345,36.2372],[-105.8356,36.2613],[-105.7366,36.2854],[-105.6376,36.3093],[-105.5385,36.3332],[-105.4394,36.357],[-105.3402,36.3808],[-105.2409,36.4044],[-105.1416,36.428],[-105.0422,36.4514],[-104.9427,36.4748],[-104.872,36.4914]]}},{"type":"Feature","properties":{"ident":"J134","type":"CONV","run":2},"geometry":{"type":"LineString","coordinates":[[-97.5838,37.7453],[-97.4812,37.7642],[-97.3785,37.783],[-97.2757,37.8017],[-97.1729,37.8203],[-97.0701,37.8389],[-96.9672,37.8573],[-96.8642,37.8757],[-96.8046,37.8863],[-96.7016,37.9045],[-96.5985,37.9226],[-96.4953,37.9407],[-96.3921,37.9586],[-96.2889,37.9765],[-96.1856,37.9943],[-96.0822,38.0119],[-95.9789,38.0295],[-95.8754,38.047],[-95.7719,38.0644],[-95.6684,38.0818],[-95.5648,38.099],[-95.4611,38.1161],[-95.3575,38.1332],[-95.2537,38.1501],[-95.1499,38.167],[-95.1268,38.1707],[-95.023,38.1875],[-94.9191,38.2041],[-94.8151,38.2207],[-94.7112,38.2371],[-94.6071,38.2535],[-94.503,38.2698],[-94.4883,38.2721],[-94.3844,38.2892],[-94.2804,38.3062],[-94.1765,38.3232],[-94.0724,38.34],[-94.0422,38.3449],[-93.9381,38.3616],[-93.834,38.3783],[-93.7298,38.3948],[-93.6255,38.4113],[-93.5212,38.4276],[-93.4169,38.4439],[-93.3125,38.4601],[-93.2081,38.4762],[-93.1036,38.4921],[-92.9991,38.508],[-92.8945,38.5238],[-92.7899,38.5396],[-92.6852,38.5552],[-92.5805,38.5707],[-92.4758,38.5861],[-92.371,38.6015],[-92.2662,38.6167],[-92.1613,38.6319],[-92.1309,38.6362],[-92.026,38.6514],[-91.9211,38.6665],[-91.8161,38.6815],[-91.7426,38.6919],[-91.6375,38.7065],[-91.5323,38.7211],[-91.4271,38.7355],[-91.3219,38.7499],[-91.2166,38.7641],[-91.1113,38.7783],[-91.0059,38.7923],[-90.9005,38.8063],[-90.795,38.8202],[-90.6895,38.834],[-90.584,38.8476],[-90.4824,38.8607],[-90.3753,38.8599],[-90.2683,38.8589],[-90.1613,38.8578],[-90.0543,38.8566],[-89.9473,38.8554],[-89.8404,38.854],[-89.7334,38.8525],[-89.6264,38.851],[-89.5194,38.8493],[-89.4124,38.8475],[-89.3055,38.8457],[-89.1985,38.8437],[-89.1197,38.8422],[-89.0128,38.8401],[-88.9712,38.8392],[-88.8642,38.837],[-88.7573,38.8346],[-88.6504,38.8321],[-88.5435,38.8296],[-88.4365,38.8269],[-88.3296,38.8242],[-88.2227,38.8213],[-88.1159,38.8184],[-88.009,38.8153],[-87.9021,38.8122],[-87.7952,38.8089],[-87.6884,38.8056],[-87.5816,38.8022],[-87.4747,38.7986],[-87.3679,38.795],[-87.2611,38.7913],[-87.1543,38.7874],[-87.0475,38.7835],[-86.9408,38.7795],[-86.834,38.7754],[-86.7272,38.7712],[-86.6205,38.7669],[-86.5138,38.7625],[-86.4402,38.7594],[-86.3335,38.7548],[-86.2268,38.7501],[-86.1201,38.7453],[-86.0135,38.7405],[-85.9068,38.7355],[-85.8002,38.7304],[-85.6936,38.7253],[-85.587,38.72],[-85.4804,38.7147],[-85.3757,38.7093],[-85.2691,38.7038],[-85.1703,38.6985],[-85.0638,38.6928],[-84.9573,38.687],[-84.8508,38.681],[-84.7443,38.675],[-84.6379,38.6689],[-84.5315,38.6627],[-84.4251,38.6564],[-84.3187,38.6499],[-84.3106,38.6494]]}},{"type":"Feature","properties":{"ident":"J136","type":"CONV","run":1},"geometry":{"type":"LineString","coordinates":[[-124.0606,44.5754],[-123.9839,44.6383],[-123.907,44.7011],[-123.8299,44.764],[-123.7526,44.8267],[-123.6752,44.8894],[-123.5977,44.9521],[-123.5199,45.0147],[-123.442,45.0773],[-123.3639,45.1398],[-123.2856,45.2022],[-123.2072,45.2646],[-123.1286,45.327],[-123.0498,45.3892],[-122.9709,45.4515],[-122.8918,45.5137],[-122.8125,45.5758],[-122.733,45.6378],[-122.6533,45.6999],[-122.5916,45.7478],[-122.4878,45.7891],[-122.3838,45.8302],[-122.2797,45.8713],[-122.1755,45.9123],[-122.0711,45.9532],[-121.9665,45.994],[-121.8618,46.0347],[-121.7569,46.0752],[-121.6519,46.1157],[-121.5468,46.1562],[-121.4414,46.1965],[-121.3359,46.2367],[-121.2303,46.2768],[-121.1245,46.3168],[-121.0186,46.3567],[-120.9125,46.3965],[-120.8062,46.4363],[-120.6998,46.4759],[-120.5932,46.5154],[-120.4865,46.5548],[-120.4447,46.5702],[-120.338,46.6099],[-120.2311,46.6494],[-120.1241,46.6888],[-120.017,46.7281],[-119.9097,46.7673],[-119.8022,46.8064],[-119.6946,46.8455],[-119.5868,46.8844],[-119.4789,46.9232],[-119.3708,46.9619],[-119.2626,47.0005],[-119.1542,47.039],[-119.0456,47.0774],[-118.9369,47.1157],[-118.8281,47.1539],[-118.719,47.192],[-118.6099,47.23],[-118.5005,47.2679],[-118.391,47.3057],[-118.2814,47.3433],[-118.1716,47.3809],[-118.0616,47.4184],[-117.9515,47.4557],[-117.8412,47.493],[-117.7308,47.5301],[-117.6269,47.565],[-117.5037,47.5592],[-117.3805,47.5534],[-117.2574,47.5474],[-117.1343,47.5413],[-117.0112,47.5351],[-116.8881,47.5287],[-116.7651,47.5222],[-116.6897,47.5182],[-116.5667,47.5114],[-116.4438,47.5046],[-116.3209,47.4976],[-116.198,47.4905],[-116.0752,47.4833],[-115.9523,47.4759],[-115.8296,47.4684],[-115.7068,47.4607],[-115.6461,47.4569],[-115.5285,47.4321],[-115.411,47.4071],[-115.2936,47.382],[-115.1763,47.3568],[-115.0591,47.3315],[-114.9421,47.306],[-114.8251,47.2805],[-114.7083,47.2548],[-114.5916,47.229],[-114.475,47.203],[-114.3585,47.177],[-114.2422,47.1509],[-114.1259,47.1246],[-114.0098,47.0982],[-113.8938,47.0717],[-113.7779,47.045],[-113.6621,47.0183],[-113.5464,46.9914],[-113.4308,46.9645],[-113.3154,46.9374],[-113.2001,46.9102],[-113.0849,46.8828],[-112.9698,46.8554],[-112.8548,46.8278],[-112.74,46.8002],[-112.6252,46.7724],[-112.5106,46.7445],[-112.3961,46.7165],[-112.2817,46.6883],[-112.1675,46.6601],[-112.0533,46.6317],[-111.9535,46.6068],[-111.8381,46.5812],[-111.7229,46.5554],[-111.6077,46.5294],[-111.4927,46.5034],[-111.3778,46.4773],[-111.2629,46.451],[-111.1482,46.4247],[-111.0336,46.3982],[-110.9192,46.3716],[-110.8048,46.3449],[-110.6905,46.318],[-110.5764,46.2911],[-110.4623,46.2641],[-110.3484,46.2369],[-110.2346,46.2096],[-110.1209,46.1822],[-110.0073,46.1547],[-109.8939,46.1271],[-109.7805,46.0994],[-109.6673,46.0715],[-109.5542,46.0436],[-109.4411,46.0155],[-109.3282,45.9873],[-109.2155,45.959],[-109.1028,45.9306],[-108.9903,45.9021],[-108.8778,45.8735],[-108.7655,45.8448],[-108.6533,45.8159],[-108.6247,45.8086],[-108.5715,45.7339],[-108.5186,45.6593],[-108.4657,45.5846],[-108.413,45.5099],[-108.3605,45.4351],[-108.3081,45.3604],[-108.2558,45.2856],[-108.2037,45.2108],[-108.1517,45.1359],[-108.0998,45.0611],[-108.0481,44.9862],[-107.9965,44.9113],[-107.945,44.8364],[-107.8937,44.7614],[-107.8425,44.6864],[-107.7914,44.6114],[-107.7405,44.5364],[-107.6897,44.4614],[-107.639,44.3863],[-107.5885,44.3112],[-107.5381,44.2361],[-107.4878,44.161],[-107.4377,44.0858],[-107.3876,44.0107],[-107.3377,43.9355],[-107.288,43.8603],[-107.2383,43.785],[-107.1888,43.7098],[-107.1394,43.6345],[-107.0901,43.5592],[-107.041,43.4839],[-106.9919,43.4085],[-106.943,43.3331],[-106.8942,43.2578],[-106.8456,43.1824],[-106.797,43.1069],[-106.7486,43.0315],[-106.7003,42.956],[-106.6521,42.8805],[-106.604,42.805],[-106.5561,42.7295],[-106.5083,42.6539],[-106.4605,42.5784],[-106.4129,42.5028],[-106.3654,42.4272],[-106.3181,42.3515],[-106.2708,42.2759],[-106.2237,42.2002],[-106.1766,42.1245],[-106.1297,42.0488],[-106.0829,41.9731],[-106.0362,41.8974],[-106.0043,41.8455]]}},{"type":"Feature","properties":{"ident":"J137","type":"CONV","run":1},"geometry":{"type":"LineString","coordinates":[[-89.6777,39.8397],[-89.6994,39.7581],[-89.7209,39.6764],[-89.7424,39.5948],[-89.7639,39.5131],[-89.7853,39.4314],[-89.8066,39.3497],[-89.8279,39.268],[-89.8492,39.1864],[-89.8704,39.1047],[-89.8916,39.023],[-89.9127,38.9413],[-89.9337,38.8596],[-89.9548,38.7779],[-89.9757,38.6962],[-89.9966,38.6144],[-90.0175,38.5327],[-90.0383,38.451],[-90.0591,38.3693],[-90.0798,38.2876],[-90.1005,38.2058],[-90.1211,38.1241],[-90.1417,38.0423],[-90.1623,37.9606],[-90.1828,37.8789],[-90.2032,37.7971],[-90.2236,37.7154],[-90.2341,37.6735],[-90.2708,37.5954],[-90.3074,37.5173],[-90.344,37.4392],[-90.3805,37.361],[-90.4169,37.2829],[-90.4532,37.2047],[-90.4895,37.1266],[-90.5201,37.0604],[-90.5562,36.9822],[-90.5923,36.904],[-90.6282,36.8258],[-90.6641,36.7476],[-90.6999,36.6693],[-90.7356,36.5911],[-90.7713,36.5128],[-90.8069,36.4346],[-90.8424,36.3563],[-90.8779,36.278],[-90.9133,36.1997],[-90.9486,36.1214],[-90.9537,36.11],[-91.0161,36.0437],[-91.0784,35.9773],[-91.1405,35.9109],[-91.2026,35.8445],[-91.2646,35.778],[-91.3264,35.7115],[-91.3882,35.6449],[-91.4498,35.5784],[-91.5114,35.5118],[-91.5729,35.4451],[-91.6342,35.3785],[-91.6954,35.3118],[-91.7566,35.2451],[-91.8176,35.1783],[-91.8786,35.1115],[-91.9394,35.0447],[-92.0002,34.9779],[-92.0608,34.911],[-92.1214,34.8441],[-92.1521,34.8101]]}},{"type":"Feature","properties":{"ident":"J138","type":"CONV","run":1},"geometry":{"type":"LineString","coordinates":[[-102.9757,30.9521],[-102.8827,30.9282],[-102.7896,30.9042],[-102.6967,30.8801],[-102.6037,30.856],[-102.5109,30.8318],[-102.418,30.8076],[-102.3252,30.7833],[-102.2325,30.7589],[-102.1398,30.7344],[-102.0472,30.7099],[-101.9546,30.6853],[-101.862,30.6607],[-101.7695,30.636],[-101.6771,30.6112],[-101.5847,30.5863],[-101.4923,30.5614],[-101.4,30.5364],[-101.3077,30.5114],[-101.2929,30.5074],[-101.2007,30.4823],[-101.1085,30.4571],[-101.0164,30.4318],[-100.9243,30.4065],[-100.8323,30.3812],[-100.7403,30.3557],[-100.6484,30.3302],[-100.5565,30.3046],[-100.4647,30.279],[-100.3729,30.2533],[-100.2812,30.2276],[-100.1895,30.2017],[-100.0979,30.1759],[-100.0063,30.1499],[-99.9148,30.1239],[-99.8233,30.0978],[-99.7318,30.0717],[-99.6404,30.0455],[-99.5491,30.0192],[-99.4578,29.9929],[-99.3665,29.9665],[-99.2753,29.94],[-99.2145,29.9224],[-99.1259,29.8899],[-99.0374,29.8575],[-98.949,29.8249],[-98.8606,29.7923],[-98.7723,29.7597],[-98.684,29.7269],[-98.5958,29.6942],[-98.5077,29.6613],[-98.4613,29.644]]}},{"type":"Feature","properties":{"ident":"J138","type":"CONV","run":2},"geometry":{"type":"LineString","coordinates":[[-93.1056,30.1415],[-93.0116,30.16],[-92.9176,30.1784],[-92.8236,30.1968],[-92.7295,30.2151],[-92.6354,30.2333],[-92.5413,30.2515],[-92.4471,30.2696],[-92.3529,30.2876],[-92.2586,30.3056],[-92.1644,30.3235],[-92.0701,30.3413],[-91.9757,30.3591],[-91.8813,30.3767],[-91.7869,30.3944],[-91.6925,30.4119],[-91.598,30.4294],[-91.5035,30.4468],[-91.4089,30.4642],[-91.3143,30.4814],[-91.2941,30.4851],[-91.1979,30.4941],[-91.1018,30.503],[-91.0056,30.5118],[-90.9094,30.5205],[-90.8132,30.5292],[-90.717,30.5378],[-90.6207,30.5463],[-90.5245,30.5548],[-90.4282,30.5632],[-90.3319,30.5715],[-90.2356,30.5797],[-90.1392,30.5879],[-90.0429,30.596],[-89.9465,30.6041],[-89.8502,30.612],[-89.7538,30.6199],[-89.6574,30.6277],[-89.5609,30.6355],[-89.4645,30.6432],[-89.368,30.6508],[-89.2716,30.6583],[-89.1751,30.6658],[-89.0786,30.6732],[-88.9821,30.6805],[-88.8855,30.6877],[-88.789,30.6949],[-88.6924,30.702],[-88.5959,30.7091],[-88.4993,30.716],[-88.4027,30.7229],[-88.3593,30.726]]}},{"type":"Feature","properties":{"ident":"J14","type":"CONV","run":1},"geometry":{"type":"LineString","coordinates":[[-101.699,35.2351],[-101.5972,35.2398],[-101.4953,35.2445],[-101.3934,35.2491],[-101.2915,35.2536],[-101.1896,35.258],[-101.0877,35.2623],[-100.9858,35.2666],[-100.8839,35.2707],[-100.7819,35.2748],[-100.68,35.2788],[-100.578,35.2827],[-100.476,35.2865],[-100.374,35.2903],[-100.272,35.2939],[-100.17,35.2975],[-100.068,35.3009],[-99.966,35.3043],[-99.864,35.3076],[-99.7619,35.3109],[-99.6599,35.314],[-99.5578,35.317],[-99.4558,35.32],[-99.3537,35.3229],[-99.2516,35.3257],[-99.1495,35.3284],[-99.0474,35.331],[-98.9453,35.3335],[-98.8662,35.3354],[-98.7641,35.3378],[-98.662,35.3401],[-98.5599,35.3423],[-98.4578,35.3444],[-98.3556,35.3464],[-98.2535,35.3483],[-98.1514,35.3502],[-98.0492,35.352],[-97.9471,35.3537],[-97.8449,35.3552],[-97.7428,35.3568],[-97.6406,35.3582],[-97.6092,35.3586],[-97.5079,35.3482],[-97.4065,35.3377],[-97.3052,35.3272],[-97.2039,35.3165],[-97.1026,35.3058],[-97.0014,35.2949],[-96.9002,35.284],[-96.799,35.2731],[-96.6978,35.262],[-96.5967,35.2508],[-96.4956,35.2396],[-96.3945,35.2283],[-96.2935,35.2168],[-96.2163,35.2081],[-96.1153,35.1965],[-96.0143,35.1849],[-95.9134,35.1732],[-95.8125,35.1614],[-95.7116,35.1495],[-95.6107,35.1376],[-95.5099,35.1255],[-95.4668,35.1204],[-95.3662,35.1072],[-95.2656,35.0939],[-95.1651,35.0806],[-95.0646,35.0672],[-94.9641,35.0536],[-94.8637,35.0401],[-94.7633,35.0264],[-94.6776,35.0146],[-94.5763,35.0075],[-94.4749,35.0002],[-94.3736,34.9928],[-94.2723,34.9854],[-94.171,34.9779],[-94.0697,34.9703],[-93.9685,34.9626],[-93.8672,34.9548],[-93.766,34.947],[-93.6648,34.939],[-93.5636,34.931],[-93.4625,34.9229],[-93.3614,34.9147],[-93.2602,34.9064],[-93.1592,34.8981],[-93.0581,34.8896],[-92.957,34.8811],[-92.856,34.8725],[-92.755,34.8638],[-92.654,34.855],[-92.553,34.8461],[-92.4521,34.8372],[-92.3512,34.8282],[-92.2503,34.8191],[-92.1521,34.8101],[-92.054,34.7886],[-91.956,34.767],[-91.8581,34.7453],[-91.7602,34.7236],[-91.6624,34.7018],[-91.5646,34.6799],[-91.4669,34.6579],[-91.3692,34.6358],[-91.2716,34.6137],[-91.174,34.5915],[-91.0765,34.5692],[-90.979,34.5468],[-90.8816,34.5244],[-90.7842,34.5019],[-90.6869,34.4793],[-90.5896,34.4566],[-90.4924,34.4338],[-90.3953,34.411],[-90.2982,34.3881],[-90.2011,34.3651],[-90.1118,34.3439],[-90.0149,34.3208],[-89.918,34.2975],[-89.8212,34.2743],[-89.7244,34.2509],[-89.6277,34.2274],[-89.531,34.2039],[-89.5245,34.2023],[-89.4263,34.1836],[-89.3282,34.1647],[-89.2302,34.1458],[-89.1321,34.1268],[-89.0342,34.1077],[-88.9362,34.0885],[-88.8383,34.0693],[-88.7405,34.0499],[-88.6427,34.0305],[-88.545,34.011],[-88.4472,33.9915],[-88.3496,33.9719],[-88.252,33.9521],[-88.1544,33.9324],[-88.0569,33.9125],[-87.9594,33.8926],[-87.8619,33.8725],[-87.7646,33.8524],[-87.6672,33.8323],[-87.5699,33.812],[-87.4809,33.7934],[-87.3837,33.773],[-87.2865,33.7525],[-87.1894,33.732],[-87.0924,33.7113],[-86.9953,33.6906],[-86.8998,33.6701]]}},{"type":"Feature","properties":{"ident":"J140","type":"CONV","run":1},"geometry":{"type":"LineString","coordinates":[[-96.8513,46.7533],[-96.7298,46.757],[-96.6083,46.7606],[-96.4867,46.764],[-96.3652,46.7673],[-96.2436,46.7704],[-96.122,46.7735],[-96.0004,46.7764],[-95.8788,46.7791],[-95.7572,46.7818],[-95.6356,46.7843],[-95.5139,46.7867],[-95.3923,46.789],[-95.2706,46.7911],[-95.1489,46.7931],[-95.0272,46.795],[-94.9055,46.7967],[-94.7838,46.7983],[-94.6621,46.7998],[-94.5404,46.8012],[-94.4187,46.8024],[-94.297,46.8035],[-94.1752,46.8045],[-94.0535,46.8053],[-93.9318,46.806],[-93.81,46.8066],[-93.6883,46.807],[-93.5665,46.8074],[-93.4448,46.8076],[-93.323,46.8076],[-93.2013,46.8076],[-93.0795,46.8074],[-92.9578,46.807],[-92.836,46.8066],[-92.7143,46.806],[-92.5926,46.8053],[-92.4708,46.8045],[-92.3491,46.8035],[-92.2274,46.8024],[-92.2029,46.8022],[-92.0812,46.8003],[-91.9595,46.7983],[-91.8378,46.7962],[-91.7161,46.7939],[-91.5945,46.7915],[-91.4728,46.789],[-91.3512,46.7864],[-91.2295,46.7836],[-91.1079,46.7807],[-90.9863,46.7777],[-90.8647,46.7745],[-90.7432,46.7712],[-90.6216,46.7678],[-90.5001,46.7642],[-90.3785,46.7606],[-90.257,46.7568],[-90.1355,46.7528],[-90.014,46.7488],[-89.8926,46.7446],[-89.7712,46.7403],[-89.6497,46.7358],[-89.5283,46.7312],[-89.407,46.7265],[-89.2856,46.7217],[-89.1643,46.7168],[-89.043,46.7117],[-88.9217,46.7064],[-88.8004,46.7011],[-88.6792,46.6956],[-88.558,46.69],[-88.4368,46.6843],[-88.3156,46.6784],[-88.1945,46.6725],[-88.0734,46.6664],[-87.9523,46.6601],[-87.8312,46.6537],[-87.7102,46.6473],[-87.5892,46.6406],[-87.4683,46.6339],[-87.3473,46.627],[-87.2264,46.62],[-87.1055,46.6129],[-86.9847,46.6056],[-86.8639,46.5982],[-86.7431,46.5907],[-86.6224,46.5831],[-86.5017,46.5753],[-86.381,46.5674],[-86.2604,46.5594],[-86.1398,46.5512],[-86.0192,46.543],[-85.8987,46.5346],[-85.7782,46.526],[-85.6577,46.5174],[-85.5373,46.5086],[-85.417,46.4997],[-85.2966,46.4907],[-85.1763,46.4815],[-85.0561,46.4722],[-84.9359,46.4628],[-84.8157,46.4533],[-84.6956,46.4436],[-84.5755,46.4338],[-84.4555,46.4239],[-84.3355,46.4139],[-84.3149,46.4121]]}},{"type":"Feature","properties":{"ident":"J141","type":"CONV","run":1},"geometry":{"type":"LineString","coordinates":[[-106.2819,31.8159],[-106.2152,31.7548],[-106.1487,31.6937],[-106.0822,31.6325],[-106.0158,31.5713],[-105.9495,31.5101],[-105.8832,31.4488],[-105.8171,31.3875],[-105.7511,31.3262],[-105.6851,31.2648],[-105.6192,31.2034],[-105.5534,31.1419],[-105.4877,31.0805],[-105.4221,31.019],[-105.3881,30.9871],[-105.3898,30.9037],[-105.3909,30.8506],[-105.4008,29.8793],[-105.4105,28.9079],[-105.4201,27.9364],[-105.4295,26.9647]]}},{"type":"Feature","properties":{"ident":"J143","type":"CONV","run":1},"geometry":{"type":"LineString","coordinates":[[-122.8678,38.0798],[-122.9005,38.159],[-122.9333,38.2383],[-122.9661,38.3175],[-122.999,38.3968],[-123.0319,38.476],[-123.0649,38.5552],[-123.098,38.6344],[-123.1312,38.7136],[-123.1645,38.7928],[-123.1978,38.872],[-123.2312,38.9512],[-123.2647,39.0304],[-123.2743,39.0532],[-123.2758,39.1365],[-123.2773,39.2199],[-123.2788,39.3032],[-123.2803,39.3865],[-123.2818,39.4698],[-123.2833,39.5532],[-123.2848,39.6365],[-123.2863,39.7198],[-123.2878,39.8031],[-123.2893,39.8864],[-123.2908,39.9698],[-123.2923,40.0531],[-123.2939,40.1364],[-123.2954,40.2197],[-123.2969,40.3031],[-123.2984,40.3864],[-123.3,40.4697],[-123.3015,40.553],[-123.3031,40.6363],[-123.3046,40.7197],[-123.3062,40.803],[-123.3077,40.8863],[-123.3093,40.9696],[-123.3109,41.0529],[-123.3124,41.1363],[-123.314,41.2196],[-123.3156,41.3029],[-123.3172,41.3862],[-123.3187,41.4696],[-123.3203,41.5529],[-123.3219,41.6362],[-123.3235,41.7195],[-123.3251,41.8028],[-123.3267,41.8862],[-123.3283,41.9695],[-123.3299,42.0528],[-123.3316,42.1361],[-123.3332,42.2194],[-123.3348,42.3028],[-123.3364,42.3861],[-123.3381,42.4694],[-123.3397,42.5527],[-123.3414,42.6361],[-123.343,42.7194],[-123.3447,42.8027],[-123.3463,42.886],[-123.348,42.9693],[-123.3497,43.0527],[-123.3513,43.136],[-123.3523,43.1824],[-123.341,43.2653],[-123.3297,43.3483],[-123.3183,43.4312],[-123.307,43.5141],[-123.2956,43.597],[-123.2842,43.6799],[-123.2727,43.7629],[-123.2612,43.8458],[-123.2497,43.9287],[-123.2381,44.0116],[-123.2265,44.0945],[-123.2228,44.1209],[-123.1442,44.1822],[-123.0654,44.2435],[-122.9864,44.3047],[-122.9073,44.3659],[-122.828,44.427],[-122.7486,44.488],[-122.6689,44.549],[-122.5891,44.61],[-122.5092,44.6708],[-122.4291,44.7317],[-122.3488,44.7924],[-122.2683,44.8532],[-122.1877,44.9138],[-122.1068,44.9744],[-122.0259,45.035],[-121.9447,45.0955],[-121.8634,45.1559],[-121.7819,45.2163],[-121.7002,45.2766],[-121.6184,45.3368],[-121.5364,45.397],[-121.4542,45.4572],[-121.3718,45.5172],[-121.2893,45.5773],[-121.2066,45.6372],[-121.1237,45.6971],[-121.1008,45.7136],[-121.0081,45.7661],[-120.9152,45.8185],[-120.8221,45.8708],[-120.7288,45.9231],[-120.6354,45.9753],[-120.5418,46.0274],[-120.448,46.0794],[-120.354,46.1313],[-120.2599,46.1832],[-120.1656,46.235],[-120.0711,46.2867],[-119.9764,46.3384],[-119.8815,46.39],[-119.7865,46.4414],[-119.6913,46.4928],[-119.5959,46.5442],[-119.5003,46.5954],[-119.4045,46.6466],[-119.3086,46.6977],[-119.2125,46.7487],[-119.1162,46.7996],[-119.0197,46.8505],[-118.923,46.9012],[-118.8261,46.9519],[-118.7291,47.0025],[-118.6319,47.053],[-118.5345,47.1035],[-118.4369,47.1538],[-118.3391,47.2041],[-118.2412,47.2543],[-118.143,47.3044],[-118.0447,47.3544],[-117.9462,47.4043],[-117.8475,47.4542],[-117.7486,47.504],[-117.6495,47.5536],[-117.6269,47.565]]}},{"type":"Feature","properties":{"ident":"J144","type":"CONV","run":1},"geometry":{"type":"LineString","coordinates":[[-93.6486,41.4376],[-93.5476,41.4725],[-93.4465,41.5073],[-93.3453,41.5419],[-93.2439,41.5765],[-93.1425,41.611],[-93.041,41.6454],[-92.9393,41.6797],[-92.8376,41.714],[-92.7357,41.7481],[-92.6338,41.7822],[-92.5317,41.8161],[-92.4295,41.85],[-92.3272,41.8838],[-92.2248,41.9175],[-92.1223,41.9511],[-92.0197,41.9846],[-91.917,42.018],[-91.8141,42.0513],[-91.7112,42.0845],[-91.6082,42.1177],[-91.505,42.1507],[-91.4017,42.1837],[-91.2984,42.2166],[-91.1949,42.2493],[-91.0913,42.282],[-90.9876,42.3146],[-90.8838,42.3471],[-90.7799,42.3795],[-90.7091,42.4015]]}},{"type":"Feature","properties":{"ident":"J146","type":"CONV","run":1},"geometry":{"type":"LineString","coordinates":[[-118.432,33.9332],[-118.3492,33.9803],[-118.2662,34.0274],[-118.1832,34.0744],[-118.1001,34.1214],[-118.0169,34.1683],[-117.9336,34.2152],[-117.8502,34.262],[-117.7667,34.3087],[-117.6831,34.3554],[-117.5994,34.402],[-117.5157,34.4486],[-117.4318,34.4951],[-117.3479,34.5416],[-117.2638,34.588],[-117.1797,34.6343],[-117.0954,34.6806],[-117.0111,34.7269],[-116.9267,34.773],[-116.8421,34.8191],[-116.7575,34.8652],[-116.6728,34.9112],[-116.588,34.9571],[-116.5782,34.9625],[-116.5056,35.0208],[-116.4329,35.0791],[-116.4039,35.1024],[-116.331,35.1606],[-116.258,35.2188],[-116.185,35.277],[-116.1118,35.3351],[-116.0385,35.3932],[-115.9651,35.4512],[-115.8917,35.5092],[-115.8181,35.5671],[-115.7444,35.625],[-115.6798,35.6757],[-115.6059,35.7335],[-115.5319,35.7913],[-115.4577,35.849],[-115.3835,35.9067],[-115.3092,35.9643],[-115.2347,36.0219],[-115.1602,36.0794],[-115.1598,36.0797],[-115.0635,36.1095],[-114.9671,36.1392],[-114.8706,36.1688],[-114.8261,36.1825],[-114.7296,36.2121],[-114.633,36.2416],[-114.5363,36.271],[-114.4396,36.3004],[-114.3428,36.3296],[-114.2459,36.3589],[-114.1489,36.388],[-114.0519,36.417],[-113.9548,36.446],[-113.8576,36.4749],[-113.7603,36.5037],[-113.663,36.5324],[-113.5656,36.5611],[-113.4681,36.5897],[-113.3706,36.6181],[-113.3445,36.6257],[-113.2469,36.6541],[-113.1491,36.6824],[-113.0514,36.7106],[-112.9535,36.7387],[-112.8555,36.7667],[-112.7575,36.7947],[-112.6594,36.8225],[-112.5613,36.8503],[-112.4631,36.8781],[-112.4404,36.8844],[-112.3512,36.9094],[-112.2529,36.937],[-112.1544,36.9645],[-112.0559,36.9919],[-111.9574,37.0192],[-111.8587,37.0464],[-111.76,37.0736],[-111.6612,37.1007],[-111.5623,37.1277],[-111.4634,37.1546],[-111.3644,37.1814],[-111.2653,37.2082],[-111.224,37.2193],[-111.1248,37.2459],[-111.0255,37.2725],[-110.9262,37.2989],[-110.8268,37.3253],[-110.7273,37.3516],[-110.6278,37.3778],[-110.5282,37.4039],[-110.4285,37.4299],[-110.3288,37.4558],[-110.229,37.4817],[-110.1291,37.5075],[-110.0292,37.5332],[-109.9292,37.5588],[-109.8291,37.5843],[-109.7289,37.6098],[-109.6287,37.6351],[-109.5284,37.6604],[-109.4281,37.6856],[-109.3277,37.7107],[-109.2272,37.7357],[-109.1266,37.7606],[-109.026,37.7855],[-108.9313,37.8087],[-108.8349,37.8426],[-108.7383,37.8763],[-108.6417,37.9099],[-108.5451,37.9435],[-108.4483,37.977],[-108.3514,38.0104],[-108.2545,38.0437],[-108.1574,38.077],[-108.0603,38.1102],[-107.9631,38.1433],[-107.8658,38.1763],[-107.7684,38.2092],[-107.6709,38.2421],[-107.5733,38.2748],[-107.4757,38.3075],[-107.3779,38.3401],[-107.2801,38.3727],[-107.1822,38.4051],[-107.0841,38.4375],[-107.0397,38.4521],[-106.9366,38.4727],[-106.8334,38.4932],[-106.7302,38.5137],[-106.6269,38.534],[-106.5236,38.5542],[-106.4201,38.5744],[-106.3167,38.5944],[-106.2131,38.6144],[-106.1096,38.6343],[-106.0059,38.6541],[-105.9022,38.6738],[-105.7985,38.6934],[-105.6947,38.7129],[-105.5908,38.7323],[-105.4869,38.7516],[-105.3829,38.7709],[-105.2789,38.79],[-105.1748,38.8091],[-105.0706,38.828],[-104.9664,38.8469],[-104.8622,38.8657],[-104.7578,38.8843],[-104.6535,38.9029],[-104.5491,38.9214],[-104.4446,38.9398],[-104.34,38.9581],[-104.2355,38.9763],[-104.1308,38.9945],[-104.0261,39.0125],[-103.9214,39.0304],[-103.8166,39.0483],[-103.7117,39.066],[-103.6068,39.0837],[-103.5019,39.1012],[-103.3969,39.1187],[-103.2918,39.1361],[-103.1867,39.1533],[-103.0815,39.1705],[-102.9763,39.1876],[-102.8711,39.2046],[-102.7657,39.2215],[-102.6604,39.2383],[-102.555,39.255],[-102.4495,39.2716],[-102.344,39.2881],[-102.2384,39.3046],[-102.1328,39.3209],[-102.0271,39.3371],[-101.9214,39.3533],[-101.8157,39.3693],[-101.7098,39.3852],[-101.6923,39.3879],[-101.5935,39.4213],[-101.4946,39.4546],[-101.3957,39.4879],[-101.2966,39.5211],[-101.1974,39.5542],[-101.0982,39.5872],[-100.9988,39.6201],[-100.8993,39.6529],[-100.7998,39.6857],[-100.7002,39.7183],[-100.6004,39.7509],[-100.5006,39.7834],[-100.4007,39.8158],[-100.3007,39.8481],[-100.2005,39.8804],[-100.1003,39.9125],[-100.0,39.9446],[-99.8996,39.9766],[-99.7992,40.0085],[-99.6986,40.0403],[-99.5979,40.072],[-99.4971,40.1036],[-99.3963,40.1352],[-99.2953,40.1666],[-99.1943,40.198],[-99.0931,40.2293],[-98.9919,40.2605],[-98.8906,40.2916],[-98.7891,40.3226],[-98.6876,40.3535],[-98.586,40.3843],[-98.4843,40.4151],[-98.3825,40.4457],[-98.2806,40.4763],[-98.1787,40.5068],[-98.0766,40.5372],[-97.9744,40.5675],[-97.8722,40.5977],[-97.7698,40.6278],[-97.6674,40.6578],[-97.5648,40.6878],[-97.4622,40.7176],[-97.3595,40.7474],[-97.2567,40.7771],[-97.1538,40.8066],[-97.0508,40.8361],[-96.9477,40.8655],[-96.8445,40.8948],[-96.742,40.9238],[-96.6335,40.9389],[-96.525,40.9538],[-96.4164,40.9687],[-96.3078,40.9835],[-96.1991,40.9981],[-96.0904,41.0127],[-95.9816,41.0272],[-95.8728,41.0415],[-95.764,41.0558],[-95.655,41.0699],[-95.5461,41.084],[-95.4371,41.0979],[-95.328,41.1118],[-95.2189,41.1255],[-95.1098,41.1392],[-95.0006,41.1527],[-94.8914,41.1661],[-94.7821,41.1795],[-94.6728,41.1927],[-94.5634,41.2058],[-94.454,41.2188],[-94.3445,41.2318],[-94.235,41.2446],[-94.1255,41.2573],[-94.0159,41.2699],[-93.9063,41.2824],[-93.7966,41.2948],[-93.6869,41.3071],[-93.5772,41.3193],[-93.4674,41.3313],[-93.3575,41.3433],[-93.2477,41.3552],[-93.1378,41.367],[-93.0278,41.3786],[-92.9178,41.3902],[-92.8078,41.4017],[-92.6977,41.413],[-92.5876,41.4243],[-92.4901,41.4341],[-92.38,41.4452],[-92.2697,41.4561],[-92.1595,41.4669],[-92.0492,41.4776],[-91.9389,41.4883],[-91.8285,41.4988],[-91.7181,41.5092],[-91.6133,41.519],[-91.502,41.5214],[-91.3908,41.5238],[-91.2795,41.526],[-91.1682,41.5282],[-91.0569,41.5302],[-90.9457,41.5321],[-90.8344,41.534],[-90.7231,41.5357],[-90.6118,41.5373],[-90.5005,41.5388],[-90.3891,41.5402],[-90.2778,41.5415],[-90.1665,41.5426],[-90.0552,41.5437],[-89.9438,41.5447],[-89.8325,41.5455],[-89.7212,41.5463],[-89.6098,41.5469],[-89.4985,41.5474],[-89.3872,41.5479],[-89.3364,41.548],[-89.225,41.5483],[-89.1137,41.5484],[-89.0023,41.5485],[-88.891,41.5484],[-88.7797,41.5483],[-88.6683,41.548],[-88.557,41.5476],[-88.4456,41.5471],[-88.3343,41.5465],[-88.3184,41.5464],[-88.2085,41.5596],[-88.0985,41.5726],[-87.9884,41.5856],[-87.8783,41.5984],[-87.7682,41.6112],[-87.658,41.6238],[-87.5478,41.6363],[-87.4375,41.6488],[-87.3272,41.6611],[-87.2169,41.6733],[-87.1065,41.6854],[-86.9961,41.6974],[-86.8856,41.7093],[-86.7751,41.7211],[-86.6645,41.7328],[-86.554,41.7443],[-86.4433,41.7558],[-86.3327,41.7672],[-86.3185,41.7686]]}},{"type":"Feature","properties":{"ident":"J146","type":"CONV","run":2},"geometry":{"type":"LineString","coordinates":[[-78.1428,41.215],[-78.0335,41.2015],[-77.9242,41.1879],[-77.815,41.1742],[-77.7058,41.1604],[-77.5967,41.1465],[-77.4876,41.1325],[-77.3786,41.1184],[-77.2696,41.1042],[-77.1607,41.0899],[-77.0518,41.0754],[-76.943,41.0609],[-76.8342,41.0463],[-76.7254,41.0316],[-76.6653,41.0234],[-76.56,40.9982],[-76.4548,40.9729],[-76.3497,40.9475],[-76.2447,40.9221],[-76.1398,40.8965],[-76.0349,40.8708],[-75.9301,40.845],[-75.8254,40.8192],[-75.7208,40.7932],[-75.6163,40.7672],[-75.5119,40.741],[-75.4547,40.7267],[-75.345,40.7213],[-75.2353,40.7159],[-75.1256,40.7103],[-75.016,40.7046],[-74.9063,40.6988],[-74.7967,40.693],[-74.687,40.687],[-74.5775,40.6809],[-74.4679,40.6747],[-74.3583,40.6684],[-74.2488,40.662],[-74.1393,40.6555],[-74.0298,40.6489],[-73.9203,40.6422],[-73.8109,40.6354],[-73.7714,40.6329]]}},{"type":"Feature","properties":{"ident":"J148","type":"CONV","run":1},"geometry":{"type":"LineString","coordinates":[[-117.7705,38.0033],[-117.6705,38.0306],[-117.5705,38.0578],[-117.4705,38.085],[-117.3703,38.112],[-117.2701,38.139],[-117.1698,38.1659],[-117.0694,38.1927],[-116.969,38.2195],[-116.8685,38.2461],[-116.7679,38.2727],[-116.6672,38.2991],[-116.5665,38.3255],[-116.4657,38.3518],[-116.3648,38.378],[-116.2638,38.4041],[-116.1986,38.4209],[-116.0975,38.4469],[-115.9964,38.4728],[-115.8952,38.4986],[-115.7939,38.5243],[-115.6925,38.5499],[-115.591,38.5755],[-115.4895,38.6009],[-115.3879,38.6263],[-115.2863,38.6516],[-115.1846,38.6767],[-115.0828,38.7018],[-114.9809,38.7269],[-114.8789,38.7518],[-114.7769,38.7766],[-114.6748,38.8013],[-114.5727,38.826],[-114.4705,38.8506],[-114.3682,38.875],[-114.2658,38.8994],[-114.1634,38.9237],[-114.0608,38.9479],[-113.9583,38.9721],[-113.8556,38.9961],[-113.7529,39.02],[-113.6501,39.0439],[-113.5473,39.0676],[-113.4443,39.0913],[-113.3413,39.1149],[-113.2383,39.1384],[-113.1351,39.1618],[-113.0319,39.1851],[-112.9287,39.2083],[-112.8253,39.2314],[-112.7219,39.2544],[-112.6185,39.2774],[-112.5149,39.3002],[-112.5056,39.3023],[-112.4084,39.3382],[-112.3111,39.3741],[-112.2138,39.4099],[-112.1163,39.4456],[-112.0187,39.4813],[-111.9211,39.5168],[-111.8233,39.5523],[-111.7254,39.5877],[-111.6275,39.623],[-111.5294,39.6582],[-111.4312,39.6934],[-111.333,39.7284],[-111.2346,39.7634],[-111.1361,39.7983],[-111.0376,39.8331],[-110.9389,39.8678],[-110.8401,39.9025],[-110.7413,39.937],[-110.6423,39.9715],[-110.5432,40.0059],[-110.4441,40.0402],[-110.3448,40.0744],[-110.2454,40.1086],[-110.146,40.1426],[-110.127,40.1491],[-110.0224,40.1726],[-109.9177,40.1959],[-109.813,40.2192],[-109.7081,40.2424],[-109.6032,40.2655],[-109.4982,40.2885],[-109.3932,40.3114],[-109.288,40.3342],[-109.1828,40.3569],[-109.0776,40.3795],[-108.9722,40.402],[-108.8668,40.4245],[-108.7614,40.4468],[-108.6558,40.469],[-108.5502,40.4912],[-108.4445,40.5132],[-108.3387,40.5351],[-108.2329,40.557],[-108.127,40.5787],[-108.0211,40.6004],[-107.915,40.622],[-107.8089,40.6434],[-107.7028,40.6648],[-107.5965,40.686],[-107.4902,40.7072],[-107.3839,40.7283],[-107.2774,40.7493],[-107.1709,40.7701],[-107.0643,40.7909],[-106.9577,40.8116],[-106.851,40.8322],[-106.7442,40.8526],[-106.6374,40.873],[-106.5305,40.8933],[-106.4235,40.9135],[-106.3165,40.9336],[-106.2094,40.9536],[-106.1022,40.9735],[-105.995,40.9933],[-105.8877,41.0129],[-105.7803,41.0325],[-105.6729,41.052],[-105.5654,41.0714],[-105.4579,41.0907],[-105.3503,41.1099],[-105.2426,41.129],[-105.1349,41.148],[-105.0271,41.1669],[-104.9192,41.1857],[-104.8113,41.2044],[-104.7729,41.211],[-104.6673,41.2361],[-104.5615,41.261],[-104.4557,41.2859],[-104.3498,41.3107],[-104.2439,41.3354],[-104.1378,41.36],[-104.0317,41.3845],[-103.9255,41.4089],[-103.8192,41.4332],[-103.7128,41.4574],[-103.6063,41.4815],[-103.4998,41.5056],[-103.3932,41.5295],[-103.2865,41.5533],[-103.1797,41.577],[-103.0729,41.6006],[-102.966,41.6241],[-102.9301,41.632],[-102.8231,41.6554],[-102.716,41.6786],[-102.6088,41.7018],[-102.5015,41.7248],[-102.3942,41.7478],[-102.2868,41.7707],[-102.1793,41.7934],[-102.0717,41.8161],[-101.964,41.8387],[-101.8563,41.8611],[-101.7485,41.8835],[-101.6406,41.9057],[-101.5327,41.9279],[-101.4246,41.95],[-101.3165,41.9719],[-101.2084,41.9938],[-101.1001,42.0155],[-100.9918,42.0372],[-100.8834,42.0587],[-100.7749,42.0802],[-100.6664,42.1015],[-100.5578,42.1228],[-100.4491,42.1439],[-100.3403,42.165],[-100.2315,42.1859],[-100.1226,42.2067],[-100.0136,42.2275],[-99.9045,42.2481],[-99.7954,42.2686],[-99.6862,42.289],[-99.577,42.3094],[-99.4676,42.3296],[-99.3582,42.3497],[-99.2487,42.3697],[-99.1392,42.3896],[-99.0296,42.4094],[-98.9199,42.4291],[-98.8102,42.4487],[-98.7003,42.4681],[-98.6869,42.4705],[-98.576,42.4861],[-98.4649,42.5016],[-98.3538,42.517],[-98.2427,42.5323],[-98.1315,42.5475],[-98.0202,42.5626],[-97.9089,42.5775],[-97.7975,42.5924],[-97.6861,42.6072],[-97.5747,42.6218],[-97.4631,42.6363],[-97.3516,42.6508],[-97.2399,42.6651],[-97.1283,42.6793],[-97.0165,42.6934],[-96.9048,42.7074],[-96.7929,42.7213],[-96.681,42.7351],[-96.5691,42.7487],[-96.4571,42.7623],[-96.3451,42.7757],[-96.233,42.7891],[-96.1209,42.8023],[-96.0088,42.8154],[-95.8965,42.8285],[-95.7843,42.8414],[-95.672,42.8542],[-95.5596,42.8668],[-95.4472,42.8794],[-95.3348,42.8919],[-95.2223,42.9042],[-95.1097,42.9165],[-94.9971,42.9286],[-94.8845,42.9406],[-94.7718,42.9525],[-94.7142,42.9586],[-94.6014,42.9703],[-94.4887,42.982],[-94.3758,42.9935],[-94.263,43.0049],[-94.1501,43.0162],[-94.0371,43.0274],[-93.9241,43.0384],[-93.8111,43.0494],[-93.698,43.0602],[-93.5849,43.071],[-93.4718,43.0816],[-93.3586,43.0921],[-93.3299,43.0948]]}},{"type":"Feature","properties":{"ident":"J149","type":"CONV","run":1},"geometry":{"type":"LineString","coordinates":[[-77.4667,38.9346],[-77.5737,38.9386],[-77.6801,38.9425],[-77.7871,38.9464],[-77.8941,38.9501],[-78.0012,38.9537],[-78.1083,38.9573],[-78.2153,38.9607],[-78.2164,38.9607],[-78.3235,38.9641],[-78.4306,38.9673],[-78.5377,38.9704],[-78.6448,38.9735],[-78.7519,38.9764],[-78.859,38.9792],[-78.8591,38.9792],[-78.9663,38.982],[-79.0734,38.9846],[-79.1806,38.9872],[-79.2877,38.9896],[-79.3949,38.992],[-79.5021,38.9942],[-79.6092,38.9964],[-79.7164,38.9984],[-79.8236,39.0004],[-79.9308,39.0023],[-80.038,39.004],[-80.0893,39.0048],[-80.1965,39.0065],[-80.3037,39.008],[-80.411,39.0094],[-80.5182,39.0107],[-80.6254,39.0119],[-80.7326,39.0131],[-80.8139,39.0139],[-80.9085,39.0531],[-81.0032,39.0923],[-81.093,39.1294],[-81.188,39.1685],[-81.283,39.2075],[-81.3781,39.2464],[-81.4733,39.2852],[-81.5103,39.3002],[-81.6056,39.3389],[-81.7011,39.3776],[-81.7372,39.3922],[-81.8329,39.4307],[-81.9286,39.4692],[-82.0245,39.5075],[-82.1204,39.5458],[-82.2165,39.584],[-82.3127,39.6222],[-82.4089,39.6602],[-82.5053,39.6982],[-82.6018,39.7361],[-82.6984,39.7739],[-82.7951,39.8116],[-82.8919,39.8493],[-82.9888,39.8869],[-83.0858,39.9243],[-83.1829,39.9618],[-83.1869,39.9633],[-83.2842,40.0006],[-83.3815,40.0379],[-83.479,40.075],[-83.5082,40.0862],[-83.6058,40.1232],[-83.7035,40.1602],[-83.8013,40.1971],[-83.8992,40.2339],[-83.9972,40.2706],[-84.0431,40.2878],[-84.1282,40.3401],[-84.2135,40.3923],[-84.2988,40.4444],[-84.3843,40.4965],[-84.47,40.5485],[-84.5558,40.6005],[-84.6417,40.6524],[-84.7277,40.7042],[-84.8139,40.756],[-84.9002,40.8077],[-84.9866,40.8593],[-85.0732,40.9109],[-85.1599,40.9624],[-85.1881,40.9791]]}},{"type":"Feature","properties":{"ident":"J15","type":"CONV","run":1},"geometry":{"type":"LineString","coordinates":[[-95.3457,29.9569],[-95.4419,29.9555],[-95.5381,29.9541],[-95.6342,29.9526],[-95.7304,29.951],[-95.8265,29.9493],[-95.9227,29.9476],[-96.0188,29.9458],[-96.115,29.9439],[-96.2111,29.942],[-96.3072,29.94],[-96.4034,29.9379],[-96.4995,29.9357],[-96.5956,29.9335],[-96.6917,29.9312],[-96.7879,29.9289],[-96.884,29.9264],[-96.9801,29.924],[-97.0762,29.9214],[-97.1723,29.9187],[-97.2684,29.916],[-97.3644,29.9133],[-97.4605,29.9104],[-97.5566,29.9075],[-97.6527,29.9045],[-97.7487,29.9015],[-97.8448,29.8983],[-97.8613,29.8978],[-97.9498,29.9303],[-98.0384,29.9628],[-98.127,29.9952],[-98.2157,30.0276],[-98.3044,30.0598],[-98.3932,30.0921],[-98.4821,30.1242],[-98.571,30.1564],[-98.66,30.1884],[-98.749,30.2204],[-98.8381,30.2523],[-98.9273,30.2842],[-99.0165,30.316],[-99.1057,30.3478],[-99.1951,30.3795],[-99.2844,30.4111],[-99.3739,30.4426],[-99.4634,30.4742],[-99.5529,30.5056],[-99.6425,30.537],[-99.7322,30.5683],[-99.8175,30.598],[-99.9057,30.6325],[-99.9939,30.6668],[-100.0822,30.7012],[-100.1705,30.7354],[-100.259,30.7696],[-100.3475,30.8038],[-100.436,30.8379],[-100.5246,30.8719],[-100.6133,30.9058],[-100.702,30.9397],[-100.7908,30.9736],[-100.8797,31.0074],[-100.9686,31.0411],[-101.0576,31.0747],[-101.1466,31.1083],[-101.2357,31.1419],[-101.3249,31.1753],[-101.3292,31.1769],[-101.4184,31.2103],[-101.5077,31.2437],[-101.5971,31.2769],[-101.6865,31.3102],[-101.776,31.3433],[-101.8656,31.3764],[-101.9552,31.4094],[-102.0222,31.434],[-102.1119,31.4669],[-102.2017,31.4998],[-102.2916,31.5326],[-102.3815,31.5653],[-102.4715,31.598],[-102.5615,31.6306],[-102.6517,31.6631],[-102.7418,31.6956],[-102.8321,31.728],[-102.9224,31.7603],[-103.0128,31.7926],[-103.1032,31.8248],[-103.1937,31.857],[-103.2438,31.8748],[-103.3043,31.9404],[-103.3649,32.0059],[-103.4256,32.0715],[-103.4864,32.137],[-103.5473,32.2025],[-103.6083,32.2679],[-103.6693,32.3334],[-103.7305,32.3988],[-103.7917,32.4641],[-103.853,32.5295],[-103.9144,32.5948],[-103.9759,32.6601],[-104.0375,32.7253],[-104.0992,32.7905],[-104.161,32.8557],[-104.2228,32.9209],[-104.2848,32.986],[-104.3468,33.0511],[-104.409,33.1161],[-104.4712,33.1812],[-104.5335,33.2462],[-104.5959,33.3112],[-104.6213,33.3375],[-104.6856,33.4012],[-104.7501,33.4648],[-104.8146,33.5284],[-104.8534,33.5666],[-104.9181,33.6301],[-104.9829,33.6936],[-105.0478,33.7571],[-105.1128,33.8206],[-105.1779,33.884],[-105.2431,33.9474],[-105.3083,34.0107],[-105.3737,34.074],[-105.4392,34.1373],[-105.5048,34.2006],[-105.5705,34.2638],[-105.6362,34.327],[-105.678,34.367],[-105.7595,34.4162],[-105.8411,34.4653],[-105.9228,34.5144],[-106.0046,34.5634],[-106.0865,34.6124],[-106.1685,34.6613],[-106.2506,34.7102],[-106.3328,34.759],[-106.4151,34.8077],[-106.4975,34.8564],[-106.58,34.9051],[-106.6626,34.9536],[-106.7452,35.0022],[-106.8163,35.0438],[-106.8688,35.1152],[-106.9213,35.1866],[-106.974,35.258],[-107.0267,35.3294],[-107.0795,35.4007],[-107.0923,35.418],[-107.1453,35.4893],[-107.1983,35.5606],[-107.2514,35.6318],[-107.3046,35.7031],[-107.358,35.7743],[-107.4114,35.8455],[-107.4285,35.8683],[-107.4821,35.9394],[-107.5357,36.0106],[-107.5894,36.0817],[-107.6433,36.1527],[-107.6932,36.2185],[-107.7473,36.2896],[-107.8014,36.3606],[-107.8556,36.4316],[-107.9099,36.5026],[-107.9643,36.5735],[-108.0188,36.6444],[-108.0734,36.7153],[-108.0989,36.7484],[-108.1225,36.8296],[-108.1462,36.9107],[-108.1699,36.9918],[-108.1937,37.073],[-108.2175,37.1541],[-108.2414,37.2353],[-108.2653,37.3164],[-108.2893,37.3975],[-108.3133,37.4786],[-108.3374,37.5597],[-108.3615,37.6408],[-108.3857,37.7219],[-108.4099,37.803],[-108.4342,37.8841],[-108.4586,37.9652],[-108.4829,38.0463],[-108.5074,38.1274],[-108.5319,38.2085],[-108.5565,38.2895],[-108.5811,38.3706],[-108.6055,38.4509],[-108.6302,38.532],[-108.655,38.613],[-108.6799,38.6941],[-108.7047,38.7751],[-108.7074,38.7839],[-108.7324,38.8649],[-108.7574,38.9459],[-108.7825,39.027],[-108.7926,39.0596],[-108.8781,39.11],[-108.9637,39.1603],[-109.0494,39.2106],[-109.1353,39.2608],[-109.2213,39.3109],[-109.3074,39.361],[-109.3937,39.411],[-109.48,39.461],[-109.5665,39.5108],[-109.6531,39.5607],[-109.7398,39.6104],[-109.8267,39.6601],[-109.9137,39.7097],[-110.0008,39.7593],[-110.088,39.8088],[-110.1754,39.8582],[-110.2629,39.9076],[-110.3505,39.9569],[-110.4382,40.0062],[-110.5261,40.0553],[-110.6141,40.1044],[-110.7022,40.1535],[-110.7904,40.2024],[-110.8788,40.2513],[-110.9673,40.3002],[-111.0559,40.3489],[-111.1447,40.3976],[-111.2336,40.4463],[-111.3226,40.4948],[-111.4117,40.5433],[-111.501,40.5918],[-111.5904,40.6401],[-111.6799,40.6884],[-111.7696,40.7366],[-111.8594,40.7848],[-111.9493,40.8329],[-111.9819,40.8503],[-112.064,40.9058],[-112.1463,40.9613],[-112.2287,41.0168],[-112.3113,41.0722],[-112.394,41.1275],[-112.4768,41.1828],[-112.5597,41.238],[-112.6428,41.2931],[-112.7261,41.3482],[-112.8095,41.4033],[-112.893,41.4582],[-112.9767,41.5132],[-113.0605,41.568],[-113.1444,41.6228],[-113.2285,41.6775],[-113.3128,41.7322],[-113.3972,41.7868],[-113.4817,41.8414],[-113.5663,41.8958],[-113.6512,41.9503],[-113.7361,42.0046],[-113.8212,42.0589],[-113.9065,42.1131],[-113.9919,42.1673],[-114.0774,42.2214],[-114.1631,42.2755],[-114.2489,42.3294],[-114.3349,42.3833],[-114.4211,42.4372],[-114.4895,42.4799],[-114.5744,42.5349],[-114.6594,42.5898],[-114.7447,42.6447],[-114.83,42.6995],[-114.9155,42.7543],[-115.0012,42.8089],[-115.087,42.8636],[-115.173,42.9181],[-115.2591,42.9726],[-115.3454,43.0271],[-115.4318,43.0814],[-115.5184,43.1357],[-115.6051,43.19],[-115.692,43.2441],[-115.779,43.2982],[-115.8662,43.3523],[-115.9536,43.4062],[-116.0411,43.4602],[-116.1288,43.514],[-116.1921,43.5528],[-116.2967,43.5875],[-116.4014,43.6221],[-116.5062,43.6567],[-116.6111,43.6911],[-116.7161,43.7254],[-116.8213,43.7597],[-116.9266,43.7938],[-117.032,43.8278],[-117.1375,43.8618],[-117.2431,43.8956],[-117.3489,43.9294],[-117.4548,43.963],[-117.5608,43.9966],[-117.6669,44.03],[-117.7731,44.0634],[-117.8795,44.0966],[-117.986,44.1298],[-118.0926,44.1629],[-118.1993,44.1958],[-118.3061,44.2287],[-118.4131,44.2614],[-118.5202,44.2941],[-118.6274,44.3267],[-118.7347,44.3591],[-118.8421,44.3915],[-118.9497,44.4237],[-119.0573,44.4559],[-119.1651,44.488],[-119.273,44.5199],[-119.3811,44.5518],[-119.4892,44.5835],[-119.5975,44.6152],[-119.7058,44.6467],[-119.7116,44.6484],[-119.8231,44.6742],[-119.9346,44.6998],[-120.0462,44.7254],[-120.1579,44.7508],[-120.2697,44.7762],[-120.3816,44.8014],[-120.4936,44.8265],[-120.6057,44.8515],[-120.7179,44.8764],[-120.8302,44.9012],[-120.9426,44.9259],[-121.0551,44.9505],[-121.1676,44.9749],[-121.2803,44.9993],[-121.3931,45.0235],[-121.506,45.0476],[-121.6189,45.0716],[-121.6971,45.0882],[-121.7781,45.1488],[-121.8592,45.2094],[-121.9406,45.27],[-122.0221,45.3304],[-122.1037,45.3909],[-122.1856,45.4512],[-122.2676,45.5115],[-122.3498,45.5718],[-122.4322,45.6319],[-122.5148,45.6921],[-122.5916,45.7478]]}},{"type":"Feature","properties":{"ident":"J151","type":"CONV","run":1},"geometry":{"type":"LineString","coordinates":[[-86.8998,33.6701],[-86.9546,33.7399],[-87.0094,33.8097],[-87.0643,33.8794],[-87.1193,33.9491],[-87.1744,34.0188],[-87.1746,34.019],[-87.2298,34.0887],[-87.2851,34.1583],[-87.3404,34.2279],[-87.3959,34.2975],[-87.4515,34.3671],[-87.5071,34.4366],[-87.5629,34.5061],[-87.6187,34.5756],[-87.6747,34.645],[-87.6866,34.6599],[-87.7427,34.7293],[-87.7988,34.7987],[-87.855,34.8681],[-87.9114,34.9374],[-87.9678,35.0068],[-88.0243,35.0761],[-88.0809,35.1453],[-88.1376,35.2146],[-88.1944,35.2838],[-88.2514,35.353],[-88.3084,35.4222],[-88.3655,35.4913],[-88.4227,35.5604],[-88.4244,35.5625],[-88.4817,35.6316],[-88.5392,35.7006],[-88.5967,35.7696],[-88.6544,35.8386],[-88.7121,35.9075],[-88.77,35.9765],[-88.8279,36.0453],[-88.886,36.1142],[-88.9441,36.1831],[-89.0024,36.2519],[-89.0351,36.2904],[-89.0935,36.3592],[-89.152,36.428],[-89.2105,36.4967],[-89.2692,36.5654],[-89.328,36.6341],[-89.3869,36.7027],[-89.4459,36.7713],[-89.5051,36.8399],[-89.5408,36.8813],[-89.6001,36.9499],[-89.6595,37.0184],[-89.719,37.0868],[-89.7786,37.1553],[-89.8383,37.2237],[-89.8981,37.2921],[-89.958,37.3605],[-90.018,37.4288],[-90.0782,37.4971],[-90.1384,37.5654],[-90.1988,37.6336],[-90.2341,37.6735],[-90.251,37.7557],[-90.268,37.838],[-90.285,37.9202],[-90.3021,38.0024],[-90.3021,38.0028],[-90.3192,38.085],[-90.3363,38.1672],[-90.3535,38.2495],[-90.3707,38.3317],[-90.388,38.4139],[-90.4052,38.4961],[-90.4226,38.5784],[-90.4399,38.6606],[-90.4573,38.7428],[-90.4748,38.825],[-90.4824,38.8607],[-90.5659,38.9128],[-90.6496,38.9649],[-90.7334,39.0168],[-90.8173,39.0688],[-90.9013,39.1206],[-90.9855,39.1724],[-91.0698,39.2242],[-91.1542,39.2758],[-91.2388,39.3275],[-91.3234,39.379],[-91.4082,39.4305],[-91.4931,39.4819],[-91.5782,39.5333],[-91.6633,39.5846],[-91.7486,39.6359],[-91.834,39.687],[-91.9196,39.7382],[-92.0053,39.7892],[-92.0911,39.8402],[-92.177,39.8912],[-92.263,39.942],[-92.3492,39.9928],[-92.4355,40.0436],[-92.522,40.0942],[-92.5917,40.135],[-92.691,40.1694],[-92.7904,40.2037],[-92.8899,40.238],[-92.9895,40.2721],[-93.0892,40.3061],[-93.189,40.3401],[-93.289,40.374],[-93.389,40.4078],[-93.4891,40.4415],[-93.5893,40.4751],[-93.6896,40.5087],[-93.79,40.5421],[-93.8905,40.5755],[-93.9911,40.6088],[-94.0918,40.6419],[-94.1926,40.675],[-94.2935,40.7081],[-94.3945,40.741],[-94.4956,40.7738],[-94.5968,40.8066],[-94.6982,40.8392],[-94.7996,40.8718],[-94.9011,40.9043],[-95.0027,40.9367],[-95.1044,40.969],[-95.2062,41.0012],[-95.3081,41.0333],[-95.4101,41.0654],[-95.5122,41.0973],[-95.6144,41.1292],[-95.7167,41.1609],[-95.7369,41.1672],[-95.8312,41.2108],[-95.9256,41.2544],[-96.0202,41.298],[-96.1148,41.3414],[-96.2097,41.3848],[-96.3046,41.428],[-96.3997,41.4713],[-96.4948,41.5144],[-96.5902,41.5574],[-96.6856,41.6004],[-96.7812,41.6433],[-96.8769,41.6861],[-96.9727,41.7288],[-97.0687,41.7715],[-97.1647,41.8141],[-97.2609,41.8566],[-97.3573,41.899],[-97.4537,41.9413],[-97.5503,41.9835],[-97.6471,42.0257],[-97.7439,42.0678],[-97.8409,42.1098],[-97.938,42.1517],[-98.0352,42.1936],[-98.1326,42.2353],[-98.2301,42.277],[-98.3277,42.3186],[-98.4254,42.3601],[-98.5233,42.4016],[-98.6213,42.4429],[-98.6869,42.4705],[-98.7877,42.5083],[-98.8885,42.546],[-98.9895,42.5836],[-99.0905,42.6211],[-99.1917,42.6586],[-99.2931,42.6959],[-99.3945,42.7332],[-99.4961,42.7703],[-99.5978,42.8074],[-99.6996,42.8444],[-99.8015,42.8813],[-99.9036,42.9181],[-100.0057,42.9548],[-100.108,42.9915],[-100.2105,43.028],[-100.313,43.0644],[-100.4157,43.1008],[-100.5185,43.137],[-100.6214,43.1732],[-100.7244,43.2093],[-100.8276,43.2453],[-100.9308,43.2811],[-101.0342,43.3169],[-101.1377,43.3526],[-101.2414,43.3883],[-101.3451,43.4238],[-101.449,43.4592],[-101.553,43.4945],[-101.6572,43.5298],[-101.7614,43.5649],[-101.8658,43.5999],[-101.9703,43.6349],[-102.0749,43.6697],[-102.1796,43.7045],[-102.2845,43.7392],[-102.3894,43.7737],[-102.4945,43.8082],[-102.5998,43.8426],[-102.7051,43.8768],[-102.8106,43.911],[-102.9161,43.9451],[-103.0123,43.976],[-103.1158,44.0135],[-103.2195,44.0508],[-103.3232,44.088],[-103.4271,44.1251],[-103.5312,44.1621],[-103.6353,44.1991],[-103.7396,44.2359],[-103.844,44.2727],[-103.9486,44.3093],[-104.0533,44.3459],[-104.1581,44.3823],[-104.263,44.4187],[-104.3681,44.455],[-104.4733,44.4911],[-104.5786,44.5272],[-104.6841,44.5632],[-104.7897,44.5991],[-104.8954,44.6348],[-105.0013,44.6705],[-105.1073,44.7061],[-105.2134,44.7416],[-105.3196,44.777],[-105.426,44.8123],[-105.5325,44.8475],[-105.6391,44.8826],[-105.7459,44.9176],[-105.8528,44.9525],[-105.9598,44.9873],[-106.067,45.0219],[-106.1743,45.0565],[-106.2817,45.091],[-106.3892,45.1254],[-106.4969,45.1597],[-106.6047,45.1939],[-106.7126,45.228],[-106.8207,45.262],[-106.9289,45.2959],[-107.0372,45.3297],[-107.1456,45.3633],[-107.2542,45.3969],[-107.3629,45.4304],[-107.4718,45.4638],[-107.5807,45.497],[-107.6898,45.5302],[-107.799,45.5633],[-107.9084,45.5962],[-108.0179,45.6291],[-108.1275,45.6618],[-108.2372,45.6945],[-108.3471,45.727],[-108.4571,45.7594],[-108.5672,45.7918],[-108.6247,45.8086],[-108.7439,45.8025],[-108.8631,45.7963],[-108.9822,45.79],[-109.1014,45.7835],[-109.2205,45.7769],[-109.3396,45.7702],[-109.4586,45.7634],[-109.5777,45.7564],[-109.6966,45.7494],[-109.8156,45.7422],[-109.9345,45.7349],[-110.0535,45.7274],[-110.1723,45.7199],[-110.2912,45.7122],[-110.41,45.7044],[-110.5287,45.6964],[-110.6475,45.6884],[-110.7662,45.6802],[-110.8848,45.6719],[-110.9886,45.6645],[-111.1044,45.6845],[-111.2203,45.7043],[-111.3363,45.724],[-111.4523,45.7436],[-111.5684,45.7631],[-111.6846,45.7824],[-111.8009,45.8017],[-111.9173,45.8208],[-112.0337,45.8398],[-112.1502,45.8587],[-112.1696,45.8618]]}},{"type":"Feature","properties":{"ident":"J152","type":"CONV","run":1},"geometry":{"type":"LineString","coordinates":[[-84.0431,40.2878],[-83.9339,40.2908],[-83.8247,40.2937],[-83.7156,40.2965],[-83.6064,40.2992],[-83.4971,40.3018],[-83.3879,40.3043],[-83.2787,40.3067],[-83.1716,40.309],[-83.0624,40.3112],[-82.9531,40.3133],[-82.8439,40.3153],[-82.7346,40.3171],[-82.6253,40.3189],[-82.5161,40.3206],[-82.4068,40.3222],[-82.2975,40.3236],[-82.1882,40.325],[-82.0789,40.3263],[-81.9727,40.3274],[-81.8634,40.3285],[-81.7541,40.3294],[-81.6448,40.3303],[-81.5355,40.331],[-81.4262,40.3317],[-81.3169,40.3322],[-81.2076,40.3327],[-81.0983,40.333],[-80.989,40.3332],[-80.8796,40.3334],[-80.7703,40.3334],[-80.661,40.3333],[-80.5517,40.3331],[-80.4424,40.3329],[-80.3331,40.3325],[-80.2238,40.332],[-80.1144,40.3314],[-80.0573,40.331],[-79.948,40.3303],[-79.8387,40.3294],[-79.7294,40.3285],[-79.6201,40.3274],[-79.5108,40.3262],[-79.4015,40.325],[-79.2922,40.3236],[-79.183,40.3221],[-79.0737,40.3206],[-78.9644,40.3189],[-78.8552,40.3171],[-78.8342,40.3167],[-78.7249,40.3166],[-78.6156,40.3164],[-78.5063,40.3161],[-78.397,40.3157],[-78.3574,40.3155],[-78.2481,40.3149],[-78.1389,40.3143],[-78.0296,40.3135],[-77.9203,40.3126],[-77.811,40.3116],[-77.7712,40.3112],[-77.6619,40.3101],[-77.5526,40.3089],[-77.4434,40.3076],[-77.3341,40.3061],[-77.2249,40.3046],[-77.1156,40.303],[-77.0696,40.3022]]}},{"type":"Feature","properties":{"ident":"J153","type":"CONV","run":1},"geometry":{"type":"LineString","coordinates":[[-117.8682,42.5906],[-117.866,42.6739],[-117.8639,42.7572],[-117.8617,42.8405],[-117.8595,42.9238],[-117.8573,43.0071],[-117.8552,43.0904],[-117.853,43.1738],[-117.8508,43.2571],[-117.8486,43.3404],[-117.8464,43.4237],[-117.8442,43.507],[-117.8419,43.5903],[-117.8397,43.6736],[-117.8375,43.757],[-117.8352,43.8403],[-117.833,43.9236],[-117.8307,44.0069],[-117.8285,44.0902],[-117.8262,44.1735],[-117.824,44.2568],[-117.8217,44.3402],[-117.8194,44.4235],[-117.8171,44.5068],[-117.8148,44.5901],[-117.8125,44.6734],[-117.8102,44.7567],[-117.8079,44.84],[-117.8079,44.8406],[-117.8026,44.9239],[-117.7973,45.0071],[-117.792,45.0903],[-117.7867,45.1736],[-117.7814,45.2568],[-117.7777,45.3144],[-117.7723,45.3977],[-117.767,45.4809],[-117.7616,45.5642],[-117.7562,45.6474],[-117.7508,45.7306],[-117.7491,45.7563],[-117.7437,45.8395],[-117.7382,45.9228],[-117.7327,46.006],[-117.7272,46.0893],[-117.7217,46.1725],[-117.7162,46.2557],[-117.7106,46.339],[-117.705,46.4222],[-117.6995,46.5055],[-117.6939,46.5887],[-117.6882,46.6719],[-117.6826,46.7552],[-117.677,46.8384],[-117.6713,46.9217],[-117.6656,47.0049],[-117.6614,47.0658],[-117.6557,47.149],[-117.65,47.2322],[-117.6442,47.3155],[-117.6385,47.3987],[-117.6327,47.482],[-117.6269,47.565]]}},{"type":"Feature","properties":{"ident":"J154","type":"CONV","run":1},"geometry":{"type":"LineString","coordinates":[[-116.9223,40.5691],[-116.8129,40.576],[-116.7036,40.5828],[-116.5942,40.5894],[-116.4848,40.596],[-116.3754,40.6025],[-116.266,40.6088],[-116.1565,40.6151],[-116.047,40.6213],[-115.9375,40.6273],[-115.828,40.6333],[-115.7185,40.6391],[-115.6089,40.6449],[-115.4993,40.6505],[-115.3897,40.6561],[-115.2801,40.6615],[-115.1705,40.6668],[-115.0608,40.6721],[-114.9512,40.6772],[-114.9204,40.6786],[-114.8107,40.6836],[-114.701,40.6885],[-114.5913,40.6933],[-114.4815,40.6979],[-114.3718,40.7025],[-114.262,40.7069],[-114.1522,40.7113],[-114.0424,40.7156],[-113.9326,40.7197],[-113.8228,40.7237],[-113.7574,40.7261],[-113.648,40.7346],[-113.5386,40.7429],[-113.4292,40.7511],[-113.3197,40.7593],[-113.2102,40.7673],[-113.1006,40.7753],[-112.9911,40.7831],[-112.8815,40.7908],[-112.7719,40.7984],[-112.6622,40.806],[-112.5526,40.8134],[-112.4429,40.8207],[-112.3332,40.8279],[-112.2235,40.835],[-112.1137,40.842],[-112.0039,40.8489],[-111.9819,40.8503],[-111.8779,40.8778],[-111.7738,40.9052],[-111.6696,40.9326],[-111.5654,40.9598],[-111.461,40.9869],[-111.3566,41.014],[-111.2521,41.0409],[-111.1475,41.0678],[-111.0428,41.0946],[-110.938,41.1213],[-110.8332,41.1478],[-110.7282,41.1743],[-110.6232,41.2007],[-110.5181,41.227],[-110.4129,41.2532],[-110.3076,41.2793],[-110.2022,41.3053],[-110.0968,41.3312],[-109.9912,41.357],[-109.8856,41.3827],[-109.7799,41.4084],[-109.6741,41.4339],[-109.5683,41.4593],[-109.4623,41.4846],[-109.3563,41.5099],[-109.2502,41.535],[-109.144,41.5601],[-109.0377,41.585],[-109.0153,41.5902],[-108.9085,41.5666],[-108.8017,41.5429],[-108.6951,41.5191],[-108.5885,41.4952],[-108.4819,41.4712],[-108.3755,41.4471],[-108.2691,41.423],[-108.1629,41.3987],[-108.0566,41.3743],[-107.9505,41.3498],[-107.8445,41.3252],[-107.7385,41.3005],[-107.6326,41.2758],[-107.5268,41.2509],[-107.4211,41.2259],[-107.3155,41.2009],[-107.2099,41.1757],[-107.1044,41.1504],[-106.999,41.1251],[-106.8937,41.0996],[-106.7885,41.0741],[-106.6833,41.0485],[-106.5782,41.0227],[-106.4732,40.9969],[-106.3683,40.971],[-106.3158,40.9579],[-106.211,40.9319],[-106.1063,40.9057],[-106.0017,40.8795],[-105.8972,40.8531],[-105.7927,40.8267],[-105.6884,40.8001],[-105.5841,40.7735],[-105.5115,40.7549],[-105.4432,40.6896],[-105.3749,40.6243],[-105.3068,40.559],[-105.2389,40.4936],[-105.2388,40.4936],[-105.171,40.4281],[-105.1033,40.3627],[-105.0357,40.2972],[-104.9683,40.2316],[-104.901,40.166],[-104.8338,40.1004],[-104.7676,40.0355],[-104.7006,39.9698],[-104.6339,39.9041],[-104.6243,39.8947],[-104.5451,39.8377],[-104.466,39.7807],[-104.387,39.7236],[-104.3082,39.6665],[-104.2295,39.6093],[-104.1509,39.5521],[-104.0725,39.4948],[-103.9941,39.4375],[-103.9391,39.3971],[-103.861,39.3397],[-103.783,39.2822],[-103.7052,39.2247],[-103.6275,39.1671],[-103.5499,39.1095],[-103.4724,39.0518],[-103.395,38.9941],[-103.3178,38.9363],[-103.2407,38.8784],[-103.1738,38.8281],[-103.0765,38.7934],[-102.9794,38.7586],[-102.8824,38.7237],[-102.7854,38.6888],[-102.6886,38.6538],[-102.5918,38.6187],[-102.4952,38.5835],[-102.3986,38.5482],[-102.3021,38.5129],[-102.2058,38.4775],[-102.1095,38.442],[-102.0133,38.4064],[-101.9172,38.3707],[-101.8275,38.3373],[-101.7316,38.3015],[-101.6358,38.2657],[-101.54,38.2297],[-101.4444,38.1937],[-101.3489,38.1576],[-101.2534,38.1214],[-101.1581,38.0851],[-101.0628,38.0488],[-100.9677,38.0124],[-100.8726,37.9759],[-100.7776,37.9393],[-100.725,37.919]]}},{"type":"Feature","properties":{"ident":"J156","type":"CONV","run":1},"geometry":{"type":"LineString","coordinates":[[-114.3942,38.2502],[-114.2958,38.2813],[-114.1972,38.3123],[-114.0986,38.3432],[-113.9999,38.3741],[-113.9011,38.4048],[-113.8022,38.4355],[-113.7032,38.4661],[-113.6041,38.4966],[-113.505,38.527],[-113.4058,38.5574],[-113.3065,38.5876],[-113.2071,38.6178],[-113.1076,38.6479],[-113.008,38.6779],[-112.9084,38.7078],[-112.8087,38.7377],[-112.7088,38.7674],[-112.609,38.7971],[-112.509,38.8267],[-112.4089,38.8562],[-112.3088,38.8856],[-112.2086,38.9149],[-112.1082,38.9442],[-112.0079,38.9733],[-111.9074,39.0024],[-111.8068,39.0314],[-111.7062,39.0603],[-111.6055,39.0891],[-111.5047,39.1178],[-111.4038,39.1464],[-111.3028,39.175],[-111.2018,39.2035],[-111.1006,39.2318],[-110.9994,39.2601],[-110.8981,39.2883],[-110.7968,39.3164],[-110.6953,39.3445],[-110.5938,39.3724],[-110.4922,39.4002],[-110.3905,39.428],[-110.2887,39.4557],[-110.1868,39.4832],[-110.0849,39.5107],[-109.9829,39.5381],[-109.8807,39.5655],[-109.7786,39.5927],[-109.6763,39.6198],[-109.574,39.6469],[-109.4715,39.6738],[-109.369,39.7007],[-109.2665,39.7275],[-109.1638,39.7541],[-109.061,39.7807],[-108.9582,39.8072],[-108.8553,39.8337],[-108.7523,39.86],[-108.6493,39.8862],[-108.5462,39.9124],[-108.4429,39.9384],[-108.3396,39.9644],[-108.2363,39.9902],[-108.1328,40.016],[-108.0293,40.0417],[-107.9257,40.0673],[-107.925,40.0674]]}},{"type":"Feature","properties":{"ident":"J157","type":"CONV","run":1},"geometry":{"type":"LineString","coordinates":[[-110.127,40.1491],[-110.0252,40.179],[-109.9233,40.2087],[-109.8214,40.2384],[-109.7193,40.268],[-109.6171,40.2975],[-109.5149,40.3269],[-109.4126,40.3562],[-109.3101,40.3855],[-109.2076,40.4146],[-109.105,40.4437],[-109.0023,40.4726],[-108.8995,40.5015],[-108.7967,40.5303],[-108.6937,40.5589],[-108.5907,40.5875],[-108.4875,40.616],[-108.3843,40.6444],[-108.281,40.6728],[-108.1776,40.701],[-108.0741,40.7291],[-107.9705,40.7572],[-107.8669,40.7851],[-107.7631,40.813],[-107.6593,40.8407],[-107.5554,40.8684],[-107.4514,40.896],[-107.3473,40.9235],[-107.2431,40.9508],[-107.1388,40.9781],[-107.0345,41.0053],[-106.9301,41.0324],[-106.8255,41.0595],[-106.7209,41.0864],[-106.6162,41.1132],[-106.5114,41.1399],[-106.4066,41.1666],[-106.3016,41.1931],[-106.1966,41.2195],[-106.0915,41.2459],[-105.9863,41.2721],[-105.881,41.2983],[-105.7756,41.3244],[-105.7209,41.3378],[-105.616,41.3651],[-105.5111,41.3922],[-105.406,41.4193],[-105.3008,41.4463],[-105.1956,41.4732],[-105.0902,41.4999],[-104.9848,41.5266],[-104.8793,41.5532],[-104.7737,41.5797],[-104.668,41.6061],[-104.5622,41.6324],[-104.4564,41.6586],[-104.3504,41.6847],[-104.2444,41.7107],[-104.1383,41.7366],[-104.0321,41.7624],[-103.9258,41.7881],[-103.8194,41.8137],[-103.713,41.8392],[-103.6064,41.8646],[-103.4998,41.89],[-103.482,41.8942],[-103.4641,41.9764],[-103.4461,42.0587],[-103.428,42.1409],[-103.4099,42.2232],[-103.3918,42.3054],[-103.3736,42.3876],[-103.3553,42.4699],[-103.3371,42.5521],[-103.3187,42.6343],[-103.3003,42.7166],[-103.2819,42.7988],[-103.2634,42.881],[-103.2449,42.9632],[-103.2263,43.0454],[-103.2077,43.1276],[-103.189,43.2099],[-103.1702,43.2921],[-103.1515,43.3743],[-103.1326,43.4565],[-103.1137,43.5387],[-103.0948,43.6209],[-103.0758,43.703],[-103.0568,43.7852],[-103.0377,43.8674],[-103.0185,43.9496],[-103.0123,43.976]]}},{"type":"Feature","properties":{"ident":"J158","type":"CONV","run":1},"geometry":{"type":"LineString","coordinates":[[-118.0329,38.5653],[-117.9541,38.6215],[-117.8752,38.6775],[-117.7962,38.7336],[-117.717,38.7896],[-117.6377,38.8455],[-117.5583,38.9014],[-117.4788,38.9572],[-117.3992,39.013],[-117.3194,39.0687],[-117.2395,39.1244],[-117.1594,39.18],[-117.0793,39.2355],[-116.999,39.291],[-116.9186,39.3465],[-116.8381,39.4019],[-116.7574,39.4572],[-116.6766,39.5125],[-116.5957,39.5677],[-116.5146,39.6229],[-116.4334,39.678],[-116.3868,39.7096],[-116.3054,39.7646],[-116.2239,39.8195],[-116.1422,39.8744],[-116.0604,39.9292],[-115.9785,39.984],[-115.8965,40.0387],[-115.8143,40.0934],[-115.732,40.148],[-115.6495,40.2026],[-115.5669,40.257],[-115.4842,40.3115],[-115.4014,40.3658],[-115.3184,40.4201],[-115.2711,40.451],[-115.1879,40.5052],[-115.1046,40.5594],[-115.0212,40.6135],[-114.9376,40.6675],[-114.9204,40.6786],[-114.8366,40.7326],[-114.7527,40.7865],[-114.6687,40.8403],[-114.5845,40.8941],[-114.5002,40.9478],[-114.4158,41.0015],[-114.3312,41.0551],[-114.2464,41.1086],[-114.1616,41.1621],[-114.0766,41.2155],[-113.9915,41.2688],[-113.9062,41.3221],[-113.8406,41.363],[-113.7548,41.4158],[-113.6687,41.4686],[-113.5826,41.5213],[-113.4963,41.574],[-113.4099,41.6266],[-113.3233,41.6791],[-113.2366,41.7316],[-113.1497,41.784],[-113.0627,41.8363],[-112.9756,41.8886],[-112.8883,41.9408],[-112.8009,41.9929],[-112.7133,42.045],[-112.6256,42.097],[-112.5377,42.1489],[-112.4512,42.1999],[-112.3417,42.2188],[-112.2321,42.2377],[-112.1224,42.2564],[-112.0126,42.275],[-111.9028,42.2935],[-111.7929,42.3119],[-111.6829,42.3302],[-111.5729,42.3484],[-111.4628,42.3665],[-111.3527,42.3844],[-111.2425,42.4023],[-111.1322,42.4201],[-111.0219,42.4378],[-110.9115,42.4553],[-110.8011,42.4728],[-110.6905,42.4901],[-110.58,42.5074],[-110.4693,42.5245],[-110.3586,42.5415],[-110.2479,42.5584],[-110.1371,42.5752],[-110.1092,42.5795],[-109.9983,42.5962],[-109.8874,42.6128],[-109.7764,42.6293],[-109.6653,42.6457],[-109.5542,42.662],[-109.4431,42.6782],[-109.3318,42.6943],[-109.2205,42.7102],[-109.1092,42.7261],[-108.9978,42.7418],[-108.8863,42.7575],[-108.7748,42.773],[-108.6632,42.7885],[-108.5516,42.8038],[-108.4399,42.819],[-108.3282,42.8341],[-108.2164,42.8491],[-108.1046,42.864],[-107.9927,42.8788],[-107.8807,42.8934],[-107.7687,42.908],[-107.6566,42.9224],[-107.5445,42.9368],[-107.4324,42.951],[-107.3201,42.9651],[-107.2079,42.9791],[-107.0956,42.993],[-106.9832,43.0068],[-106.8708,43.0205],[-106.7583,43.0341],[-106.6458,43.0476],[-106.5332,43.0609],[-106.4206,43.0741],[-106.3079,43.0873],[-106.277,43.0909],[-106.1709,43.1215],[-106.0647,43.1521],[-105.9583,43.1825],[-105.8519,43.2129],[-105.7453,43.2432],[-105.6387,43.2733],[-105.5319,43.3034],[-105.425,43.3334],[-105.318,43.3633],[-105.211,43.393],[-105.1038,43.4227],[-104.9965,43.4523],[-104.8891,43.4817],[-104.7816,43.5111],[-104.674,43.5404],[-104.5663,43.5695],[-104.4585,43.5986],[-104.3505,43.6276],[-104.2425,43.6564],[-104.1344,43.6852],[-104.0262,43.7138],[-103.9178,43.7424],[-103.8094,43.7709],[-103.7009,43.7992],[-103.5922,43.8275],[-103.4835,43.8556],[-103.3746,43.8836],[-103.2657,43.9116],[-103.1566,43.9394],[-103.0475,43.9671],[-103.0123,43.976],[-102.9075,44.0115],[-102.8026,44.0468],[-102.6975,44.0821],[-102.5923,44.1173],[-102.4869,44.1523],[-102.3815,44.1873],[-102.2759,44.2221],[-102.1702,44.2569],[-102.0644,44.2916],[-101.9584,44.3262],[-101.8523,44.3606],[-101.7461,44.395],[-101.6398,44.4293],[-101.5334,44.4635],[-101.4268,44.4975],[-101.3201,44.5315],[-101.2132,44.5654],[-101.1063,44.5992],[-100.9992,44.6329],[-100.892,44.6665],[-100.7847,44.6999],[-100.6773,44.7333],[-100.5697,44.7666],[-100.462,44.7998],[-100.3542,44.8329],[-100.2462,44.8658],[-100.1382,44.8987],[-100.03,44.9315],[-99.9217,44.9642],[-99.8132,44.9967],[-99.7047,45.0292],[-99.596,45.0615],[-99.4872,45.0938],[-99.3782,45.126],[-99.2692,45.158],[-99.16,45.19],[-99.0507,45.2218],[-98.9413,45.2535],[-98.8318,45.2852],[-98.7221,45.3167],[-98.6123,45.3481],[-98.5024,45.3795],[-98.3924,45.4107],[-98.3687,45.4174]]}},{"type":"Feature","properties":{"ident":"J159","type":"CONV","run":1},"geometry":{"type":"LineString","coordinates":[[-122.5916,45.7478],[-122.5287,45.677],[-122.466,45.6061],[-122.4035,45.5352],[-122.3411,45.4643],[-122.2788,45.3933],[-122.2168,45.3223],[-122.1549,45.2513],[-122.0931,45.1802],[-122.0315,45.1091],[-121.9701,45.0379],[-121.9088,44.9668],[-121.8476,44.8956],[-121.7866,44.8243],[-121.7258,44.7531],[-121.6651,44.6818],[-121.6045,44.6104],[-121.5441,44.5391],[-121.4839,44.4677],[-121.4238,44.3962],[-121.3638,44.3248],[-121.304,44.2533],[-121.3036,44.2528]]}},{"type":"Feature","properties":{"ident":"J16","type":"CONV","run":1},"geometry":{"type":"LineString","coordinates":[[-122.5916,45.7478],[-122.4721,45.748],[-122.3527,45.748],[-122.2333,45.7478],[-122.1139,45.7476],[-121.9945,45.7472],[-121.8751,45.7468],[-121.8556,45.7467],[-121.7362,45.7462],[-121.6168,45.7455],[-121.4973,45.7448],[-121.3779,45.7439],[-121.2585,45.7429],[-121.1392,45.7418],[-121.0198,45.7405],[-120.9004,45.7391],[-120.781,45.7376],[-120.6616,45.736],[-120.5423,45.7343],[-120.4229,45.7324],[-120.3036,45.7304],[-120.1842,45.7283],[-120.0649,45.726],[-119.9456,45.7237],[-119.8263,45.7212],[-119.8,45.7206],[-119.6807,45.7179],[-119.5614,45.7151],[-119.4422,45.7122],[-119.3229,45.7091],[-119.2037,45.7059],[-119.0845,45.7026],[-118.9652,45.6992],[-118.9387,45.6984],[-118.8198,45.7048],[-118.7008,45.711],[-118.5817,45.7171],[-118.4627,45.7231],[-118.3436,45.7289],[-118.2245,45.7347],[-118.1054,45.7403],[-117.9862,45.7457],[-117.8671,45.7511],[-117.7491,45.7563],[-117.6299,45.7614],[-117.5107,45.7664],[-117.3914,45.7712],[-117.2721,45.776],[-117.1528,45.7806],[-117.0335,45.7851],[-116.9142,45.7894],[-116.7948,45.7937],[-116.6754,45.7978],[-116.5561,45.8018],[-116.4367,45.8057],[-116.3172,45.8094],[-116.1978,45.813],[-116.0783,45.8165],[-115.9589,45.8199],[-115.8394,45.8231],[-115.7199,45.8262],[-115.6004,45.8292],[-115.4809,45.8321],[-115.3613,45.8349],[-115.2418,45.8375],[-115.1714,45.839],[-115.0518,45.8414],[-114.9322,45.8437],[-114.8127,45.8458],[-114.6931,45.8479],[-114.5735,45.8498],[-114.4539,45.8516],[-114.3342,45.8532],[-114.2146,45.8548],[-114.095,45.8562],[-113.9754,45.8575],[-113.8557,45.8586],[-113.7361,45.8597],[-113.6164,45.8606],[-113.4968,45.8614],[-113.3771,45.8621],[-113.2575,45.8626],[-113.1378,45.863],[-113.0181,45.8633],[-112.8985,45.8635],[-112.7788,45.8635],[-112.6591,45.8634],[-112.5395,45.8632],[-112.4198,45.8629],[-112.3002,45.8624],[-112.1805,45.8619],[-112.1696,45.8618],[-112.05,45.8618],[-111.9303,45.8617],[-111.8106,45.8614],[-111.691,45.861],[-111.5713,45.8605],[-111.4517,45.8599],[-111.332,45.8591],[-111.2124,45.8582],[-111.0927,45.8572],[-110.9731,45.8561],[-110.8535,45.8548],[-110.7338,45.8535],[-110.6142,45.8519],[-110.4946,45.8503],[-110.375,45.8486],[-110.2554,45.8467],[-110.1358,45.8447],[-110.0162,45.8425],[-109.8967,45.8403],[-109.7771,45.8379],[-109.6575,45.8354],[-109.538,45.8328],[-109.4185,45.83],[-109.299,45.8271],[-109.1795,45.8241],[-109.06,45.821],[-108.9405,45.8178],[-108.821,45.8144],[-108.7016,45.8109],[-108.6247,45.8086],[-108.5058,45.7997],[-108.387,45.7906],[-108.2682,45.7815],[-108.1495,45.7722],[-108.0308,45.7628],[-107.9121,45.7533],[-107.7935,45.7437],[-107.6749,45.7339],[-107.5564,45.724],[-107.4379,45.714],[-107.3195,45.7039],[-107.2011,45.6936],[-107.0827,45.6832],[-106.9644,45.6727],[-106.8461,45.6621],[-106.7279,45.6514],[-106.6097,45.6405],[-106.4916,45.6295],[-106.3735,45.6184],[-106.2555,45.6072],[-106.1375,45.5958],[-106.0195,45.5844],[-105.9016,45.5728],[-105.7838,45.5611],[-105.666,45.5492],[-105.5482,45.5373],[-105.4305,45.5252],[-105.3129,45.513],[-105.1953,45.5007],[-105.0777,45.4882],[-104.9602,45.4757],[-104.8428,45.463],[-104.7254,45.4502],[-104.6435,45.4412],[-104.5262,45.4282],[-104.409,45.415],[-104.2918,45.4018],[-104.1747,45.3884],[-104.0576,45.3749],[-103.9406,45.3613],[-103.8236,45.3476],[-103.7067,45.3337],[-103.5899,45.3197],[-103.4731,45.3056],[-103.3564,45.2914],[-103.2397,45.2771],[-103.1231,45.2626],[-103.0065,45.2481],[-102.89,45.2334],[-102.7736,45.2186],[-102.6572,45.2037],[-102.5409,45.1886],[-102.4247,45.1735],[-102.3085,45.1582],[-102.1924,45.1428],[-102.0763,45.1273],[-101.9603,45.1116],[-101.8444,45.0959],[-101.7285,45.08],[-101.7151,45.0782],[-101.6045,45.0492],[-101.494,45.0201],[-101.3836,44.9909],[-101.2733,44.9616],[-101.1631,44.9322],[-101.0531,44.9027],[-100.9431,44.8731],[-100.8333,44.8434],[-100.7236,44.8136],[-100.614,44.7836],[-100.5045,44.7536],[-100.3952,44.7234],[-100.2859,44.6932],[-100.1768,44.6629],[-100.0677,44.6324],[-99.9588,44.6018],[-99.85,44.5712],[-99.7413,44.5404],[-99.6328,44.5096],[-99.5243,44.4786],[-99.416,44.4475],[-99.3078,44.4163],[-99.1997,44.3851],[-99.0917,44.3537],[-98.9838,44.3222],[-98.876,44.2906],[-98.7684,44.259],[-98.6609,44.2272],[-98.5534,44.1953],[-98.4462,44.1633],[-98.339,44.1312],[-98.2319,44.099],[-98.125,44.0668],[-98.0181,44.0344],[-97.9114,44.0019],[-97.8048,43.9693],[-97.6984,43.9366],[-97.592,43.9039],[-97.4857,43.871],[-97.3796,43.838],[-97.2736,43.8049],[-97.1677,43.7718],[-97.062,43.7385],[-96.9563,43.7051],[-96.8508,43.6716],[-96.7811,43.6495],[-96.6682,43.6331],[-96.5554,43.6167],[-96.4426,43.6001],[-96.3299,43.5834],[-96.2172,43.5666],[-96.1046,43.5497],[-95.9921,43.5327],[-95.8796,43.5156],[-95.7672,43.4984],[-95.6548,43.481],[-95.5426,43.4636],[-95.4304,43.446],[-95.3229,43.4291],[-95.2108,43.4112],[-95.0988,43.3933],[-94.9869,43.3753],[-94.875,43.3572],[-94.7632,43.3389],[-94.6514,43.3206],[-94.5398,43.3021],[-94.5129,43.2976],[-94.4013,43.2791],[-94.2898,43.2604],[-94.1783,43.2416],[-94.0669,43.2227],[-93.9556,43.2038],[-93.8443,43.1847],[-93.7331,43.1654],[-93.622,43.1461],[-93.511,43.1267],[-93.4,43.1072],[-93.3299,43.0948],[-93.2158,43.0977],[-93.1018,43.1006],[-92.9877,43.1033],[-92.8736,43.1059],[-92.7595,43.1084],[-92.6454,43.1108],[-92.5313,43.1131],[-92.4172,43.1152],[-92.3031,43.1173],[-92.189,43.1192],[-92.0748,43.121],[-91.9607,43.1227],[-91.8466,43.1243],[-91.7324,43.1258],[-91.6182,43.1272],[-91.5041,43.1284],[-91.3899,43.1296],[-91.2757,43.1306],[-91.1687,43.1315],[-91.0545,43.1323],[-90.9404,43.133],[-90.8262,43.1335],[-90.712,43.134],[-90.5978,43.1343],[-90.4836,43.1346],[-90.3927,43.1347],[-90.2785,43.1347],[-90.1643,43.1346],[-90.0501,43.1344],[-89.9359,43.1341],[-89.8217,43.1337],[-89.7076,43.1332],[-89.5934,43.1325],[-89.4792,43.1317],[-89.365,43.1309],[-89.335,43.1306],[-89.2208,43.1296],[-89.1066,43.1284],[-88.9925,43.1272],[-88.8783,43.1258],[-88.7641,43.1243],[-88.65,43.1227],[-88.5358,43.121],[-88.4217,43.1192],[-88.3076,43.1173],[-88.2844,43.1169]]}},{"type":"Feature","properties":{"ident":"J161","type":"CONV","run":1},"geometry":{"type":"LineString","coordinates":[[-109.1545,34.9658],[-109.111,35.0411],[-109.0674,35.1164],[-109.0236,35.1916],[-108.9799,35.2669],[-108.936,35.3422],[-108.892,35.4174],[-108.848,35.4926],[-108.8039,35.5678],[-108.7597,35.643],[-108.7154,35.7182],[-108.6711,35.7933],[-108.6266,35.8684],[-108.5821,35.9436],[-108.5375,36.0187],[-108.4928,36.0937],[-108.448,36.1688],[-108.4031,36.2439],[-108.3581,36.3189],[-108.3131,36.3939],[-108.268,36.4689],[-108.2227,36.5439],[-108.1774,36.6189],[-108.132,36.6938],[-108.0989,36.7484]]}},{"type":"Feature","properties":{"ident":"J162","type":"CONV","run":1},"geometry":{"type":"LineString","coordinates":[[-82.162,41.3581],[-82.0942,41.2921],[-82.0265,41.2261],[-81.959,41.1601],[-81.9052,41.1074],[-81.838,41.0413],[-81.7708,40.9752],[-81.7038,40.909],[-81.688,40.8934],[-81.6212,40.8271],[-81.5544,40.7608],[-81.4879,40.6945],[-81.4214,40.6282],[-81.3551,40.5618],[-81.2889,40.4953],[-81.2237,40.4297],[-81.1577,40.3632],[-81.0919,40.2966],[-81.0263,40.2301],[-80.9607,40.1635],[-80.8953,40.0968],[-80.83,40.0301],[-80.8172,40.017],[-80.7248,39.9732],[-80.6324,39.9292],[-80.5402,39.8852],[-80.4481,39.8411],[-80.3561,39.7969],[-80.2642,39.7527],[-80.1724,39.7084],[-80.0808,39.664],[-79.9892,39.6195],[-79.8978,39.575],[-79.8604,39.5567],[-79.7529,39.5485],[-79.6454,39.5401],[-79.5379,39.5317],[-79.4304,39.5231],[-79.346,39.5163],[-79.2386,39.5076],[-79.1321,39.4989],[-79.0248,39.49],[-78.9174,39.4809],[-78.8101,39.4718],[-78.7028,39.4626],[-78.5956,39.4533],[-78.4884,39.4439],[-78.3812,39.4344],[-78.274,39.4248],[-78.1669,39.415],[-78.0598,39.4052],[-77.9527,39.3953],[-77.8484,39.3856]]}},{"type":"Feature","properties":{"ident":"J163","type":"CONV","run":1},"geometry":{"type":"LineString","coordinates":[[-117.8079,44.8406],[-117.7285,44.7792],[-117.6493,44.7177],[-117.5703,44.6562],[-117.4914,44.5946],[-117.4127,44.5329],[-117.3342,44.4712],[-117.2558,44.4095],[-117.192,44.3591],[-117.114,44.2972],[-117.0361,44.2353],[-116.9583,44.1734],[-116.8808,44.1114],[-116.8033,44.0493],[-116.7261,43.9872],[-116.649,43.925],[-116.5721,43.8628],[-116.4953,43.8005],[-116.4187,43.7382],[-116.3423,43.6758],[-116.266,43.6134],[-116.1921,43.5528],[-116.0804,43.5332],[-115.9688,43.5134],[-115.8572,43.4935],[-115.7457,43.4736],[-115.6343,43.4535],[-115.5229,43.4333],[-115.4116,43.413],[-115.3004,43.3926],[-115.1893,43.3721],[-115.0783,43.3515],[-114.9673,43.3307],[-114.8564,43.3099],[-114.7456,43.289],[-114.6348,43.2679],[-114.5241,43.2468],[-114.4136,43.2255],[-114.303,43.2041],[-114.1926,43.1826],[-114.0822,43.1611],[-113.972,43.1394],[-113.8617,43.1176],[-113.7516,43.0957],[-113.6416,43.0737],[-113.5316,43.0516],[-113.4217,43.0294],[-113.3119,43.007],[-113.2022,42.9846],[-113.0925,42.9621],[-112.983,42.9394],[-112.8735,42.9167],[-112.7641,42.8939],[-112.6547,42.8709],[-112.6522,42.8704],[-112.5486,42.8362],[-112.445,42.8019],[-112.3416,42.7675],[-112.2383,42.733],[-112.1351,42.6985],[-112.032,42.6638],[-111.9291,42.629],[-111.8262,42.5942],[-111.7235,42.5593],[-111.6209,42.5242],[-111.5184,42.4891],[-111.416,42.4539],[-111.3137,42.4186],[-111.2115,42.3832],[-111.1095,42.3477],[-111.0076,42.3121],[-110.9058,42.2765],[-110.8041,42.2407],[-110.7025,42.2048],[-110.601,42.1689],[-110.4997,42.1329],[-110.3984,42.0968],[-110.2973,42.0606],[-110.1963,42.0243],[-110.0954,41.9879],[-109.9946,41.9514],[-109.894,41.9149],[-109.7934,41.8782],[-109.693,41.8415],[-109.5927,41.8047],[-109.4925,41.7678],[-109.3924,41.7308],[-109.2924,41.6937],[-109.1926,41.6565],[-109.0929,41.6193],[-109.0153,41.5902],[-108.929,41.5376],[-108.8427,41.4849],[-108.7566,41.4322],[-108.6707,41.3794],[-108.5849,41.3265],[-108.4992,41.2736],[-108.4137,41.2206],[-108.3283,41.1676],[-108.243,41.1145],[-108.1579,41.0613],[-108.0729,41.008],[-107.9881,40.9547],[-107.9034,40.9014],[-107.8188,40.8479],[-107.7344,40.7944],[-107.6501,40.7409],[-107.5659,40.6873],[-107.4819,40.6336],[-107.398,40.5799],[-107.3142,40.5261],[-107.3049,40.5201]]}},{"type":"Feature","properties":{"ident":"J166","type":"CONV","run":1},"geometry":{"type":"LineString","coordinates":[[-109.2631,32.2693],[-109.1793,32.3132],[-109.0955,32.357],[-109.0115,32.4008],[-108.9275,32.4446],[-108.8434,32.4883],[-108.7592,32.5319],[-108.675,32.5755],[-108.5906,32.619],[-108.5062,32.6625],[-108.4217,32.7059],[-108.3371,32.7493],[-108.2524,32.7926],[-108.1677,32.8358],[-108.0828,32.879],[-107.9979,32.9221],[-107.9129,32.9652],[-107.8278,33.0082],[-107.7427,33.0512],[-107.6574,33.0941],[-107.5721,33.1369],[-107.4867,33.1797],[-107.4011,33.2224],[-107.3156,33.2651],[-107.2806,33.2825],[-107.1809,33.2856],[-107.0813,33.2886],[-106.9817,33.2915],[-106.8821,33.2944],[-106.7824,33.2971],[-106.6828,33.2998],[-106.5831,33.3024],[-106.4835,33.3049],[-106.3838,33.3074],[-106.2841,33.3098],[-106.1845,33.312],[-106.0848,33.3142],[-105.9851,33.3164],[-105.8854,33.3184],[-105.7857,33.3204],[-105.686,33.3223],[-105.5863,33.3241],[-105.4866,33.3258],[-105.3869,33.3275],[-105.2872,33.329],[-105.1875,33.3305],[-105.0877,33.3319],[-104.988,33.3333],[-104.8883,33.3345],[-104.7885,33.3357],[-104.6888,33.3368],[-104.6213,33.3375],[-104.5227,33.3505],[-104.4242,33.3635],[-104.3256,33.3764],[-104.227,33.3893],[-104.1284,33.402],[-104.0297,33.4147],[-103.931,33.4273],[-103.8323,33.4398],[-103.7335,33.4522],[-103.6348,33.4646],[-103.536,33.4769],[-103.4371,33.4891],[-103.3383,33.5012],[-103.2394,33.5132],[-103.1405,33.5252],[-103.0415,33.5371],[-102.9426,33.5489],[-102.8436,33.5606],[-102.7445,33.5723],[-102.6455,33.5838],[-102.5464,33.5953],[-102.4473,33.6067],[-102.3482,33.6181],[-102.249,33.6293],[-102.1498,33.6405],[-102.0506,33.6516],[-101.9514,33.6626],[-101.8521,33.6736],[-101.7528,33.6844],[-101.6535,33.6952],[-101.5542,33.7059],[-101.4549,33.7165],[-101.3555,33.7271],[-101.2561,33.7375],[-101.1566,33.7479],[-101.0572,33.7582],[-100.9577,33.7684],[-100.8582,33.7786],[-100.7587,33.7887],[-100.7205,33.7925],[-100.6209,33.8024],[-100.5213,33.8123],[-100.4217,33.8221],[-100.3221,33.8318],[-100.2225,33.8415],[-100.1228,33.851],[-100.0231,33.8605],[-99.9234,33.8699],[-99.8236,33.8792],[-99.7239,33.8884],[-99.6241,33.8976],[-99.5243,33.9067],[-99.4245,33.9156],[-99.3246,33.9246],[-99.2248,33.9334],[-99.1249,33.9421],[-99.025,33.9508],[-98.925,33.9594],[-98.8251,33.9679],[-98.7251,33.9763],[-98.6251,33.9847],[-98.5935,33.9873]]}},{"type":"Feature","properties":{"ident":"J168","type":"CONV","run":1},"geometry":{"type":"LineString","coordinates":[[-98.5935,33.9873],[-98.654,34.0539],[-98.7146,34.1204],[-98.7752,34.1869],[-98.836,34.2534],[-98.8969,34.3198],[-98.9579,34.3862],[-99.0189,34.4526],[-99.0801,34.5189],[-99.1414,34.5852],[-99.2027,34.6515],[-99.2642,34.7178],[-99.3257,34.784],[-99.3874,34.8502],[-99.4491,34.9164],[-99.511,34.9825],[-99.5729,35.0486],[-99.635,35.1147],[-99.6972,35.1807],[-99.7594,35.2467],[-99.8218,35.3127],[-99.8842,35.3786],[-99.9468,35.4445],[-100.0095,35.5104],[-100.0722,35.5763],[-100.1351,35.6421],[-100.1981,35.7079],[-100.2611,35.7736],[-100.3243,35.8393],[-100.3876,35.905],[-100.451,35.9706],[-100.5145,36.0363],[-100.5781,36.1018],[-100.6418,36.1674],[-100.7056,36.2329],[-100.7696,36.2984],[-100.8336,36.3638],[-100.8977,36.4292],[-100.962,36.4946],[-101.0263,36.56],[-101.0908,36.6253],[-101.1554,36.6905],[-101.22,36.7558],[-101.2848,36.821],[-101.3497,36.8861],[-101.4148,36.9513],[-101.4799,37.0164],[-101.5451,37.0814],[-101.6105,37.1465],[-101.6759,37.2114],[-101.7415,37.2764],[-101.8072,37.3413],[-101.873,37.4062],[-101.9389,37.471],[-102.0049,37.5358],[-102.0711,37.6006],[-102.1373,37.6653],[-102.2037,37.73],[-102.2702,37.7947],[-102.3368,37.8593],[-102.4036,37.9239],[-102.4704,37.9885],[-102.5374,38.053],[-102.6044,38.1174],[-102.6716,38.1819],[-102.6875,38.1971]]}},{"type":"Feature","properties":{"ident":"J169","type":"CONV","run":1},"geometry":{"type":"LineString","coordinates":[[-118.432,33.9332],[-118.3414,33.8973],[-118.2508,33.8614],[-118.1603,33.8254],[-118.0699,33.7893],[-118.0548,33.7833],[-117.9549,33.7759],[-117.8551,33.7683],[-117.7553,33.7607],[-117.6555,33.753],[-117.5557,33.7453],[-117.4559,33.7374],[-117.3562,33.7295],[-117.2564,33.7215],[-117.1567,33.7134],[-117.057,33.7052],[-116.9574,33.697],[-116.8577,33.6887],[-116.7581,33.6803],[-116.6585,33.6718],[-116.5589,33.6632],[-116.4593,33.6546],[-116.3597,33.6458],[-116.2602,33.637],[-116.1607,33.6281],[-116.1602,33.6281],[-116.0602,33.6263],[-115.9601,33.6245],[-115.8601,33.6226],[-115.7617,33.6206],[-115.6616,33.6185],[-115.5616,33.6163],[-115.4616,33.6141],[-115.3616,33.6118],[-115.2615,33.6093],[-115.1615,33.6069],[-115.0615,33.6043],[-114.9615,33.6016],[-114.8615,33.5989],[-114.7615,33.5961],[-114.7613,33.5961],[-114.6618,33.5873],[-114.5624,33.5784],[-114.4629,33.5695],[-114.3635,33.5604],[-114.2641,33.5513],[-114.1647,33.5421],[-114.0654,33.5329],[-113.966,33.5235],[-113.8889,33.5162],[-113.7896,33.5067],[-113.6903,33.4971],[-113.5911,33.4875],[-113.4918,33.4777],[-113.3926,33.4679],[-113.3489,33.4636],[-113.2586,33.4281],[-113.1683,33.3925],[-113.0781,33.3568],[-112.988,33.3211],[-112.898,33.2853],[-112.808,33.2494],[-112.7181,33.2135],[-112.6283,33.1775],[-112.5386,33.1415],[-112.4489,33.1054],[-112.3593,33.0692],[-112.2698,33.033],[-112.1803,32.9967],[-112.091,32.9603],[-112.0017,32.9239],[-111.9124,32.8874],[-111.9087,32.8859]]}},{"type":"Feature","properties":{"ident":"J17","type":"CONV","run":1},"geometry":{"type":"LineString","coordinates":[[-98.4613,29.644],[-98.4982,29.721],[-98.5351,29.7979],[-98.572,29.8748],[-98.6091,29.9517],[-98.6461,30.0286],[-98.6833,30.1055],[-98.7205,30.1824],[-98.7577,30.2592],[-98.795,30.3361],[-98.8324,30.4129],[-98.8698,30.4897],[-98.9073,30.5666],[-98.9448,30.6434],[-98.9825,30.7202],[-99.0201,30.797],[-99.0578,30.8737],[-99.0956,30.9505],[-99.1335,31.0273],[-99.1714,31.104],[-99.2093,31.1807],[-99.2474,31.2575],[-99.2855,31.3342],[-99.3236,31.4109],[-99.3608,31.4854],[-99.3991,31.5621],[-99.4374,31.6388],[-99.4758,31.7154],[-99.5143,31.7921],[-99.5528,31.8687],[-99.5914,31.9453],[-99.6301,32.0219],[-99.6688,32.0985],[-99.7076,32.1751],[-99.7465,32.2517],[-99.7854,32.3282],[-99.8244,32.4048],[-99.8634,32.4813],[-99.8635,32.4813],[-99.9106,32.5546],[-99.9578,32.6278],[-100.005,32.701],[-100.0524,32.7742],[-100.0998,32.8474],[-100.1473,32.9206],[-100.1949,32.9937],[-100.2425,33.0668],[-100.2903,33.14],[-100.3381,33.213],[-100.386,33.2861],[-100.434,33.3592],[-100.482,33.4322],[-100.5302,33.5052],[-100.5784,33.5782],[-100.6267,33.6512],[-100.6751,33.7242],[-100.7205,33.7925],[-100.769,33.8654],[-100.8176,33.9383],[-100.8663,34.0112],[-100.9151,34.0841],[-100.964,34.1569],[-101.0129,34.2298],[-101.0608,34.3009],[-101.11,34.3737],[-101.1592,34.4465],[-101.2085,34.5192],[-101.2579,34.592],[-101.3074,34.6647],[-101.3569,34.7374],[-101.4066,34.81],[-101.4563,34.8827],[-101.5061,34.9553],[-101.5561,35.0279],[-101.6061,35.1005],[-101.6562,35.1731],[-101.699,35.2351],[-101.7599,35.302],[-101.8209,35.3688],[-101.8819,35.4357],[-101.9431,35.5025],[-102.0044,35.5692],[-102.0657,35.636],[-102.1272,35.7027],[-102.1888,35.7694],[-102.2505,35.836],[-102.3122,35.9026],[-102.3741,35.9692],[-102.4361,36.0357],[-102.4982,36.1023],[-102.5604,36.1687],[-102.6227,36.2352],[-102.6851,36.3016],[-102.7476,36.368],[-102.8103,36.4344],[-102.873,36.5007],[-102.9358,36.567],[-102.9988,36.6332],[-103.0618,36.6995],[-103.0992,36.7386],[-103.1624,36.8048],[-103.2258,36.8709],[-103.2893,36.937],[-103.3528,37.0031],[-103.4165,37.0691],[-103.4803,37.1351],[-103.5442,37.2011],[-103.6001,37.2587],[-103.6557,37.3293],[-103.7115,37.3998],[-103.7674,37.4704],[-103.8233,37.5409],[-103.8794,37.6114],[-103.9356,37.6818],[-103.9919,37.7523],[-104.0483,37.8227],[-104.1048,37.893],[-104.1614,37.9634],[-104.2182,38.0337],[-104.275,38.104],[-104.3319,38.1743],[-104.389,38.2445],[-104.4295,38.2943],[-104.4406,38.3771],[-104.4518,38.46],[-104.463,38.5429],[-104.4743,38.6257],[-104.4855,38.7086],[-104.4968,38.7915],[-104.5081,38.8743],[-104.5195,38.9572],[-104.5308,39.04],[-104.5422,39.1229],[-104.5537,39.2058],[-104.5651,39.2886],[-104.5766,39.3715],[-104.5881,39.4543],[-104.5996,39.5372],[-104.6112,39.62],[-104.621,39.6901],[-104.6291,39.7732],[-104.6373,39.8563],[-104.6454,39.9394],[-104.6536,40.0225],[-104.6618,40.1056],[-104.67,40.1887],[-104.6783,40.2718],[-104.6865,40.3549],[-104.6948,40.438],[-104.7031,40.5211],[-104.7115,40.6042],[-104.7198,40.6873],[-104.7282,40.7703],[-104.7366,40.8534],[-104.745,40.9365],[-104.7534,41.0196],[-104.7619,41.1027],[-104.7704,41.1858],[-104.7729,41.211],[-104.7269,41.2868],[-104.6808,41.3626],[-104.6345,41.4383],[-104.5882,41.5141],[-104.5417,41.5898],[-104.4951,41.6655],[-104.4485,41.7412],[-104.4017,41.8169],[-104.3548,41.8925],[-104.3078,41.9682],[-104.2606,42.0438],[-104.2134,42.1194],[-104.1661,42.195],[-104.1186,42.2705],[-104.071,42.3461],[-104.0233,42.4216],[-103.9755,42.4971],[-103.9276,42.5726],[-103.8796,42.648],[-103.8314,42.7235],[-103.7832,42.7989],[-103.7348,42.8743],[-103.6863,42.9497],[-103.6377,43.025],[-103.5889,43.1004],[-103.54,43.1757],[-103.4911,43.251],[-103.442,43.3262],[-103.3927,43.4015],[-103.3434,43.4767],[-103.2939,43.5519],[-103.2443,43.6271],[-103.1946,43.7023],[-103.1447,43.7774],[-103.0948,43.8526],[-103.0447,43.9277],[-103.0123,43.976]]}},{"type":"Feature","properties":{"ident":"J170","type":"CONV","run":1},"geometry":{"type":"LineString","coordinates":[[-106.4357,43.9997],[-106.4211,43.9171],[-106.4065,43.8344],[-106.392,43.7517],[-106.3774,43.6691],[-106.363,43.5864],[-106.3485,43.5037],[-106.3341,43.4211],[-106.3198,43.3384],[-106.3055,43.2557],[-106.2912,43.173],[-106.277,43.0909],[-106.2587,43.0086],[-106.2404,42.9264],[-106.2221,42.8441],[-106.2039,42.7619],[-106.1857,42.6796],[-106.1676,42.5974],[-106.1496,42.5151],[-106.1316,42.4328],[-106.1136,42.3506],[-106.0957,42.2683],[-106.0778,42.186],[-106.06,42.1038],[-106.0422,42.0215],[-106.0244,41.9392],[-106.0067,41.8569],[-106.0043,41.8455]]}},{"type":"Feature","properties":{"ident":"J171","type":"CONV","run":1},"geometry":{"type":"LineString","coordinates":[[-103.6001,37.2587],[-103.6014,37.342],[-103.6028,37.4253],[-103.6042,37.5086],[-103.6055,37.592],[-103.6069,37.6753],[-103.6083,37.7586],[-103.6097,37.8419],[-103.6111,37.9252],[-103.6124,38.0086],[-103.6138,38.0919],[-103.6152,38.1752],[-103.6165,38.2521],[-103.6172,38.3354],[-103.6179,38.4188],[-103.6187,38.5021],[-103.6194,38.5854],[-103.6201,38.6687],[-103.6208,38.7521],[-103.6214,38.8175]]}},{"type":"Feature","properties":{"ident":"J173","type":"CONV","run":1},"geometry":{"type":"LineString","coordinates":[[-111.9819,40.8503],[-111.8746,40.8316],[-111.7673,40.8128],[-111.66,40.794],[-111.6125,40.7856],[-111.5054,40.7666],[-111.3983,40.7475],[-111.2913,40.7283],[-111.1844,40.709],[-111.0775,40.6896],[-110.9706,40.6701],[-110.8639,40.6505],[-110.7572,40.6308],[-110.6505,40.611],[-110.5439,40.5911],[-110.4374,40.5711],[-110.331,40.551],[-110.2246,40.5308],[-110.1183,40.5105],[-110.012,40.4902],[-109.9058,40.4697],[-109.7997,40.4491],[-109.6936,40.4284],[-109.5876,40.4077],[-109.4817,40.3868],[-109.3758,40.3658],[-109.27,40.3448],[-109.1643,40.3236],[-109.0586,40.3024],[-108.953,40.281],[-108.8475,40.2596],[-108.742,40.238],[-108.6366,40.2164],[-108.5313,40.1947],[-108.426,40.1728],[-108.3208,40.1509],[-108.2157,40.1289],[-108.1106,40.1068],[-108.0056,40.0846],[-107.925,40.0674]]}},{"type":"Feature","properties":{"ident":"J175","type":"CONV","run":1},"geometry":{"type":"LineString","coordinates":[[-104.7729,41.211],[-104.8819,41.226],[-104.9909,41.2409],[-105.1,41.2557],[-105.2091,41.2704],[-105.3183,41.285],[-105.4275,41.2994],[-105.5368,41.3138],[-105.6461,41.3281],[-105.7209,41.3378],[-105.815,41.3821],[-105.9091,41.4264],[-106.0034,41.4706],[-106.0978,41.5146],[-106.1923,41.5586],[-106.287,41.6026],[-106.3818,41.6464],[-106.4767,41.6902],[-106.5717,41.7339],[-106.6669,41.7775],[-106.7622,41.8211],[-106.8577,41.8645],[-106.9532,41.9079],[-107.0489,41.9512],[-107.1447,41.9944],[-107.2407,42.0376],[-107.3368,42.0807],[-107.433,42.1236],[-107.5293,42.1665],[-107.6258,42.2094],[-107.7224,42.2521],[-107.8192,42.2948],[-107.916,42.3374],[-108.013,42.3799],[-108.1102,42.4223],[-108.2074,42.4646],[-108.3048,42.5069],[-108.4024,42.549],[-108.5,42.5911],[-108.5978,42.6331],[-108.6957,42.675],[-108.7938,42.7169],[-108.892,42.7586],[-108.9903,42.8003],[-109.0887,42.8419],[-109.1873,42.8834],[-109.286,42.9248],[-109.3849,42.9661],[-109.4839,43.0074],[-109.583,43.0485],[-109.6822,43.0896],[-109.7816,43.1306],[-109.8811,43.1715],[-109.9808,43.2123],[-110.0806,43.253],[-110.1805,43.2937],[-110.2805,43.3342],[-110.3807,43.3747],[-110.481,43.4151],[-110.5815,43.4554],[-110.6821,43.4956],[-110.7828,43.5357],[-110.8836,43.5757],[-110.9846,43.6157],[-111.0857,43.6555],[-111.187,43.6953],[-111.2884,43.735],[-111.3899,43.7745],[-111.4915,43.814],[-111.5933,43.8534],[-111.6953,43.8927],[-111.7973,43.932],[-111.8995,43.9711],[-112.0018,44.0101],[-112.1043,44.0491],[-112.2069,44.0879],[-112.2094,44.0889]]}},{"type":"Feature","properties":{"ident":"J177","type":"CONV","run":1},"geometry":{"type":"LineString","coordinates":[[-96.3062,28.7644],[-96.3271,28.6831],[-96.348,28.6019],[-96.3689,28.5206],[-96.3897,28.4393],[-96.4105,28.358],[-96.4313,28.2767],[-96.452,28.1954],[-96.4727,28.1141],[-96.4934,28.0328],[-96.5141,27.9514],[-96.5347,27.8701],[-96.5553,27.7888],[-96.5758,27.7075],[-96.5963,27.6262],[-96.6168,27.5448],[-96.6373,27.4635],[-96.6577,27.3822],[-96.6781,27.3008],[-96.6985,27.2195],[-96.7188,27.1382],[-96.7391,27.0568],[-96.7594,26.9755],[-96.7797,26.8941],[-96.7999,26.8128],[-96.8201,26.7314],[-96.8403,26.6501],[-96.8604,26.5687],[-96.8805,26.4873],[-96.9006,26.406],[-96.9206,26.3246],[-96.9407,26.2432],[-96.9607,26.1618],[-96.9806,26.0805],[-97.0002,26.0004],[-97.1017,25.5456],[-97.1042,25.5352],[-97.1237,25.4537],[-97.1432,25.3723],[-97.1627,25.2908],[-97.1821,25.2094],[-97.2015,25.1279],[-97.2209,25.0465],[-97.2403,24.965],[-97.2479,24.9329],[-97.2673,24.8514],[-97.2866,24.77],[-97.3059,24.6885],[-97.3252,24.607],[-97.3445,24.5256],[-97.3537,24.49],[-97.3746,24.4089],[-97.3956,24.3278]]}},{"type":"Feature","properties":{"ident":"J178","type":"CONV","run":1},"geometry":{"type":"LineString","coordinates":[[-85.1881,40.9791],[-85.0857,40.948],[-84.9834,40.9168],[-84.8812,40.8855],[-84.7791,40.8541],[-84.6772,40.8226],[-84.5753,40.7911],[-84.4735,40.7594],[-84.4164,40.7416],[-84.3147,40.7098],[-84.2132,40.6779],[-84.1118,40.6459],[-84.0104,40.6138],[-83.9092,40.5817],[-83.808,40.5494],[-83.707,40.5171],[-83.606,40.4847],[-83.5052,40.4522],[-83.4044,40.4196],[-83.3038,40.3869],[-83.2032,40.3541],[-83.1027,40.3212],[-83.0024,40.2883],[-82.9021,40.2552],[-82.802,40.2221],[-82.7019,40.1889],[-82.6019,40.1556],[-82.5883,40.1511]]}},{"type":"Feature","properties":{"ident":"J18","type":"CONV","run":1},"geometry":{"type":"LineString","coordinates":[[-117.2254,32.7822],[-117.1263,32.7809],[-117.0272,32.7796],[-116.9281,32.7781],[-116.829,32.7766],[-116.7299,32.775],[-116.6309,32.7733],[-116.5318,32.7716],[-116.4327,32.7697],[-116.3336,32.7678],[-116.2346,32.7658],[-116.1355,32.7638],[-116.0364,32.7616],[-115.9374,32.7594],[-115.9064,32.7587],[-115.8073,32.7564],[-115.7083,32.754],[-115.6092,32.7515],[-115.5102,32.7489],[-115.5086,32.7489],[-115.4096,32.7513],[-115.3105,32.7536],[-115.2115,32.7559],[-115.1124,32.7581],[-115.0134,32.7602],[-115.0077,32.7603],[-114.9087,32.7624],[-114.8096,32.7643],[-114.7105,32.7662],[-114.6115,32.768],[-114.603,32.7681],[-114.5039,32.7695],[-114.4048,32.7709],[-114.3057,32.7722],[-114.2066,32.7733],[-114.1075,32.7745],[-114.0692,32.7749],[-113.9721,32.7758],[-113.8744,32.7899],[-113.7767,32.8039],[-113.6884,32.8165],[-113.5906,32.8304],[-113.4928,32.8441],[-113.395,32.8578],[-113.2971,32.8715],[-113.1992,32.885],[-113.1013,32.8985],[-113.0033,32.9119],[-112.9053,32.9252],[-112.8073,32.9384],[-112.7092,32.9516],[-112.6743,32.9563],[-112.5972,33.0089],[-112.5201,33.0614],[-112.4429,33.114],[-112.3656,33.1664],[-112.2882,33.2188],[-112.2107,33.2712],[-112.1331,33.3235],[-112.0554,33.3758],[-111.9776,33.4281],[-111.9702,33.433],[-111.8787,33.4665],[-111.7872,33.4999],[-111.6956,33.5332],[-111.6039,33.5664],[-111.5122,33.5996],[-111.4203,33.6327],[-111.3284,33.6658],[-111.2684,33.6873],[-111.1764,33.7202],[-111.0843,33.7531],[-110.9922,33.7859],[-110.9,33.8186],[-110.8396,33.84],[-110.7472,33.8726],[-110.6548,33.9052],[-110.5623,33.9376],[-110.4698,33.97],[-110.3772,34.0024],[-110.3517,34.0112],[-110.259,34.0435],[-110.1662,34.0756],[-110.0734,34.1078],[-109.9804,34.1398],[-109.8874,34.1718],[-109.7944,34.2036],[-109.7012,34.2355],[-109.6272,34.2607],[-109.534,34.2924],[-109.4406,34.324],[-109.3472,34.3556],[-109.2537,34.387],[-109.1602,34.4185],[-109.1435,34.424],[-109.0478,34.4506],[-108.9519,34.4771],[-108.8561,34.5035],[-108.7601,34.5299],[-108.6641,34.5561],[-108.568,34.5823],[-108.4719,34.6084],[-108.3757,34.6345],[-108.2795,34.6604],[-108.1831,34.6863],[-108.0868,34.7121],[-107.9903,34.7378],[-107.8939,34.7635],[-107.7973,34.7891],[-107.7007,34.8146],[-107.604,34.84],[-107.5073,34.8654],[-107.4105,34.8907],[-107.3136,34.9159],[-107.2167,34.941],[-107.1198,34.966],[-107.0227,34.991],[-106.9257,35.0159],[-106.8285,35.0407],[-106.8163,35.0438],[-106.7237,35.0785],[-106.6311,35.113],[-106.5383,35.1476],[-106.4455,35.182],[-106.3526,35.2164],[-106.2597,35.2507],[-106.1666,35.2849],[-106.0735,35.3191],[-105.9803,35.3532],[-105.887,35.3872],[-105.7936,35.4211],[-105.7002,35.455],[-105.6066,35.4888],[-105.513,35.5226],[-105.4194,35.5562],[-105.3256,35.5898],[-105.2318,35.6233],[-105.1379,35.6568],[-105.1356,35.6576],[-105.0505,35.704],[-104.9652,35.7505],[-104.8799,35.7969],[-104.7945,35.8432],[-104.7089,35.8894],[-104.6233,35.9356],[-104.5376,35.9817],[-104.4517,36.0278],[-104.3658,36.0738],[-104.2798,36.1198],[-104.1936,36.1656],[-104.1074,36.2115],[-104.021,36.2572],[-103.9346,36.3029],[-103.8481,36.3486],[-103.7614,36.3941],[-103.6747,36.4396],[-103.5878,36.4851],[-103.5009,36.5305],[-103.4138,36.5758],[-103.3267,36.6211],[-103.2394,36.6663],[-103.1521,36.7114],[-103.0992,36.7386],[-103.0117,36.7837],[-102.9241,36.8286],[-102.8363,36.8735],[-102.7485,36.9184],[-102.6606,36.9631],[-102.5725,37.0078],[-102.4844,37.0525],[-102.3962,37.0971],[-102.3078,37.1416],[-102.2194,37.186],[-102.1308,37.2304],[-102.0421,37.2747],[-101.9534,37.3189],[-101.8645,37.3631],[-101.7755,37.4072],[-101.6864,37.4513],[-101.6173,37.4854],[-101.528,37.5293],[-101.4386,37.5732],[-101.3491,37.617],[-101.2595,37.6607],[-101.1698,37.7043],[-101.08,37.7479],[-100.9901,37.7914],[-100.9001,37.8348],[-100.81,37.8782],[-100.725,37.919],[-100.6281,37.9521],[-100.531,37.9851],[-100.4339,38.0181],[-100.3367,38.051],[-100.2393,38.0837],[-100.142,38.1164],[-100.0445,38.1491],[-99.9469,38.1816],[-99.8492,38.2141],[-99.7515,38.2465],[-99.6537,38.2788],[-99.5558,38.311],[-99.4577,38.3431],[-99.3597,38.3752],[-99.2615,38.4072],[-99.1632,38.439],[-99.0649,38.4709],[-98.9664,38.5026],[-98.8679,38.5342],[-98.7693,38.5658],[-98.6706,38.5973],[-98.5718,38.6287],[-98.4729,38.66],[-98.374,38.6912],[-98.2749,38.7224],[-98.1758,38.7534],[-98.0766,38.7844],[-97.9773,38.8153],[-97.8779,38.8461],[-97.7784,38.8768],[-97.6789,38.9075],[-97.6213,38.9251],[-97.5261,38.9633],[-97.4308,39.0014],[-97.3353,39.0394],[-97.2398,39.0774],[-97.1441,39.1152],[-97.0484,39.153],[-96.9525,39.1907],[-96.8566,39.2283],[-96.7605,39.2659],[-96.6643,39.3034],[-96.5681,39.3407],[-96.4717,39.3781],[-96.3752,39.4153],[-96.2786,39.4524],[-96.182,39.4895],[-96.0852,39.5265],[-95.9883,39.5634],[-95.8913,39.6002],[-95.7942,39.637],[-95.697,39.6736],[-95.5997,39.7102],[-95.5023,39.7467],[-95.4048,39.7832],[-95.3072,39.8195],[-95.2095,39.8558],[-95.1117,39.8919],[-95.0138,39.928],[-94.9252,39.9606],[-94.8259,39.9945],[-94.7265,40.0284],[-94.627,40.0622],[-94.5274,40.0959],[-94.4277,40.1296],[-94.3279,40.1631],[-94.2968,40.1735],[-94.1969,40.2069],[-94.0969,40.2403],[-93.9968,40.2735],[-93.8966,40.3067],[-93.7962,40.3398],[-93.6958,40.3728],[-93.5953,40.4057],[-93.4947,40.4385],[-93.394,40.4712],[-93.2932,40.5039],[-93.1923,40.5364],[-93.0913,40.5689],[-92.9902,40.6013],[-92.889,40.6336],[-92.7877,40.6658],[-92.6986,40.694],[-92.5972,40.726],[-92.4956,40.7579],[-92.3939,40.7898],[-92.2921,40.8216],[-92.2283,40.8414],[-92.1263,40.873],[-92.0243,40.9046],[-91.9222,40.936],[-91.8199,40.9673],[-91.7176,40.9986],[-91.6152,41.0297],[-91.5127,41.0608],[-91.41,41.0918],[-91.3073,41.1227],[-91.2045,41.1535],[-91.1016,41.1842],[-90.9986,41.2148],[-90.8955,41.2453],[-90.7923,41.2757],[-90.689,41.3061],[-90.6382,41.3209]]}},{"type":"Feature","properties":{"ident":"J180","type":"CONV","run":1},"geometry":{"type":"LineString","coordinates":[[-92.1521,34.8101],[-92.1283,34.8911],[-92.1046,34.9721],[-92.0807,35.0532],[-92.0568,35.1342],[-92.0329,35.2152],[-92.009,35.2962],[-91.9849,35.3772],[-91.9609,35.4581],[-91.9367,35.5391],[-91.9126,35.6201],[-91.8884,35.7011],[-91.8641,35.7821],[-91.8398,35.863],[-91.8154,35.944],[-91.791,36.0249],[-91.7665,36.1059],[-91.742,36.1868],[-91.7204,36.258],[-91.6963,36.3391],[-91.6721,36.4201],[-91.6479,36.5011],[-91.6236,36.5821],[-91.5993,36.6631],[-91.5749,36.7441],[-91.5505,36.8251],[-91.526,36.9061],[-91.5015,36.9871],[-91.4769,37.0681],[-91.4522,37.1491],[-91.4275,37.2301],[-91.4028,37.311],[-91.378,37.392],[-91.3531,37.473],[-91.3282,37.5539],[-91.3033,37.6349],[-91.2782,37.7158],[-91.2532,37.7967],[-91.228,37.8777],[-91.2029,37.9586],[-91.1776,38.0395],[-91.1523,38.1204],[-91.127,38.2014],[-91.1016,38.2823],[-91.0761,38.3632],[-91.0506,38.4441],[-91.025,38.5249],[-90.9994,38.6058],[-90.9737,38.6867],[-90.9713,38.6943]]}},{"type":"Feature","properties":{"ident":"J181","type":"CONV","run":1},"geometry":{"type":"LineString","coordinates":[[-97.1794,32.8895],[-97.1442,32.9674],[-97.1089,33.0452],[-97.0735,33.1231],[-97.038,33.201],[-97.0025,33.2788],[-96.967,33.3567],[-96.9313,33.4345],[-96.8956,33.5124],[-96.8599,33.5902],[-96.824,33.668],[-96.7881,33.7458],[-96.7522,33.8236],[-96.7162,33.9013],[-96.6801,33.9791],[-96.6439,34.0569],[-96.6077,34.1346],[-96.5714,34.2123],[-96.535,34.2901],[-96.4986,34.3678],[-96.4621,34.4455],[-96.4256,34.5232],[-96.3889,34.6008],[-96.3522,34.6785],[-96.3155,34.7562],[-96.2787,34.8338],[-96.2417,34.9115],[-96.2048,34.9891],[-96.1677,35.0667],[-96.1306,35.1443],[-96.0934,35.2219],[-96.0562,35.2995],[-96.0189,35.377],[-95.9815,35.4546],[-95.944,35.5321],[-95.9064,35.6097],[-95.8688,35.6872],[-95.866,35.6931]]}},{"type":"Feature","properties":{"ident":"J182","type":"CONV","run":1},"geometry":{"type":"LineString","coordinates":[[-101.6923,39.3879],[-101.5953,39.3516],[-101.4983,39.3152],[-101.4015,39.2787],[-101.3048,39.2422],[-101.2082,39.2056],[-101.1116,39.1689],[-101.0152,39.1321],[-100.9189,39.0953],[-100.8227,39.0583],[-100.7265,39.0213],[-100.6305,38.9842],[-100.5346,38.9471],[-100.4388,38.9098],[-100.3431,38.8725],[-100.2474,38.8351],[-100.1519,38.7976],[-100.0565,38.76],[-99.9612,38.7224],[-99.866,38.6847],[-99.7709,38.6469],[-99.6758,38.609],[-99.5809,38.5711],[-99.4861,38.5331],[-99.3914,38.495],[-99.2968,38.4568],[-99.2023,38.4185],[-99.1079,38.3802],[-99.0135,38.3418],[-98.9193,38.3033],[-98.8252,38.2648],[-98.7312,38.2261],[-98.6373,38.1874],[-98.5435,38.1487],[-98.4497,38.1098],[-98.4015,38.0898],[-98.3088,38.0495],[-98.2356,38.0176],[-98.142,37.9789],[-98.0485,37.94],[-97.9551,37.9011],[-97.8618,37.8621],[-97.7686,37.823],[-97.6755,37.7839],[-97.5838,37.7453],[-97.4949,37.7006],[-97.406,37.6559],[-97.3173,37.6111],[-97.2287,37.5663],[-97.1402,37.5213],[-97.0517,37.4764],[-96.9634,37.4313],[-96.9117,37.4049],[-96.8231,37.3603],[-96.7346,37.3156],[-96.6462,37.2709],[-96.558,37.2261],[-96.4698,37.1812],[-96.3817,37.1363],[-96.2938,37.0913],[-96.2059,37.0463],[-96.1182,37.0011],[-96.0305,36.956],[-95.9971,36.9387],[-95.9108,36.8919],[-95.8247,36.845],[-95.7387,36.798],[-95.6528,36.751],[-95.567,36.704],[-95.5002,36.6672],[-95.4028,36.6382],[-95.3056,36.609],[-95.2084,36.5798],[-95.1112,36.5506],[-95.0142,36.5212],[-94.9172,36.4918],[-94.8203,36.4623],[-94.7234,36.4327],[-94.6267,36.403],[-94.53,36.3732],[-94.4333,36.3434],[-94.3368,36.3135],[-94.2403,36.2835],[-94.1439,36.2535],[-94.1214,36.2464]]}},{"type":"Feature","properties":{"ident":"J183","type":"CONV","run":1},"geometry":{"type":"LineString","coordinates":[[-106.2819,31.8159],[-106.1848,31.8045],[-106.0876,31.793],[-105.9906,31.7815],[-105.8935,31.7699],[-105.7965,31.7582],[-105.6994,31.7464],[-105.6025,31.7345],[-105.5055,31.7226],[-105.4085,31.7106],[-105.3116,31.6986],[-105.2147,31.6864],[-105.1179,31.6742],[-105.021,31.6619],[-104.9242,31.6496],[-104.8274,31.6371],[-104.7307,31.6246],[-104.6339,31.612],[-104.5372,31.5994],[-104.4406,31.5867],[-104.3439,31.5739],[-104.2473,31.561],[-104.1507,31.5481],[-104.0541,31.535],[-103.9575,31.522],[-103.861,31.5088],[-103.7645,31.4956],[-103.6681,31.4823],[-103.5748,31.4693]]}},{"type":"Feature","properties":{"ident":"J187","type":"CONV","run":1},"geometry":{"type":"LineString","coordinates":[[-89.9832,35.0151],[-90.0041,35.0967],[-90.025,35.1782],[-90.046,35.2598],[-90.067,35.3413],[-90.088,35.4229],[-90.1091,35.5044],[-90.1302,35.5859],[-90.1514,35.6675],[-90.1726,35.749],[-90.1939,35.8305],[-90.2152,35.9121],[-90.2365,35.9936],[-90.2579,36.0751],[-90.2709,36.1245],[-90.2924,36.206],[-90.3139,36.2875],[-90.3354,36.369],[-90.357,36.4505],[-90.3787,36.532],[-90.4003,36.6135],[-90.4221,36.695],[-90.4439,36.7765],[-90.4657,36.8579],[-90.4876,36.9394],[-90.5095,37.0209],[-90.5201,37.0604],[-90.5421,37.1418],[-90.5642,37.2233],[-90.5863,37.3047],[-90.6085,37.3862],[-90.6307,37.4676],[-90.6529,37.5491],[-90.6752,37.6305],[-90.6976,37.7119],[-90.72,37.7934],[-90.7424,37.8748],[-90.7649,37.9562],[-90.7875,38.0376],[-90.8101,38.119],[-90.8327,38.2004],[-90.8554,38.2818],[-90.8782,38.3632],[-90.901,38.4446],[-90.9238,38.526],[-90.9467,38.6074],[-90.9697,38.6888],[-90.9713,38.6943]]}},{"type":"Feature","properties":{"ident":"J189","type":"CONV","run":1},"geometry":{"type":"LineString","coordinates":[[-119.9786,35.647],[-120.011,35.7261],[-120.0434,35.8051],[-120.0758,35.8842],[-120.1084,35.9633],[-120.141,36.0423],[-120.1736,36.1213],[-120.2064,36.2004],[-120.2392,36.2794],[-120.272,36.3584],[-120.3049,36.4374],[-120.3379,36.5164],[-120.371,36.5954],[-120.4041,36.6744],[-120.4373,36.7533],[-120.4706,36.8323],[-120.5039,36.9112],[-120.5374,36.9902],[-120.5708,37.0691],[-120.6044,37.148],[-120.638,37.2269],[-120.6717,37.3058],[-120.7054,37.3847],[-120.7393,37.4636],[-120.7732,37.5425],[-120.8071,37.6213],[-120.8412,37.7002],[-120.8753,37.779],[-120.9095,37.8578],[-120.9437,37.9367],[-120.9781,38.0155],[-121.0039,38.0746],[-121.0177,38.1572],[-121.0316,38.2398],[-121.0454,38.3224],[-121.0594,38.405],[-121.0733,38.4877],[-121.0873,38.5703],[-121.1013,38.6529],[-121.1154,38.7355],[-121.1294,38.8181],[-121.1436,38.9007],[-121.1577,38.9833],[-121.1719,39.0659],[-121.1861,39.1485],[-121.2003,39.2311],[-121.2146,39.3137],[-121.2289,39.3963],[-121.2433,39.4788],[-121.2577,39.5614],[-121.2721,39.644],[-121.2865,39.7266],[-121.301,39.8092],[-121.3155,39.8918],[-121.3301,39.9744],[-121.3447,40.0569],[-121.3593,40.1395],[-121.374,40.2221],[-121.3887,40.3047],[-121.4034,40.3872],[-121.4182,40.4698],[-121.433,40.5524],[-121.4478,40.6349],[-121.4627,40.7175],[-121.4776,40.8],[-121.4925,40.8826],[-121.5075,40.9652],[-121.5226,41.0477],[-121.5376,41.1303],[-121.5527,41.2128],[-121.5679,41.2954],[-121.5831,41.3779],[-121.5983,41.4605],[-121.6135,41.543],[-121.6288,41.6255],[-121.6442,41.7081],[-121.6595,41.7906],[-121.6749,41.8732],[-121.6904,41.9557],[-121.7059,42.0382],[-121.7214,42.1207],[-121.7275,42.1531],[-121.7462,42.2353],[-121.7648,42.3175],[-121.7835,42.3997],[-121.8023,42.4819],[-121.8211,42.564],[-121.84,42.6462],[-121.8589,42.7283],[-121.8778,42.8105],[-121.8968,42.8927],[-121.9159,42.9748],[-121.935,43.057],[-121.9542,43.1391],[-121.9734,43.2213],[-121.9927,43.3034],[-122.012,43.3855],[-122.0313,43.4677],[-122.0508,43.5498],[-122.0702,43.6319],[-122.0898,43.7141],[-122.1094,43.7962],[-122.129,43.8783],[-122.1487,43.9604],[-122.1684,44.0425],[-122.1882,44.1246],[-122.2081,44.2067],[-122.228,44.2888],[-122.248,44.3709],[-122.268,44.453],[-122.2881,44.5351],[-122.3082,44.6172],[-122.3284,44.6993],[-122.3487,44.7814],[-122.369,44.8634],[-122.3893,44.9455],[-122.3903,44.9494],[-122.4111,45.0314],[-122.4262,45.0907],[-122.4466,45.1728],[-122.4671,45.2548],[-122.4877,45.3369],[-122.5083,45.419],[-122.529,45.501],[-122.5497,45.5831],[-122.5705,45.6651],[-122.5914,45.7472],[-122.5916,45.7478],[-122.5781,45.8306],[-122.5647,45.9134],[-122.5511,45.9962],[-122.5376,46.079],[-122.524,46.1618],[-122.5104,46.2446],[-122.4967,46.3274],[-122.483,46.4102],[-122.4692,46.493],[-122.4554,46.5758],[-122.4416,46.6586],[-122.4277,46.7413],[-122.4142,46.8216],[-122.4003,46.9043],[-122.3863,46.9871],[-122.3722,47.0699],[-122.3581,47.1527],[-122.344,47.2355],[-122.3298,47.3182],[-122.3156,47.401],[-122.3096,47.4354]]}},{"type":"Feature","properties":{"ident":"J19","type":"CONV","run":1},"geometry":{"type":"LineString","coordinates":[[-90.4824,38.8607],[-90.4063,38.9193],[-90.33,38.9779],[-90.2537,39.0364],[-90.1772,39.0949],[-90.1006,39.1533],[-90.0239,39.2117],[-89.947,39.27],[-89.87,39.3282],[-89.7929,39.3864],[-89.7156,39.4446],[-89.6383,39.5027],[-89.5608,39.5608],[-89.4831,39.6188],[-89.4054,39.6767],[-89.3275,39.7346],[-89.2495,39.7925],[-89.1713,39.8503],[-89.093,39.908],[-89.0146,39.9657],[-88.936,40.0234],[-88.8574,40.0809],[-88.7785,40.1385],[-88.6996,40.196],[-88.6205,40.2534],[-88.5413,40.3108],[-88.4619,40.3681],[-88.3824,40.4253],[-88.3028,40.4825],[-88.223,40.5397],[-88.1643,40.5817],[-88.1538,40.6647],[-88.1432,40.7476],[-88.1327,40.8306],[-88.1221,40.9135],[-88.1115,40.9964],[-88.1009,41.0794],[-88.0902,41.1623],[-88.0795,41.2453],[-88.0688,41.3282],[-88.0581,41.4111],[-88.0473,41.4941],[-88.0365,41.577],[-88.0257,41.66],[-88.0148,41.7429],[-88.004,41.8258],[-87.9931,41.9088],[-87.9821,41.9917],[-87.9712,42.0746],[-87.9602,42.1576],[-87.9517,42.2214]]}},{"type":"Feature","properties":{"ident":"J190","type":"CONV","run":1},"geometry":{"type":"LineString","coordinates":[[-83.4576,42.048],[-83.2539,42.033],[-83.0503,42.0176],[-82.8468,42.0018],[-82.6434,41.9857],[-82.4402,41.9692],[-82.237,41.9524],[-82.0339,41.9352],[-81.831,41.9176],[-81.7198,41.9078],[-81.6086,41.8979],[-81.4975,41.8879],[-81.3864,41.8778],[-81.2753,41.8676],[-81.1643,41.8573],[-81.0533,41.8469],[-80.9423,41.8363],[-80.8314,41.8257],[-80.7205,41.815],[-80.6097,41.8041],[-80.5846,41.8016],[-80.4738,41.7907],[-80.3631,41.7796],[-80.2523,41.7684],[-80.1417,41.7571],[-80.031,41.7457],[-79.9204,41.7341],[-79.8098,41.7225],[-79.6993,41.7108],[-79.5888,41.6989],[-79.4784,41.687],[-79.368,41.675],[-79.2576,41.6628],[-79.2075,41.6573],[-79.0972,41.6449],[-78.9869,41.6325],[-78.8767,41.62],[-78.7666,41.6074],[-78.6564,41.5946],[-78.5464,41.5818],[-78.4363,41.5688],[-78.3263,41.5558],[-78.2164,41.5426],[-78.1065,41.5294],[-77.9966,41.516],[-77.9701,41.5128],[-77.8699,41.5491],[-77.7696,41.5853],[-77.6692,41.6215],[-77.5687,41.6575],[-77.4681,41.6935],[-77.3673,41.7294],[-77.2665,41.7652],[-77.1655,41.8009],[-77.1093,41.8207],[-77.0081,41.8563],[-76.9328,41.8827],[-76.8315,41.9181],[-76.73,41.9534],[-76.6284,41.9887],[-76.5267,42.0238],[-76.425,42.0589],[-76.323,42.0938],[-76.221,42.1287],[-76.1365,42.1575],[-76.0348,42.193],[-75.9329,42.2284],[-75.831,42.2638],[-75.7844,42.2799],[-75.6823,42.3151],[-75.5801,42.3502],[-75.4778,42.3852],[-75.3753,42.4201],[-75.2727,42.455],[-75.2392,42.4663],[-75.1303,42.4884],[-75.0212,42.5103],[-74.9121,42.5321],[-74.8029,42.5539],[-74.6937,42.5755],[-74.5843,42.597],[-74.4749,42.6184],[-74.3654,42.6397],[-74.2558,42.6609],[-74.1462,42.682],[-74.0365,42.703],[-73.9267,42.7239],[-73.8168,42.7447],[-73.8032,42.7473]]}},{"type":"Feature","properties":{"ident":"J196","type":"CONV","run":1},"geometry":{"type":"LineString","coordinates":[[-112.3039,37.6892],[-112.226,37.7453],[-112.1479,37.8013],[-112.0697,37.8572],[-111.9915,37.9131],[-111.913,37.969],[-111.8345,38.0248],[-111.7559,38.0805],[-111.6771,38.1362],[-111.5982,38.1919],[-111.5192,38.2475],[-111.44,38.303],[-111.3608,38.3585],[-111.2814,38.4139],[-111.2019,38.4693],[-111.1223,38.5246],[-111.0426,38.5799],[-110.9627,38.6351],[-110.8827,38.6903],[-110.8026,38.7454],[-110.7224,38.8004],[-110.642,38.8554],[-110.5615,38.9104],[-110.4809,38.9653],[-110.4002,39.0201],[-110.3193,39.0749],[-110.2383,39.1296],[-110.1572,39.1843],[-110.076,39.2389],[-109.9946,39.2934],[-109.9131,39.3479],[-109.8315,39.4024],[-109.7631,39.4479],[-109.6646,39.4821],[-109.5661,39.5162],[-109.4675,39.5503],[-109.3688,39.5842],[-109.27,39.6181],[-109.171,39.6518],[-109.072,39.6855],[-108.9729,39.7192],[-108.8737,39.7527],[-108.7744,39.7861],[-108.675,39.8195],[-108.5755,39.8528],[-108.4759,39.8859],[-108.3763,39.919],[-108.2765,39.9521],[-108.1766,39.985],[-108.0766,40.0178],[-107.9765,40.0506],[-107.925,40.0674]]}},{"type":"Feature","properties":{"ident":"J197","type":"CONV","run":1},"geometry":{"type":"LineString","coordinates":[[-108.9313,37.8087],[-108.8295,37.8306],[-108.7276,37.8524],[-108.6257,37.8741],[-108.5238,37.8957],[-108.4217,37.9172],[-108.3196,37.9387],[-108.2175,37.96],[-108.1153,37.9813],[-108.013,38.0024],[-107.9107,38.0235],[-107.8083,38.0445],[-107.7059,38.0654],[-107.6034,38.0862],[-107.5008,38.1069],[-107.3982,38.1276],[-107.2955,38.1481],[-107.1928,38.1686],[-107.09,38.1889],[-106.9871,38.2092],[-106.8842,38.2294],[-106.7813,38.2495],[-106.6782,38.2695],[-106.5752,38.2894],[-106.472,38.3092],[-106.3688,38.329],[-106.2656,38.3486],[-106.1623,38.3682],[-106.0589,38.3876],[-105.9555,38.407],[-105.8521,38.4263],[-105.7485,38.4455],[-105.645,38.4646],[-105.5413,38.4836],[-105.4376,38.5025],[-105.3339,38.5213],[-105.2301,38.5401],[-105.1262,38.5587],[-105.0223,38.5773],[-104.9184,38.5957],[-104.8144,38.6141],[-104.7103,38.6324],[-104.6062,38.6505],[-104.502,38.6686],[-104.3978,38.6866],[-104.2935,38.7045],[-104.1892,38.7223],[-104.0848,38.7401],[-103.9804,38.7577],[-103.8759,38.7752],[-103.7714,38.7927],[-103.6668,38.81],[-103.6214,38.8175],[-103.5218,38.848],[-103.4222,38.8783],[-103.3224,38.9086],[-103.2226,38.9388],[-103.1227,38.9689],[-103.0227,38.9989],[-102.9226,39.0289],[-102.8224,39.0587],[-102.7222,39.0885],[-102.6218,39.1182],[-102.5214,39.1478],[-102.4209,39.1773],[-102.3203,39.2067],[-102.2196,39.236],[-102.1189,39.2653],[-102.018,39.2944],[-101.9171,39.3235],[-101.8161,39.3525],[-101.715,39.3814],[-101.6923,39.3879]]}},{"type":"Feature","properties":{"ident":"J198","type":"CONV","run":1},"geometry":{"type":"LineString","coordinates":[[-118.0329,38.5653],[-117.9267,38.5577],[-117.8206,38.5501],[-117.7145,38.5423],[-117.6085,38.5345],[-117.5024,38.5266],[-117.3964,38.5185],[-117.2904,38.5104],[-117.1845,38.5022],[-117.0785,38.4938],[-116.9726,38.4854],[-116.8667,38.4769],[-116.7609,38.4683],[-116.655,38.4596],[-116.5492,38.4508],[-116.4434,38.4419],[-116.3376,38.4329],[-116.2319,38.4238],[-116.1986,38.4209],[-116.0929,38.4117],[-115.9872,38.4024],[-115.8816,38.393],[-115.776,38.3835],[-115.6704,38.3739],[-115.5648,38.3642],[-115.4593,38.3544],[-115.3538,38.3445],[-115.2483,38.3346],[-115.1429,38.3245],[-115.0374,38.3143],[-114.9321,38.3041],[-114.8267,38.2937],[-114.7214,38.2833],[-114.6161,38.2727],[-114.5108,38.2621],[-114.4056,38.2514],[-114.3942,38.2502],[-114.2917,38.2718],[-114.1892,38.2933],[-114.0866,38.3147],[-113.9839,38.3361],[-113.8811,38.3573],[-113.7783,38.3785],[-113.6755,38.3995],[-113.5726,38.4205],[-113.4696,38.4414],[-113.3665,38.4622],[-113.2634,38.4829],[-113.1603,38.5035],[-113.0571,38.524],[-112.9538,38.5445],[-112.8505,38.5648],[-112.7471,38.585],[-112.6436,38.6052],[-112.5401,38.6253],[-112.4365,38.6452],[-112.3329,38.6651],[-112.2292,38.6849],[-112.1255,38.7046],[-112.0217,38.7242],[-111.9178,38.7438],[-111.8139,38.7632],[-111.71,38.7825],[-111.6059,38.8018],[-111.5204,38.8175],[-111.4237,38.8532],[-111.3269,38.8888],[-111.23,38.9243],[-111.1331,38.9597],[-111.036,38.995],[-110.9388,39.0303],[-110.8416,39.0655],[-110.7442,39.1006],[-110.6467,39.1356],[-110.5492,39.1706],[-110.4515,39.2054],[-110.3538,39.2402],[-110.2559,39.2749],[-110.158,39.3095],[-110.06,39.344],[-109.9618,39.3785],[-109.8636,39.4129],[-109.7653,39.4471],[-109.7631,39.4479],[-109.6646,39.4821],[-109.5661,39.5162],[-109.4675,39.5503],[-109.3688,39.5842],[-109.27,39.6181],[-109.171,39.6518],[-109.072,39.6855],[-108.9729,39.7192],[-108.8737,39.7527],[-108.7744,39.7861],[-108.675,39.8195],[-108.5755,39.8528],[-108.4759,39.8859],[-108.3763,39.919],[-108.2765,39.9521],[-108.1766,39.985],[-108.0766,40.0178],[-107.9765,40.0506],[-107.925,40.0674]]}},{"type":"Feature","properties":{"ident":"J199","type":"CONV","run":1},"geometry":{"type":"LineString","coordinates":[[-114.3942,38.2502],[-114.3085,38.2993],[-114.2226,38.3484],[-114.1366,38.3973],[-114.0505,38.4463],[-113.9643,38.4951],[-113.878,38.5439],[-113.7915,38.5926],[-113.7049,38.6413],[-113.6182,38.6899],[-113.5314,38.7384],[-113.4445,38.7869],[-113.3575,38.8353],[-113.2703,38.8837],[-113.183,38.932],[-113.0956,38.9802],[-113.0081,39.0283],[-112.9205,39.0764],[-112.8327,39.1244],[-112.7448,39.1724],[-112.6568,39.2203],[-112.5687,39.2681],[-112.5056,39.3023],[-112.4057,39.3336],[-112.3058,39.3647],[-112.2058,39.3959],[-112.1057,39.4269],[-112.0055,39.4578],[-111.9052,39.4887],[-111.8049,39.5195],[-111.7044,39.5501],[-111.6039,39.5807],[-111.5032,39.6112],[-111.4293,39.6336],[-111.3228,39.6484],[-111.2162,39.6631],[-111.1097,39.6778],[-111.003,39.6923],[-110.8964,39.7067],[-110.7897,39.7211],[-110.6829,39.7353],[-110.5761,39.7495],[-110.5481,39.7531],[-110.4413,39.7672],[-110.3344,39.7811],[-110.2274,39.7949],[-110.1205,39.8086],[-110.0134,39.8223],[-109.9064,39.8358],[-109.7992,39.8492],[-109.6921,39.8625],[-109.5849,39.8758],[-109.4777,39.8889],[-109.3704,39.9019],[-109.2631,39.9149],[-109.1557,39.9277],[-109.0483,39.9404],[-108.9409,39.9531],[-108.8334,39.9656],[-108.7259,39.9781],[-108.6183,39.9904],[-108.5107,40.0026],[-108.4031,40.0148],[-108.2954,40.0268],[-108.1877,40.0388],[-108.08,40.0506],[-107.9722,40.0623],[-107.925,40.0674]]}},{"type":"Feature","properties":{"ident":"J2","type":"CONV","run":1},"geometry":{"type":"LineString","coordinates":[[-117.2254,32.7822],[-117.1263,32.7809],[-117.0272,32.7796],[-116.9281,32.7781],[-116.829,32.7766],[-116.7299,32.775],[-116.6309,32.7733],[-116.5318,32.7716],[-116.4327,32.7697],[-116.3336,32.7678],[-116.2346,32.7658],[-116.1355,32.7638],[-116.0364,32.7616],[-115.9374,32.7594],[-115.9064,32.7587],[-115.8073,32.7564],[-115.7083,32.754],[-115.6092,32.7515],[-115.5102,32.7489],[-115.5086,32.7489],[-115.4096,32.7513],[-115.3105,32.7536],[-115.2115,32.7559],[-115.1124,32.7581],[-115.0134,32.7602],[-115.0077,32.7603],[-114.9087,32.7624],[-114.8096,32.7643],[-114.7105,32.7662],[-114.6115,32.768],[-114.603,32.7681],[-114.5039,32.7695],[-114.4048,32.7709],[-114.3057,32.7722],[-114.2066,32.7733],[-114.1075,32.7745],[-114.0692,32.7749],[-113.9721,32.7758],[-113.8744,32.7899],[-113.7767,32.8039],[-113.6884,32.8165],[-113.5906,32.8304],[-113.4928,32.8441],[-113.395,32.8578],[-113.2971,32.8715],[-113.1992,32.885],[-113.1013,32.8985],[-113.0033,32.9119],[-112.9053,32.9252],[-112.8073,32.9384],[-112.7092,32.9516],[-112.6743,32.9563],[-112.526,32.8853],[-112.378,32.8141],[-112.2302,32.7428],[-112.0826,32.6713],[-111.9353,32.5996],[-111.7882,32.5278],[-111.6414,32.4558],[-111.4948,32.3836],[-111.3494,32.3117],[-111.2044,32.2397],[-111.0595,32.1675],[-110.9149,32.0952],[-110.8166,32.091],[-110.7184,32.0868],[-110.6202,32.0825],[-110.522,32.0781],[-110.4238,32.0736],[-110.3256,32.0691],[-110.2274,32.0645],[-110.1897,32.0627],[-110.0916,32.0578],[-109.9934,32.0529],[-109.8953,32.0479],[-109.7972,32.0428],[-109.6991,32.0376],[-109.601,32.0324],[-109.5029,32.0271],[-109.4048,32.0217],[-109.3067,32.0162],[-109.2087,32.0107],[-109.1106,32.0051],[-109.0126,31.9994],[-108.9146,31.9936],[-108.8165,31.9878],[-108.7186,31.9819],[-108.6206,31.9759],[-108.5226,31.9698],[-108.4246,31.9637],[-108.3267,31.9575],[-108.2288,31.9512],[-108.1308,31.9448],[-108.0329,31.9384],[-107.935,31.9318],[-107.8372,31.9252],[-107.7789,31.9213],[-107.681,31.9149],[-107.5832,31.9085],[-107.4853,31.902],[-107.3875,31.8955],[-107.2896,31.8888],[-107.1918,31.8821],[-107.094,31.8753],[-106.9962,31.8684],[-106.8984,31.8615],[-106.8007,31.8544],[-106.7029,31.8473],[-106.6052,31.8402],[-106.5075,31.8329],[-106.4098,31.8256],[-106.3121,31.8182],[-106.2819,31.8159],[-106.1877,31.7927],[-106.0936,31.7694],[-105.9995,31.7461],[-105.9055,31.7227],[-105.8115,31.6992],[-105.7176,31.6756],[-105.6237,31.652],[-105.5298,31.6283],[-105.4361,31.6045],[-105.3819,31.5908],[-105.2882,31.5669],[-105.1945,31.543],[-105.1009,31.5189],[-105.0073,31.4949],[-104.9138,31.4707],[-104.8203,31.4465],[-104.7269,31.4222],[-104.6335,31.3979],[-104.5402,31.3734],[-104.4469,31.349],[-104.3537,31.3244],[-104.2605,31.2998],[-104.1674,31.2751],[-104.0743,31.2503],[-103.9813,31.2255],[-103.8883,31.2006],[-103.7953,31.1757],[-103.7024,31.1506],[-103.6096,31.1256],[-103.5168,31.1004],[-103.4241,31.0752],[-103.3314,31.0499],[-103.2387,31.0245],[-103.1461,30.9991],[-103.0536,30.9736],[-102.9757,30.9521],[-102.8792,30.9425],[-102.7827,30.9327],[-102.6863,30.9229],[-102.5898,30.9131],[-102.4934,30.9031],[-102.397,30.8931],[-102.3006,30.8831],[-102.2042,30.8729],[-102.1079,30.8627],[-102.0115,30.8524],[-101.9152,30.842],[-101.8189,30.8316],[-101.7227,30.8211],[-101.6264,30.8105],[-101.5302,30.7999],[-101.434,30.7891],[-101.3378,30.7783],[-101.2417,30.7675],[-101.1455,30.7565],[-101.0494,30.7455],[-100.9533,30.7345],[-100.8573,30.7233],[-100.8318,30.7203],[-100.7358,30.7091],[-100.6397,30.6978],[-100.5437,30.6864],[-100.4478,30.675],[-100.3518,30.6635],[-100.2559,30.6519],[-100.16,30.6402],[-100.0641,30.6285],[-99.9682,30.6167],[-99.8724,30.6049],[-99.8175,30.598],[-99.7421,30.5458],[-99.6667,30.4936],[-99.5914,30.4413],[-99.5162,30.3889],[-99.4411,30.3366],[-99.3661,30.2841],[-99.2912,30.2317],[-99.2163,30.1792],[-99.1415,30.1266],[-99.122,30.1129],[-99.0473,30.0603],[-98.9727,30.0076],[-98.8982,29.9549],[-98.8237,29.9022],[-98.7494,29.8494],[-98.6751,29.7966],[-98.6009,29.7437],[-98.5267,29.6908],[-98.4613,29.644],[-98.3662,29.6547],[-98.2711,29.6653],[-98.176,29.6758],[-98.0808,29.6863],[-97.9856,29.6967],[-97.8904,29.707],[-97.7952,29.7172],[-97.7,29.7274],[-97.6047,29.7375],[-97.5095,29.7476],[-97.4142,29.7576],[-97.3189,29.7675],[-97.2235,29.7773],[-97.1282,29.7871],[-97.0328,29.7968],[-96.9374,29.8064],[-96.842,29.816],[-96.7466,29.8255],[-96.6512,29.835],[-96.5557,29.8443],[-96.4602,29.8536],[-96.3647,29.8628],[-96.2692,29.872],[-96.1737,29.8811],[-96.0782,29.8901],[-95.9826,29.8991],[-95.887,29.9079],[-95.7914,29.9168],[-95.6958,29.9255],[-95.6002,29.9342],[-95.5045,29.9428],[-95.4089,29.9513],[-95.3457,29.9569],[-95.2501,29.9656],[-95.1544,29.9742],[-95.0587,29.9827],[-94.963,29.9912],[-94.8673,29.9996],[-94.7715,30.0079],[-94.6758,30.0162],[-94.58,30.0244],[-94.4842,30.0325],[-94.3884,30.0405],[-94.2926,30.0485],[-94.1967,30.0564],[-94.1009,30.0643],[-94.005,30.072],[-93.9091,30.0797],[-93.8132,30.0874],[-93.7173,30.0949],[-93.6214,30.1024],[-93.5254,30.1099],[-93.4295,30.1172],[-93.3335,30.1245],[-93.2375,30.1317],[-93.1415,30.1389],[-93.1056,30.1415],[-93.0116,30.16],[-92.9176,30.1784],[-92.8236,30.1968],[-92.7295,30.2151],[-92.6354,30.2333],[-92.5413,30.2515],[-92.4471,30.2696],[-92.3529,30.2876],[-92.2586,30.3056],[-92.1644,30.3235],[-92.0701,30.3413],[-91.9757,30.3591],[-91.8813,30.3767],[-91.7869,30.3944],[-91.6925,30.4119],[-91.598,30.4294],[-91.5035,30.4468],[-91.4089,30.4642],[-91.3143,30.4814],[-91.2941,30.4851],[-91.1979,30.4941],[-91.1018,30.503],[-91.0056,30.5118],[-90.9094,30.5205],[-90.8132,30.5292],[-90.717,30.5378],[-90.6207,30.5463],[-90.5245,30.5548],[-90.4282,30.5632],[-90.3319,30.5715],[-90.2356,30.5797],[-90.1392,30.5879],[-90.0429,30.596],[-89.9465,30.6041],[-89.8502,30.612],[-89.7538,30.6199],[-89.6574,30.6277],[-89.5609,30.6355],[-89.4645,30.6432],[-89.368,30.6508],[-89.2716,30.6583],[-89.1751,30.6658],[-89.0786,30.6732],[-88.9821,30.6805],[-88.8855,30.6877],[-88.789,30.6949],[-88.6924,30.702],[-88.5959,30.7091],[-88.4993,30.716],[-88.4027,30.7229],[-88.3593,30.726],[-88.2626,30.7323],[-88.166,30.7386],[-88.0693,30.7448],[-87.9726,30.751],[-87.8759,30.7571],[-87.7792,30.7631],[-87.7421,30.7653],[-87.6453,30.7712],[-87.5486,30.7771],[-87.4518,30.7828],[-87.3551,30.7885],[-87.2583,30.7941],[-87.1615,30.7997],[-87.0647,30.8051],[-87.0075,30.8083],[-86.9107,30.8137],[-86.8139,30.819],[-86.717,30.8242],[-86.6791,30.8262],[-86.5821,30.8242],[-86.4851,30.8222],[-86.3881,30.8201],[-86.2911,30.818],[-86.1941,30.8157],[-86.1314,30.8142]]}},{"type":"Feature","properties":{"ident":"J2","type":"CONV","run":2},"geometry":{"type":"LineString","coordinates":[[-112.6743,32.9563],[-112.588,32.915],[-112.5018,32.8737],[-112.4157,32.8323],[-112.3297,32.7909],[-112.2438,32.7494],[-112.1579,32.7078],[-112.0721,32.6662],[-111.9864,32.6245],[-111.9008,32.5828],[-111.8153,32.541],[-111.7298,32.4992],[-111.6444,32.4572],[-111.5591,32.4153],[-111.4948,32.3836],[-111.4096,32.3415],[-111.3245,32.2994],[-111.2395,32.2572],[-111.1546,32.215],[-111.0698,32.1727],[-110.985,32.1303],[-110.9149,32.0952]]}},{"type":"Feature","properties":{"ident":"J20","type":"CONV","run":1},"geometry":{"type":"LineString","coordinates":[[-122.3096,47.4354],[-122.207,47.3893],[-122.1046,47.3431],[-122.0024,47.2969],[-121.9003,47.2505],[-121.7984,47.2041],[-121.6967,47.1575],[-121.5952,47.1109],[-121.5162,47.0745],[-121.415,47.0277],[-121.314,46.9808],[-121.2131,46.9338],[-121.1125,46.8868],[-121.012,46.8396],[-120.9117,46.7924],[-120.8115,46.7451],[-120.7115,46.6977],[-120.6118,46.6502],[-120.5121,46.6026],[-120.4447,46.5702],[-120.351,46.5174],[-120.2575,46.4645],[-120.1642,46.4115],[-120.0711,46.3584],[-119.9781,46.3052],[-119.8854,46.252],[-119.7928,46.1987],[-119.7801,46.1914],[-119.6877,46.138],[-119.5955,46.0845],[-119.5035,46.031],[-119.4116,45.9773],[-119.32,45.9237],[-119.2285,45.8699],[-119.1372,45.8161],[-119.0461,45.7621],[-118.9551,45.7082],[-118.9387,45.6984],[-118.8305,45.6634],[-118.7225,45.6282],[-118.6145,45.5929],[-118.5068,45.5575],[-118.3991,45.5221],[-118.2916,45.4865],[-118.1842,45.4508],[-118.077,45.415],[-117.9698,45.3792],[-117.8629,45.3432],[-117.7777,45.3144],[-117.671,45.2783],[-117.5644,45.242],[-117.4579,45.2056],[-117.3516,45.1692],[-117.2454,45.1326],[-117.1394,45.096],[-117.0335,45.0592],[-116.9277,45.0224],[-116.8221,44.9854],[-116.7166,44.9484],[-116.6112,44.9112],[-116.506,44.874],[-116.4009,44.8366],[-116.2959,44.7992],[-116.2063,44.7671],[-116.1105,44.719],[-116.0149,44.6708],[-115.9194,44.6225],[-115.8241,44.5741],[-115.729,44.5257],[-115.634,44.4771],[-115.5392,44.4285],[-115.4445,44.3798],[-115.35,44.3311],[-115.2557,44.2822],[-115.1615,44.2333],[-115.0675,44.1843],[-114.9736,44.1353],[-114.8799,44.0861],[-114.7863,44.0369],[-114.6929,43.9876],[-114.5996,43.9382],[-114.5065,43.8888],[-114.4136,43.8392],[-114.3208,43.7896],[-114.2282,43.7399],[-114.1357,43.6902],[-114.0433,43.6404],[-113.9512,43.5905],[-113.8591,43.5405],[-113.7673,43.4904],[-113.6755,43.4403],[-113.584,43.3901],[-113.4926,43.3398],[-113.4013,43.2895],[-113.3102,43.2391],[-113.2192,43.1886],[-113.1284,43.138],[-113.0377,43.0874],[-112.9472,43.0367],[-112.8569,42.9859],[-112.7666,42.9351],[-112.6766,42.8842],[-112.6522,42.8704],[-112.5486,42.8362],[-112.445,42.8019],[-112.3416,42.7675],[-112.2383,42.733],[-112.1351,42.6985],[-112.032,42.6638],[-111.9291,42.629],[-111.8262,42.5942],[-111.7235,42.5593],[-111.6209,42.5242],[-111.5184,42.4891],[-111.416,42.4539],[-111.3137,42.4186],[-111.2115,42.3832],[-111.1095,42.3477],[-111.0076,42.3121],[-110.9058,42.2765],[-110.8041,42.2407],[-110.7025,42.2048],[-110.601,42.1689],[-110.4997,42.1329],[-110.3984,42.0968],[-110.2973,42.0606],[-110.1963,42.0243],[-110.0954,41.9879],[-109.9946,41.9514],[-109.894,41.9149],[-109.7934,41.8782],[-109.693,41.8415],[-109.5927,41.8047],[-109.4925,41.7678],[-109.3924,41.7308],[-109.2924,41.6937],[-109.1926,41.6565],[-109.0929,41.6193],[-109.0153,41.5902],[-108.9172,41.5508],[-108.8193,41.5112],[-108.7214,41.4716],[-108.6236,41.4319],[-108.526,41.3921],[-108.4285,41.3522],[-108.3311,41.3123],[-108.2339,41.2722],[-108.1367,41.2321],[-108.0397,41.1919],[-107.9428,41.1516],[-107.846,41.1113],[-107.7493,41.0708],[-107.6528,41.0303],[-107.5563,40.9897],[-107.46,40.949],[-107.3638,40.9082],[-107.2677,40.8674],[-107.1718,40.8265],[-107.0759,40.7855],[-106.9802,40.7444],[-106.8846,40.7032],[-106.7891,40.662],[-106.6938,40.6207],[-106.5985,40.5793],[-106.5034,40.5378],[-106.4084,40.4962],[-106.3135,40.4546],[-106.2187,40.4129],[-106.124,40.3711],[-106.0295,40.3292],[-105.9351,40.2873],[-105.8408,40.2453],[-105.7466,40.2032],[-105.6525,40.161],[-105.5585,40.1188],[-105.4647,40.0765],[-105.371,40.0341],[-105.2774,39.9916],[-105.1839,39.949],[-105.0905,39.9064],[-104.9973,39.8637],[-104.9041,39.8209],[-104.8111,39.7781],[-104.7182,39.7352],[-104.6254,39.6922],[-104.621,39.6901],[-104.5487,39.6281],[-104.4766,39.566],[-104.4047,39.5038],[-104.3328,39.4416],[-104.2611,39.3794],[-104.1895,39.3171],[-104.1249,39.2608],[-104.0535,39.1984],[-103.9823,39.136],[-103.9112,39.0736],[-103.8402,39.0111],[-103.7694,38.9486],[-103.6986,38.886],[-103.628,38.8234],[-103.6214,38.8175],[-103.5396,38.7639],[-103.4579,38.7102],[-103.3763,38.6564],[-103.2949,38.6026],[-103.2135,38.5488],[-103.1323,38.4948],[-103.0512,38.4409],[-102.9703,38.3868],[-102.8894,38.3328],[-102.8087,38.2786],[-102.7281,38.2244],[-102.6875,38.1971]]}},{"type":"Feature","properties":{"ident":"J20","type":"CONV","run":2},"geometry":{"type":"LineString","coordinates":[[-97.6092,35.3586],[-97.5291,35.3069],[-97.4492,35.2551],[-97.3693,35.2033],[-97.2895,35.1514],[-97.2098,35.0995],[-97.1302,35.0475],[-97.0507,34.9955],[-96.9714,34.9434],[-96.8921,34.8912],[-96.8129,34.8391],[-96.7338,34.7868],[-96.6549,34.7345],[-96.576,34.6822],[-96.4972,34.6298],[-96.4694,34.6113],[-96.3908,34.5588],[-96.3122,34.5063],[-96.2338,34.4538],[-96.1554,34.4012],[-96.1239,34.38],[-96.0457,34.3273],[-95.9676,34.2746],[-95.8896,34.2218],[-95.8117,34.169],[-95.7339,34.1161],[-95.6562,34.0632],[-95.5786,34.0102],[-95.501,33.9571],[-95.4236,33.9041],[-95.3463,33.8509],[-95.2957,33.8161],[-95.2186,33.7629],[-95.1415,33.7097],[-95.0645,33.6563],[-94.9877,33.603],[-94.9109,33.5496],[-94.8342,33.4961],[-94.7576,33.4427],[-94.6811,33.3891],[-94.6047,33.3355],[-94.5284,33.2819],[-94.4522,33.2282],[-94.376,33.1745],[-94.3,33.1207],[-94.2241,33.0669],[-94.1482,33.013],[-94.0725,32.9591],[-93.9968,32.9051],[-93.9213,32.8511],[-93.8458,32.7971],[-93.8099,32.7714],[-93.7112,32.7638],[-93.6126,32.7562],[-93.5972,32.7551],[-93.4986,32.7474],[-93.3999,32.7396],[-93.3013,32.7317],[-93.2027,32.7238],[-93.181,32.7221],[-93.0824,32.714],[-93.0561,32.7119],[-92.9575,32.7038],[-92.859,32.6955],[-92.7604,32.6873],[-92.6619,32.6789],[-92.5634,32.6705],[-92.5521,32.6695],[-92.4536,32.661],[-92.3552,32.6524],[-92.2567,32.6437],[-92.1583,32.635],[-92.0599,32.6262],[-91.9616,32.6173],[-91.8632,32.6083],[-91.7649,32.5992],[-91.6666,32.5901],[-91.5683,32.5809],[-91.47,32.5716],[-91.3717,32.5623],[-91.2735,32.5528],[-91.1753,32.5433],[-91.0771,32.5338],[-90.9789,32.5241],[-90.8808,32.5144],[-90.7827,32.5045],[-90.6846,32.4947],[-90.5865,32.4847],[-90.4884,32.4746],[-90.3904,32.4645],[-90.2924,32.4543],[-90.1944,32.4441],[-90.0998,32.4341],[-90.0011,32.4303],[-89.9025,32.4265],[-89.8039,32.4225],[-89.7053,32.4185],[-89.6067,32.4145],[-89.5081,32.4103],[-89.4096,32.4061],[-89.311,32.4018],[-89.2124,32.3974],[-89.1139,32.393],[-89.0154,32.3884],[-88.9168,32.3838],[-88.8183,32.3791],[-88.8043,32.3784],[-88.7058,32.3732],[-88.6073,32.3679],[-88.5089,32.3625],[-88.4105,32.357],[-88.312,32.3514],[-88.2136,32.3458],[-88.1152,32.3401],[-88.0168,32.3343],[-87.9185,32.3284],[-87.8201,32.3225],[-87.7218,32.3165],[-87.6234,32.3104],[-87.5251,32.3042],[-87.4268,32.2979],[-87.3285,32.2916],[-87.2302,32.2852],[-87.1319,32.2788],[-87.0337,32.2722],[-86.9354,32.2656],[-86.8372,32.2589],[-86.739,32.2521],[-86.6408,32.2452],[-86.5426,32.2383],[-86.4445,32.2313],[-86.3463,32.2242],[-86.3197,32.2223]]}},{"type":"Feature","properties":{"ident":"J202","type":"CONV","run":1},"geometry":{"type":"LineString","coordinates":[[-111.9405,40.2749],[-111.8928,40.3498],[-111.8449,40.4248],[-111.7969,40.4997],[-111.7488,40.5746],[-111.7006,40.6494],[-111.6522,40.7243],[-111.6125,40.7856],[-111.5114,40.8184],[-111.4101,40.8512],[-111.3087,40.8838],[-111.2072,40.9163],[-111.1056,40.9488],[-111.0039,40.9812],[-110.9021,41.0135],[-110.8003,41.0457],[-110.6983,41.0778],[-110.5962,41.1098],[-110.494,41.1417],[-110.3917,41.1735],[-110.2893,41.2053],[-110.1869,41.2369],[-110.0843,41.2685],[-109.9816,41.3],[-109.8788,41.3314],[-109.7759,41.3626],[-109.673,41.3938],[-109.5699,41.425],[-109.4667,41.456],[-109.3634,41.4869],[-109.2601,41.5177],[-109.1566,41.5485],[-109.053,41.5791],[-109.0153,41.5902],[-108.9268,41.6409],[-108.8382,41.6915],[-108.7494,41.742],[-108.6605,41.7924],[-108.5715,41.8428],[-108.4823,41.8932],[-108.3929,41.9434],[-108.3034,41.9936],[-108.2138,42.0437],[-108.1241,42.0937],[-108.0342,42.1437],[-107.9441,42.1936],[-107.8539,42.2434],[-107.7636,42.2932],[-107.6731,42.3429],[-107.5825,42.3925],[-107.4918,42.442],[-107.4009,42.4915],[-107.3098,42.5409],[-107.2186,42.5902],[-107.1273,42.6395],[-107.0358,42.6887],[-106.9442,42.7378],[-106.8524,42.7868],[-106.7605,42.8358],[-106.6685,42.8847],[-106.5762,42.9335],[-106.4839,42.9822],[-106.3914,43.0309],[-106.2988,43.0795],[-106.277,43.0909]]}},{"type":"Feature","properties":{"ident":"J203","type":"CONV","run":1},"geometry":{"type":"LineString","coordinates":[[-108.6247,45.8086],[-108.6515,45.8898],[-108.6784,45.971],[-108.7054,46.0522],[-108.7325,46.1334],[-108.7597,46.2145],[-108.7869,46.2957],[-108.8142,46.3769],[-108.8416,46.458],[-108.8691,46.5392],[-108.8967,46.6203],[-108.9243,46.7015],[-108.952,46.7826],[-108.9799,46.8637],[-109.0078,46.9449],[-109.0357,47.026],[-109.0638,47.1071],[-109.092,47.1882],[-109.1202,47.2693],[-109.1485,47.3504],[-109.1518,47.3597],[-109.2745,47.3658],[-109.3972,47.3717],[-109.52,47.3775],[-109.6428,47.3831],[-109.7656,47.3886],[-109.8884,47.394],[-110.0113,47.3993],[-110.1341,47.4044],[-110.257,47.4094],[-110.38,47.4143],[-110.5029,47.419],[-110.6259,47.4237],[-110.7489,47.4281],[-110.8719,47.4325],[-110.9949,47.4367],[-111.118,47.4408],[-111.241,47.4447],[-111.3641,47.4485],[-111.4122,47.45]]}},{"type":"Feature","properties":{"ident":"J204","type":"CONV","run":1},"geometry":{"type":"LineString","coordinates":[[-101.7151,45.0782],[-101.8218,45.1137],[-101.9287,45.1492],[-102.0358,45.1845],[-102.1429,45.2198],[-102.2502,45.255],[-102.3576,45.29],[-102.4652,45.325],[-102.5729,45.3598],[-102.6807,45.3946],[-102.7887,45.4292],[-102.8967,45.4638],[-103.005,45.4982],[-103.1133,45.5325],[-103.2218,45.5668],[-103.3304,45.6009],[-103.4392,45.635],[-103.548,45.6689],[-103.6571,45.7027],[-103.7662,45.7364],[-103.8755,45.7701],[-103.9849,45.8036],[-104.0944,45.837],[-104.2041,45.8703],[-104.3139,45.9035],[-104.4238,45.9366],[-104.5339,45.9696],[-104.6441,46.0025],[-104.7544,46.0352],[-104.8649,46.0679],[-104.9755,46.1005],[-105.0862,46.1329],[-105.197,46.1653],[-105.308,46.1975],[-105.4191,46.2297],[-105.5303,46.2617],[-105.6417,46.2936],[-105.7532,46.3254],[-105.8648,46.3571],[-105.9535,46.3822],[-106.0629,46.4177],[-106.1723,46.4531],[-106.282,46.4884],[-106.3917,46.5236],[-106.5016,46.5586],[-106.6116,46.5936],[-106.7218,46.6285],[-106.8321,46.6632],[-106.9426,46.6979],[-107.0532,46.7324],[-107.1639,46.7669],[-107.2748,46.8012],[-107.3859,46.8354],[-107.497,46.8695],[-107.6083,46.9035],[-107.7198,46.9374],[-107.8314,46.9712],[-107.9431,47.0049],[-108.055,47.0385],[-108.167,47.072],[-108.2792,47.1053],[-108.3915,47.1386],[-108.5039,47.1717],[-108.6165,47.2047],[-108.7292,47.2376],[-108.842,47.2704],[-108.955,47.3031],[-109.0682,47.3357],[-109.1518,47.3597],[-109.2745,47.3658],[-109.3972,47.3717],[-109.52,47.3775],[-109.6428,47.3831],[-109.7656,47.3886],[-109.8884,47.394],[-110.0113,47.3993],[-110.1341,47.4044],[-110.257,47.4094],[-110.38,47.4143],[-110.5029,47.419],[-110.6259,47.4237],[-110.7489,47.4281],[-110.8719,47.4325],[-110.9949,47.4367],[-111.118,47.4408],[-111.241,47.4447],[-111.3641,47.4485],[-111.4122,47.45]]}},{"type":"Feature","properties":{"ident":"J206","type":"CONV","run":1},"geometry":{"type":"LineString","coordinates":[[-105.8155,37.3492],[-105.8841,37.4122],[-105.9529,37.4752],[-106.0217,37.5381],[-106.0907,37.601],[-106.1597,37.6639],[-106.2289,37.7267],[-106.2982,37.7895],[-106.3676,37.8522],[-106.4372,37.9149],[-106.5068,37.9776],[-106.5766,38.0402],[-106.6465,38.1028],[-106.7165,38.1653],[-106.7866,38.2278],[-106.8569,38.2903],[-106.9273,38.3527],[-106.9978,38.4151],[-107.0397,38.4521],[-107.0277,38.5349],[-107.0157,38.6177],[-107.0036,38.7005],[-106.9915,38.7833],[-106.9794,38.8661],[-106.9673,38.9489],[-106.9551,39.0317],[-106.9429,39.1145],[-106.9306,39.1973],[-106.9184,39.28],[-106.9061,39.3628],[-106.8947,39.4394],[-106.9584,39.5066],[-107.0223,39.5738],[-107.0863,39.641],[-107.1504,39.7082],[-107.2146,39.7753],[-107.2789,39.8424],[-107.3434,39.9094],[-107.408,39.9764],[-107.4727,40.0434],[-107.5376,40.1104],[-107.6026,40.1773],[-107.6677,40.2441],[-107.7329,40.311],[-107.7983,40.3778],[-107.8638,40.4445],[-107.9294,40.5112],[-107.9952,40.5779],[-107.9986,40.5813],[-108.0645,40.6479],[-108.1306,40.7145],[-108.1967,40.7811],[-108.2631,40.8476],[-108.3295,40.9141],[-108.3961,40.9805],[-108.4628,41.0469],[-108.5297,41.1133],[-108.5967,41.1796],[-108.6638,41.2459],[-108.7311,41.3122],[-108.7985,41.3784],[-108.866,41.4445],[-108.9337,41.5107],[-109.0015,41.5767],[-109.0153,41.5902]]}},{"type":"Feature","properties":{"ident":"J21","type":"CONV","run":1},"geometry":{"type":"LineString","coordinates":[[-99.0178,24.2025],[-99.0265,24.2756],[-99.0364,24.3585],[-99.0462,24.4413],[-99.0561,24.5241],[-99.0661,24.607],[-99.076,24.6898],[-99.0859,24.7727],[-99.0959,24.8555],[-99.1058,24.9383],[-99.1073,24.9508],[-99.1173,25.0336],[-99.1273,25.1165],[-99.1372,25.1993],[-99.1472,25.2822],[-99.1573,25.365],[-99.1673,25.4478],[-99.1773,25.5307],[-99.1874,25.6135],[-99.1974,25.6963],[-99.2075,25.7792],[-99.2174,25.8604],[-99.2275,25.9432],[-99.2377,26.026],[-99.2478,26.1089],[-99.258,26.1917],[-99.2681,26.2745],[-99.2783,26.3574],[-99.2883,26.44],[-99.3336,26.9336],[-99.3463,27.0162],[-99.359,27.0988],[-99.3717,27.1813],[-99.3845,27.2639],[-99.3972,27.3464],[-99.41,27.429],[-99.4177,27.4787],[-99.384,27.5565],[-99.3503,27.6343],[-99.3166,27.7121],[-99.2828,27.7899],[-99.249,27.8677],[-99.2151,27.9454],[-99.1811,28.0232],[-99.1472,28.1009],[-99.1131,28.1787],[-99.079,28.2564],[-99.0449,28.3341],[-99.0107,28.4118],[-98.9765,28.4895],[-98.9422,28.5672],[-98.9079,28.6449],[-98.8735,28.7226],[-98.839,28.8003],[-98.8046,28.8779],[-98.77,28.9556],[-98.7354,29.0332],[-98.7008,29.1109],[-98.6661,29.1885],[-98.6313,29.2661],[-98.5965,29.3437],[-98.5617,29.4213],[-98.5268,29.4989],[-98.4918,29.5765],[-98.4613,29.644],[-98.3907,29.7004],[-98.3199,29.7567],[-98.2491,29.8129],[-98.1782,29.8692],[-98.1072,29.9253],[-98.0361,29.9815],[-97.965,30.0376],[-97.8938,30.0937],[-97.8224,30.1497],[-97.7511,30.2057],[-97.6796,30.2617],[-97.608,30.3176],[-97.5364,30.3735],[-97.5299,30.3786],[-97.5134,30.4607],[-97.4969,30.5428],[-97.4804,30.6249],[-97.4638,30.707],[-97.4472,30.7891],[-97.4306,30.8712],[-97.414,30.9533],[-97.3973,31.0354],[-97.3806,31.1175],[-97.3639,31.1996],[-97.3471,31.2817],[-97.3303,31.3637],[-97.3135,31.4458],[-97.2967,31.5279],[-97.2798,31.61],[-97.269,31.6622],[-97.263,31.7454],[-97.257,31.8286],[-97.251,31.9118],[-97.245,31.9949],[-97.2389,32.0781],[-97.2329,32.1613],[-97.2268,32.2444],[-97.2207,32.3276],[-97.2147,32.4108],[-97.2086,32.494],[-97.2025,32.5771],[-97.1963,32.6603],[-97.1902,32.7435],[-97.1841,32.8266],[-97.1794,32.8895],[-97.1787,32.9728],[-97.178,33.0561],[-97.1773,33.1394],[-97.1766,33.2228],[-97.1759,33.3061],[-97.1752,33.3894],[-97.1745,33.4728],[-97.1738,33.5561],[-97.1731,33.6394],[-97.1724,33.7227],[-97.1717,33.8061],[-97.171,33.8894],[-97.1703,33.9727],[-97.1696,34.056],[-97.1689,34.1394],[-97.1682,34.2116],[-97.1984,34.2911],[-97.2286,34.3706],[-97.2589,34.4501],[-97.2892,34.5296],[-97.3196,34.6091],[-97.3501,34.6886],[-97.3806,34.768],[-97.4111,34.8475],[-97.4418,34.9269],[-97.4724,35.0064],[-97.5032,35.0858],[-97.534,35.1653],[-97.5649,35.2447],[-97.5958,35.3241],[-97.6092,35.3586],[-97.6084,35.4419],[-97.6075,35.5253],[-97.6066,35.6086],[-97.6058,35.6919],[-97.6049,35.7752],[-97.604,35.8586],[-97.6032,35.9419],[-97.6023,36.0252],[-97.6014,36.1085],[-97.6005,36.1919],[-97.5997,36.2752],[-97.5988,36.3585],[-97.5979,36.4419],[-97.597,36.5252],[-97.5961,36.6085],[-97.5952,36.6918],[-97.5944,36.7752],[-97.5935,36.8585],[-97.5926,36.9418],[-97.5917,37.0251],[-97.5908,37.1085],[-97.5899,37.1918],[-97.589,37.2751],[-97.5881,37.3585],[-97.5872,37.4418],[-97.5862,37.5251],[-97.5853,37.6084],[-97.5844,37.6918],[-97.5838,37.7453],[-97.5443,37.8225],[-97.5046,37.8997],[-97.4648,37.9769],[-97.425,38.0541],[-97.3851,38.1313],[-97.3753,38.1502],[-97.3357,38.2275],[-97.2961,38.3048],[-97.2564,38.3821],[-97.2263,38.4408],[-97.1857,38.5178],[-97.145,38.5948],[-97.1042,38.6718],[-97.0634,38.7488],[-97.0224,38.8258],[-96.9814,38.9028],[-96.9403,38.9797],[-96.9188,39.0198],[-96.8778,39.0968],[-96.8367,39.1738],[-96.7955,39.2508],[-96.7543,39.3277],[-96.7129,39.4047],[-96.6714,39.4816],[-96.6299,39.5585],[-96.5882,39.6354],[-96.5465,39.7123],[-96.5046,39.7892],[-96.4627,39.866],[-96.4207,39.9429],[-96.3786,40.0197],[-96.3363,40.0965],[-96.294,40.1733],[-96.2516,40.2501],[-96.2091,40.3269],[-96.1665,40.4036],[-96.1238,40.4803],[-96.081,40.5571],[-96.0381,40.6338],[-95.9952,40.7104],[-95.9521,40.7871],[-95.9089,40.8638],[-95.8656,40.9404],[-95.8222,41.017],[-95.7787,41.0936],[-95.7369,41.1672],[-95.6942,41.2441],[-95.6515,41.321],[-95.6086,41.3978],[-95.5657,41.4747],[-95.5226,41.5515],[-95.4795,41.6284],[-95.4362,41.7052],[-95.3929,41.782],[-95.3587,41.8423],[-95.3152,41.9191],[-95.2716,41.9959],[-95.2278,42.0726],[-95.184,42.1493],[-95.14,42.226],[-95.096,42.3027],[-95.0518,42.3794],[-95.0194,42.4356],[-94.975,42.5122],[-94.9305,42.5888],[-94.886,42.6654],[-94.8413,42.742],[-94.7964,42.8186],[-94.7515,42.8951],[-94.7142,42.9586],[-94.669,43.0351],[-94.6237,43.1116],[-94.5783,43.188],[-94.5327,43.2645],[-94.5129,43.2976],[-94.4673,43.3741],[-94.4216,43.4505],[-94.3757,43.5269],[-94.3298,43.6033],[-94.2837,43.6797],[-94.2375,43.756],[-94.1912,43.8324],[-94.1448,43.9087],[-94.0983,43.985],[-94.0516,44.0612],[-94.0048,44.1375],[-93.9579,44.2137],[-93.9109,44.29],[-93.907,44.2963],[-93.8598,44.3725],[-93.8125,44.4486],[-93.765,44.5248],[-93.7175,44.6009],[-93.6698,44.677],[-93.622,44.7531],[-93.5741,44.8292],[-93.526,44.9053],[-93.4779,44.9813],[-93.4295,45.0573],[-93.3811,45.1333],[-93.3732,45.1457],[-93.3218,45.2207],[-93.2703,45.2958],[-93.2187,45.3708],[-93.1669,45.4458],[-93.115,45.5207],[-93.063,45.5957],[-93.0108,45.6706],[-92.9584,45.7455],[-92.906,45.8203],[-92.8534,45.8952],[-92.8006,45.97],[-92.7477,46.0448],[-92.6947,46.1196],[-92.6415,46.1943],[-92.5882,46.269],[-92.5347,46.3437],[-92.4811,46.4184],[-92.4273,46.493],[-92.3734,46.5677],[-92.3193,46.6423],[-92.2651,46.7168],[-92.2108,46.7914],[-92.2029,46.8022]]}},{"type":"Feature","properties":{"ident":"J211","type":"CONV","run":1},"geometry":{"type":"LineString","coordinates":[[-76.9786,39.495],[-77.0787,39.5263],[-77.1789,39.5575],[-77.2792,39.5886],[-77.3796,39.6196],[-77.4551,39.6429],[-77.5556,39.6738],[-77.6562,39.7045],[-77.757,39.7352],[-77.8578,39.7658],[-77.9587,39.7964],[-78.0597,39.8268],[-78.0983,39.8384],[-78.1808,39.8926],[-78.2634,39.9467],[-78.3225,39.9854],[-78.4054,40.0394],[-78.4883,40.0934],[-78.5714,40.1473],[-78.6547,40.2011],[-78.738,40.2549],[-78.8215,40.3086],[-78.8342,40.3167]]}},{"type":"Feature","properties":{"ident":"J212","type":"CONV","run":1},"geometry":{"type":"LineString","coordinates":[[-111.9087,32.8859],[-111.9883,32.9357],[-112.0679,32.9855],[-112.1476,33.0353],[-112.2274,33.085],[-112.3073,33.1346],[-112.3873,33.1842],[-112.4674,33.2338],[-112.5476,33.2833],[-112.6278,33.3327],[-112.7082,33.3821],[-112.7886,33.4314],[-112.8246,33.4535],[-112.9219,33.4723],[-113.0193,33.491],[-113.1167,33.5096],[-113.2141,33.5282],[-113.3116,33.5466],[-113.4091,33.565],[-113.5067,33.5834],[-113.5112,33.5842],[-113.6088,33.6024],[-113.7064,33.6206],[-113.8041,33.6387],[-113.8652,33.6499],[-113.963,33.6679],[-114.0608,33.6858],[-114.1586,33.7036],[-114.2565,33.7214],[-114.3544,33.7391],[-114.4524,33.7567],[-114.5441,33.7731],[-114.6441,33.7789],[-114.7441,33.7847],[-114.8441,33.7904],[-114.9442,33.796],[-115.0442,33.8016],[-115.1443,33.8071],[-115.2444,33.8124],[-115.3445,33.8177],[-115.4446,33.823],[-115.4566,33.8236],[-115.5567,33.8287],[-115.6569,33.8338],[-115.757,33.8387],[-115.8572,33.8436],[-115.9573,33.8484],[-116.0575,33.8532],[-116.1577,33.8578],[-116.2579,33.8624],[-116.3581,33.8669],[-116.4298,33.87]]}},{"type":"Feature","properties":{"ident":"J217","type":"CONV","run":1},"geometry":{"type":"LineString","coordinates":[[-75.3163,42.0631],[-75.4211,42.0332],[-75.5258,42.0033],[-75.6304,41.9733],[-75.7348,41.9432],[-75.8392,41.913],[-75.9435,41.8827],[-76.0477,41.8524],[-76.1518,41.8219],[-76.2558,41.7913],[-76.3597,41.7606],[-76.4635,41.7299],[-76.5672,41.699],[-76.6708,41.6681],[-76.7743,41.637],[-76.8777,41.6059],[-76.981,41.5747],[-77.0842,41.5433],[-77.1873,41.5119],[-77.2903,41.4804],[-77.3932,41.4488],[-77.496,41.4172],[-77.5987,41.3854],[-77.6413,41.3722],[-77.7439,41.3402],[-77.8463,41.3082],[-77.9487,41.2761],[-78.0509,41.244],[-78.1428,41.215]]}},{"type":"Feature","properties":{"ident":"J22","type":"CONV","run":1},"geometry":{"type":"LineString","coordinates":[[-99.5646,27.4394],[-99.523,27.4481],[-99.4878,27.46],[-99.4177,27.4787],[-99.3266,27.4991],[-99.2355,27.5193],[-99.1443,27.5395],[-99.0531,27.5597],[-98.9618,27.5797],[-98.8706,27.5997],[-98.7793,27.6197],[-98.6879,27.6396],[-98.5966,27.6594],[-98.5052,27.6792],[-98.4137,27.6989],[-98.3223,27.7186],[-98.2308,27.7382],[-98.1392,27.7577],[-98.0477,27.7772],[-97.9561,27.7966],[-97.8644,27.816],[-97.7728,27.8353],[-97.6811,27.8545],[-97.5894,27.8737],[-97.4976,27.8928],[-97.4449,27.9038],[-97.3736,27.9583],[-97.3023,28.0129],[-97.2308,28.0674],[-97.1593,28.1218],[-97.0878,28.1762],[-97.0161,28.2306],[-96.9444,28.285],[-96.8726,28.3393],[-96.8111,28.3857],[-96.7392,28.44],[-96.6672,28.4942],[-96.5951,28.5483],[-96.5229,28.6024],[-96.4507,28.6565],[-96.3784,28.7106],[-96.3062,28.7644],[-96.2215,28.8023],[-96.1368,28.8402],[-96.052,28.878],[-95.9671,28.9157],[-95.8822,28.9534],[-95.7972,28.991],[-95.7122,29.0286],[-95.6271,29.0661],[-95.5419,29.1036],[-95.4567,29.141],[-95.3714,29.1784],[-95.286,29.2157],[-95.2006,29.253],[-95.1151,29.2902],[-95.0296,29.3273],[-94.944,29.3644],[-94.8583,29.4015],[-94.7726,29.4385],[-94.6868,29.4754],[-94.601,29.5123],[-94.515,29.5491],[-94.4291,29.5858],[-94.343,29.6226],[-94.2856,29.647],[-94.1995,29.6836],[-94.1133,29.7202],[-94.027,29.7567],[-93.9407,29.7931],[-93.8543,29.8295],[-93.7679,29.8659],[-93.6813,29.9022],[-93.5947,29.9384],[-93.5081,29.9746],[-93.4214,30.0107],[-93.3346,30.0467],[-93.2478,30.0827],[-93.1609,30.1187],[-93.1056,30.1415],[-93.019,30.1782],[-92.9324,30.2148],[-92.8458,30.2514],[-92.759,30.2879],[-92.6722,30.3243],[-92.5854,30.3607],[-92.4984,30.3971],[-92.4115,30.4333],[-92.3244,30.4696],[-92.2373,30.5057],[-92.1501,30.5418],[-92.0628,30.5779],[-91.9755,30.6139],[-91.8882,30.6498],[-91.8007,30.6857],[-91.7132,30.7215],[-91.6256,30.7572],[-91.538,30.7929],[-91.4503,30.8286],[-91.3625,30.8641],[-91.2747,30.8997],[-91.1868,30.9351],[-91.0988,30.9705],[-91.0108,31.0058],[-90.9227,31.0411],[-90.8345,31.0763],[-90.7463,31.1115],[-90.658,31.1466],[-90.5697,31.1816],[-90.4812,31.2166],[-90.3927,31.2515],[-90.3042,31.2864],[-90.2582,31.3045],[-90.185,31.3595],[-90.1117,31.4146],[-90.0383,31.4696],[-89.9648,31.5245],[-89.8913,31.5794],[-89.8176,31.6343],[-89.7439,31.6891],[-89.6701,31.7439],[-89.5962,31.7986],[-89.5222,31.8533],[-89.4481,31.908],[-89.374,31.9626],[-89.2997,32.0171],[-89.2254,32.0717],[-89.1509,32.1261],[-89.0764,32.1806],[-89.0018,32.235],[-88.9271,32.2893],[-88.8523,32.3436],[-88.8043,32.3784]]}},{"type":"Feature","properties":{"ident":"J220","type":"CONV","run":1},"geometry":{"type":"LineString","coordinates":[[-77.4667,38.9346],[-77.4653,39.0179],[-77.464,39.1012],[-77.4626,39.1846],[-77.4613,39.2679],[-77.4599,39.3512],[-77.4585,39.4345],[-77.4571,39.5179],[-77.4558,39.6012],[-77.4551,39.6429],[-77.4537,39.7262],[-77.4523,39.8095],[-77.4509,39.8929],[-77.4499,39.9557],[-77.4485,40.039],[-77.447,40.1224],[-77.4464,40.1592],[-77.445,40.2425],[-77.4436,40.3259],[-77.4422,40.4092],[-77.4408,40.4925],[-77.4393,40.5758],[-77.4385,40.6268],[-77.437,40.7102],[-77.4355,40.7935],[-77.4347,40.8398],[-77.4333,40.9231],[-77.4319,41.0065],[-77.4304,41.0898],[-77.4291,41.1663],[-77.4277,41.2497],[-77.4262,41.3323],[-77.4248,41.4156],[-77.4233,41.499],[-77.4219,41.5823],[-77.4204,41.6656],[-77.4199,41.6953]]}},{"type":"Feature","properties":{"ident":"J23","type":"CONV","run":1},"geometry":{"type":"LineString","coordinates":[[-98.4613,29.644],[-98.4493,29.7267],[-98.4372,29.8094],[-98.4251,29.892],[-98.413,29.9747],[-98.4009,30.0574],[-98.3934,30.1081],[-98.3813,30.1907],[-98.3691,30.2734],[-98.3569,30.3561],[-98.3496,30.4053],[-98.3374,30.488],[-98.3251,30.5706],[-98.3128,30.6533],[-98.3005,30.7359],[-98.2881,30.8186],[-98.2758,30.9012],[-98.2634,30.9839],[-98.251,31.0665],[-98.2386,31.1492],[-98.2262,31.2318],[-98.2137,31.3145],[-98.2012,31.3971],[-98.1887,31.4798],[-98.1801,31.5362],[-98.1677,31.6189],[-98.1552,31.7015],[-98.1425,31.7842],[-98.1299,31.8668],[-98.119,31.9381],[-98.1063,32.0208],[-98.0937,32.1034],[-98.081,32.186],[-98.0683,32.2687],[-98.0555,32.3513],[-98.0428,32.4339],[-98.03,32.5166],[-98.0172,32.5992],[-98.0044,32.6818],[-97.9974,32.7262],[-97.9856,32.8089],[-97.9737,32.8917],[-97.9619,32.9744],[-97.95,33.0571],[-97.938,33.1398],[-97.9261,33.2226],[-97.9141,33.3053],[-97.9021,33.388],[-97.8932,33.4491],[-97.8812,33.5318],[-97.8691,33.6145],[-97.8571,33.6972],[-97.845,33.78],[-97.8328,33.8627],[-97.8207,33.9454],[-97.8085,34.0281],[-97.7963,34.1108],[-97.7841,34.1935],[-97.7718,34.2763],[-97.7595,34.359],[-97.7472,34.4417],[-97.7349,34.5244],[-97.7226,34.6071],[-97.7102,34.6898],[-97.6978,34.7725],[-97.6854,34.8552],[-97.6729,34.9379],[-97.6605,35.0206],[-97.648,35.1033],[-97.6355,35.186],[-97.6229,35.2687],[-97.6103,35.3514],[-97.6092,35.3586],[-97.5836,35.4393],[-97.5579,35.5199],[-97.5321,35.6006],[-97.5063,35.6812],[-97.4804,35.7619],[-97.4545,35.8425],[-97.4286,35.9231],[-97.4025,36.0038],[-97.3765,36.0844],[-97.3503,36.165],[-97.3241,36.2456],[-97.2979,36.3262],[-97.2716,36.4068],[-97.2453,36.4874],[-97.2189,36.568],[-97.1924,36.6485],[-97.1659,36.7291],[-97.1602,36.7465],[-97.1932,36.8255],[-97.2264,36.9045],[-97.2596,36.9835],[-97.2929,37.0625],[-97.3263,37.1415],[-97.3597,37.2204],[-97.3932,37.2994],[-97.3934,37.2997],[-97.4269,37.3787],[-97.4606,37.4576],[-97.4943,37.5365],[-97.5281,37.6154],[-97.5619,37.6943],[-97.5838,37.7453]]}},{"type":"Feature","properties":{"ident":"J231","type":"CONV","run":1},"geometry":{"type":"LineString","coordinates":[[-115.7699,34.1122],[-115.6727,34.1339],[-115.5754,34.1554],[-115.4781,34.1769],[-115.3808,34.1983],[-115.3429,34.2066],[-115.2454,34.2276],[-115.1478,34.2486],[-115.0503,34.2696],[-114.9526,34.2904],[-114.8549,34.3112],[-114.7572,34.3319],[-114.6594,34.3525],[-114.5616,34.373],[-114.4637,34.3935],[-114.3658,34.4139],[-114.2678,34.4342],[-114.1698,34.4544],[-114.0717,34.4745],[-113.9736,34.4946],[-113.8754,34.5146],[-113.7772,34.5345],[-113.6789,34.5543],[-113.6394,34.5623],[-113.5393,34.5749],[-113.4393,34.5873],[-113.3392,34.5997],[-113.239,34.612],[-113.1389,34.6243],[-113.0387,34.6364],[-112.9385,34.6485],[-112.8382,34.6605],[-112.7379,34.6724],[-112.6376,34.6842],[-112.5373,34.6959],[-112.4804,34.7026],[-112.3857,34.6727],[-112.2912,34.6427],[-112.1967,34.6127],[-112.1023,34.5826],[-112.008,34.5525],[-111.9137,34.5222],[-111.8195,34.4919],[-111.7254,34.4615],[-111.6314,34.4311],[-111.5374,34.4006],[-111.4435,34.37],[-111.3496,34.3393],[-111.315,34.3279],[-111.2143,34.3333],[-111.1136,34.3385],[-111.0128,34.3436],[-110.9121,34.3487],[-110.8113,34.3537],[-110.795,34.3545],[-110.6943,34.3593],[-110.5935,34.3642],[-110.4927,34.3689],[-110.4712,34.3699],[-110.3704,34.3745],[-110.2696,34.379],[-110.1688,34.3835],[-110.068,34.3878],[-109.9671,34.3921],[-109.8663,34.3963],[-109.7654,34.4005],[-109.6645,34.4045],[-109.5636,34.4085],[-109.4627,34.4123],[-109.3618,34.4161],[-109.2609,34.4198],[-109.16,34.4235],[-109.1435,34.424],[-109.045,34.4423],[-108.9464,34.4605],[-108.8477,34.4786],[-108.749,34.4967],[-108.6502,34.5146],[-108.5515,34.5325],[-108.4526,34.5503],[-108.3538,34.568],[-108.2548,34.5857],[-108.1559,34.6032],[-108.0569,34.6207],[-107.9579,34.6381],[-107.8588,34.6554],[-107.7597,34.6726],[-107.6605,34.6898],[-107.5613,34.7069],[-107.462,34.7239],[-107.3628,34.7408],[-107.2634,34.7576],[-107.1641,34.7744],[-107.0647,34.7911],[-106.9652,34.8077],[-106.8657,34.8242],[-106.7662,34.8406],[-106.6666,34.857],[-106.567,34.8732],[-106.4674,34.8894],[-106.3677,34.9055],[-106.268,34.9215],[-106.1682,34.9375],[-106.0684,34.9533],[-105.9686,34.9691],[-105.8687,34.9848],[-105.7688,35.0004],[-105.6688,35.016],[-105.5688,35.0314],[-105.4688,35.0468],[-105.3687,35.0621],[-105.2686,35.0773],[-105.1685,35.0924],[-105.0683,35.1075],[-105.0399,35.1117]]}},{"type":"Feature","properties":{"ident":"J232","type":"CONV","run":1},"geometry":{"type":"LineString","coordinates":[[-90.6382,41.3209],[-90.7255,41.2695],[-90.8127,41.2181],[-90.8997,41.1665],[-90.9866,41.115],[-91.0734,41.0633],[-91.16,41.0116],[-91.2309,40.9691],[-91.3173,40.9173],[-91.4035,40.8654],[-91.4896,40.8134],[-91.5756,40.7613],[-91.6614,40.7092],[-91.7471,40.6571],[-91.8326,40.6048],[-91.918,40.5525],[-92.0033,40.5002],[-92.0885,40.4478],[-92.1735,40.3953],[-92.2584,40.3427],[-92.3432,40.2901],[-92.4278,40.2375],[-92.5123,40.1847],[-92.5917,40.135]]}},{"type":"Feature","properties":{"ident":"J233","type":"CONV","run":1},"geometry":{"type":"LineString","coordinates":[[-90.4824,38.8607],[-90.5659,38.9128],[-90.6496,38.9649],[-90.7334,39.0168],[-90.8173,39.0688],[-90.9013,39.1206],[-90.9855,39.1724],[-91.0698,39.2242],[-91.1542,39.2758],[-91.2388,39.3275],[-91.3234,39.379],[-91.4082,39.4305],[-91.4931,39.4819],[-91.5782,39.5333],[-91.6633,39.5846],[-91.7486,39.6359],[-91.834,39.687],[-91.9196,39.7382],[-92.0053,39.7892],[-92.0911,39.8402],[-92.177,39.8912],[-92.263,39.942],[-92.3492,39.9928],[-92.4355,40.0436],[-92.522,40.0942],[-92.5917,40.135],[-92.5853,40.2182],[-92.5789,40.3014],[-92.5725,40.3846],[-92.5661,40.4678],[-92.5596,40.551],[-92.5573,40.5812],[-92.5508,40.6644],[-92.5443,40.7475],[-92.5378,40.8307],[-92.5313,40.9139],[-92.5247,40.9971],[-92.5182,41.0803],[-92.5116,41.1635],[-92.505,41.2466],[-92.4984,41.3298],[-92.4918,41.413],[-92.4901,41.4341],[-92.4835,41.5173],[-92.4768,41.6005],[-92.4701,41.6837],[-92.4634,41.7668],[-92.4567,41.85],[-92.45,41.9332],[-92.4432,42.0164],[-92.4365,42.0996],[-92.4297,42.1827],[-92.4268,42.218],[-92.42,42.3012],[-92.4131,42.3843],[-92.4063,42.4675],[-92.3994,42.5507],[-92.3989,42.5565]]}},{"type":"Feature","properties":{"ident":"J236","type":"CONV","run":1},"geometry":{"type":"LineString","coordinates":[[-116.1602,33.6281],[-116.0831,33.6813],[-116.006,33.7344],[-115.9287,33.7875],[-115.8514,33.8406],[-115.7739,33.8936],[-115.6964,33.9465],[-115.6187,33.9994],[-115.541,34.0522],[-115.4632,34.105],[-115.3852,34.1578],[-115.3072,34.2105],[-115.2291,34.2631],[-115.1509,34.3157],[-115.0725,34.3683],[-114.9941,34.4208],[-114.9156,34.4733],[-114.837,34.5257],[-114.7583,34.578],[-114.6794,34.6303],[-114.6005,34.6826],[-114.5215,34.7348],[-114.4741,34.766],[-114.3848,34.8056],[-114.2954,34.845],[-114.2059,34.8845],[-114.1164,34.9238],[-114.0267,34.9631],[-113.937,35.0023],[-113.8472,35.0415],[-113.7573,35.0806],[-113.6673,35.1196],[-113.5772,35.1585],[-113.487,35.1974],[-113.3968,35.2362],[-113.3064,35.275],[-113.216,35.3137],[-113.1255,35.3523],[-113.0349,35.3909],[-112.9442,35.4293],[-112.8534,35.4678],[-112.7626,35.5061],[-112.6716,35.5444],[-112.5806,35.5826],[-112.4895,35.6207],[-112.3983,35.6588],[-112.307,35.6968],[-112.2156,35.7347],[-112.1241,35.7726],[-112.0326,35.8104],[-111.9409,35.8481],[-111.8492,35.8858],[-111.7574,35.9234],[-111.6655,35.9609],[-111.5735,35.9984],[-111.4814,36.0357],[-111.3892,36.073],[-111.297,36.1103],[-111.2696,36.1213]]}},{"type":"Feature","properties":{"ident":"J24","type":"CONV","run":1},"geometry":{"type":"LineString","coordinates":[[-110.127,40.1491],[-110.0199,40.1645],[-109.9127,40.1798],[-109.8054,40.1951],[-109.6982,40.2102],[-109.5908,40.2252],[-109.4834,40.2401],[-109.376,40.2549],[-109.2685,40.2697],[-109.161,40.2843],[-109.0534,40.2988],[-108.9458,40.3132],[-108.8381,40.3276],[-108.7304,40.3418],[-108.6226,40.3559],[-108.5148,40.3699],[-108.407,40.3839],[-108.2991,40.3977],[-108.1912,40.4114],[-108.0832,40.425],[-107.9752,40.4385],[-107.8671,40.452],[-107.759,40.4653],[-107.6508,40.4785],[-107.5426,40.4916],[-107.4344,40.5047],[-107.3261,40.5176],[-107.3049,40.5201]]}},{"type":"Feature","properties":{"ident":"J24","type":"CONV","run":2},"geometry":{"type":"LineString","coordinates":[[-103.6214,38.8175],[-103.5145,38.8202],[-103.4076,38.8228],[-103.3007,38.8253],[-103.1938,38.8276],[-103.1738,38.8281],[-103.0668,38.8303],[-102.9599,38.8325],[-102.8529,38.8346],[-102.746,38.8365],[-102.639,38.8384],[-102.5321,38.8402],[-102.4251,38.8418],[-102.3182,38.8434],[-102.2112,38.8449],[-102.1042,38.8463],[-101.9972,38.8476],[-101.8902,38.8488],[-101.7943,38.8497],[-101.6873,38.8507],[-101.5803,38.8517],[-101.4733,38.8525],[-101.3663,38.8532],[-101.2593,38.8538],[-101.1523,38.8543],[-101.0453,38.8548],[-100.9383,38.8551],[-100.8313,38.8553],[-100.7243,38.8555],[-100.6172,38.8555],[-100.5102,38.8554],[-100.4032,38.8553],[-100.2962,38.855],[-100.1892,38.8547],[-100.0822,38.8542],[-99.9752,38.8537],[-99.8682,38.853],[-99.7612,38.8523],[-99.6542,38.8514],[-99.5472,38.8505],[-99.4402,38.8494],[-99.3332,38.8483],[-99.2768,38.8477],[-99.1701,38.8534],[-99.0633,38.859],[-98.9565,38.8645],[-98.8497,38.8699],[-98.7429,38.8752],[-98.6361,38.8804],[-98.5292,38.8856],[-98.4223,38.8906],[-98.3155,38.8955],[-98.2086,38.9004],[-98.1017,38.9051],[-97.9948,38.9097],[-97.8878,38.9143],[-97.7809,38.9187],[-97.6739,38.923],[-97.6213,38.9251],[-97.5159,38.9396],[-97.4103,38.954],[-97.3047,38.9684],[-97.1991,38.9826],[-97.0935,38.9967],[-96.9878,39.0107],[-96.9188,39.0198],[-96.8131,39.0336],[-96.7073,39.0474],[-96.6014,39.0611],[-96.4955,39.0746],[-96.3896,39.0881],[-96.2836,39.1015],[-96.1776,39.1148],[-96.0715,39.128],[-95.9654,39.1411],[-95.8593,39.1541],[-95.7531,39.167],[-95.6469,39.1798],[-95.5407,39.1925],[-95.4344,39.2051],[-95.328,39.2176],[-95.2217,39.23],[-95.1153,39.2423],[-95.0088,39.2545],[-94.9023,39.2667],[-94.7958,39.2787],[-94.7371,39.2853],[-94.63,39.2766],[-94.523,39.2677],[-94.416,39.2588],[-94.309,39.2498],[-94.202,39.2407],[-94.0951,39.2315],[-93.9882,39.2222],[-93.8813,39.2128],[-93.7745,39.2033],[-93.6677,39.1937],[-93.575,39.1853],[-93.4682,39.1755],[-93.3615,39.1656],[-93.2548,39.1556],[-93.1481,39.1455],[-93.0415,39.1353],[-92.9349,39.125],[-92.8283,39.1146],[-92.7218,39.1041],[-92.6153,39.0936],[-92.5088,39.0829],[-92.4023,39.0721],[-92.2959,39.0613],[-92.1896,39.0503],[-92.0832,39.0392],[-91.9769,39.0281],[-91.8706,39.0168],[-91.7728,39.0064],[-91.6666,38.995],[-91.5604,38.9834],[-91.4543,38.9718],[-91.3482,38.9601],[-91.2421,38.9483],[-91.1361,38.9364],[-91.0301,38.9244],[-90.9241,38.9123],[-90.8182,38.9001],[-90.7123,38.8878],[-90.6064,38.8754],[-90.5006,38.8629],[-90.4824,38.8607],[-90.3805,38.8864],[-90.2786,38.912],[-90.1767,38.9375],[-90.0746,38.963],[-89.9725,38.9883],[-89.8703,39.0135],[-89.7681,39.0387],[-89.6657,39.0638],[-89.5633,39.0888],[-89.4609,39.1136],[-89.3583,39.1384],[-89.2557,39.1631],[-89.153,39.1878],[-89.0502,39.2123],[-88.9474,39.2367],[-88.8445,39.2611],[-88.7719,39.2782],[-88.6689,39.3024],[-88.5658,39.3265],[-88.4626,39.3505],[-88.3593,39.3744],[-88.256,39.3982],[-88.1526,39.4219],[-88.0492,39.4456],[-87.9457,39.4691],[-87.8421,39.4926],[-87.8288,39.4956],[-87.7251,39.5189],[-87.6213,39.5422],[-87.5175,39.5653],[-87.4136,39.5884],[-87.3097,39.6114],[-87.2057,39.6343],[-87.1016,39.6571],[-86.9974,39.6798],[-86.8932,39.7024],[-86.7889,39.7249],[-86.6845,39.7473],[-86.5801,39.7696],[-86.4756,39.7919],[-86.371,39.814],[-86.3675,39.8147],[-86.2793,39.7663],[-86.1912,39.7178],[-86.1032,39.6692],[-86.0153,39.6205],[-85.9276,39.5718],[-85.84,39.523],[-85.7525,39.4742],[-85.6651,39.4252],[-85.5779,39.3763],[-85.4974,39.331],[-85.4104,39.2819],[-85.3236,39.2327],[-85.2368,39.1835],[-85.1502,39.1342],[-85.0636,39.0848],[-84.9772,39.0354],[-84.948,39.0186],[-84.8618,38.9691],[-84.7757,38.9195],[-84.6897,38.8699],[-84.6038,38.8202],[-84.518,38.7704],[-84.4324,38.7206],[-84.3469,38.6707],[-84.3106,38.6494],[-84.2049,38.6381],[-84.0992,38.6267],[-83.9936,38.6152],[-83.888,38.6036],[-83.7824,38.5919],[-83.6769,38.58],[-83.5714,38.5681],[-83.466,38.5562],[-83.3605,38.5441],[-83.2551,38.5319],[-83.1498,38.5196],[-83.0445,38.5072],[-82.9392,38.4948],[-82.834,38.4822],[-82.7287,38.4696],[-82.6236,38.4568],[-82.5184,38.444],[-82.4133,38.431],[-82.3083,38.418],[-82.2033,38.4049],[-82.0983,38.3917],[-81.9933,38.3784],[-81.8884,38.3649],[-81.7836,38.3514],[-81.7699,38.3497],[-81.6657,38.3333],[-81.5616,38.3169],[-81.4575,38.3004],[-81.3535,38.2838],[-81.3095,38.2767],[-81.2055,38.26],[-81.1016,38.2431],[-80.9977,38.2262],[-80.8939,38.2092],[-80.7953,38.1929],[-80.6915,38.1757],[-80.5879,38.1584],[-80.4842,38.1411],[-80.3806,38.1236],[-80.3625,38.1205],[-80.2589,38.1029],[-80.1555,38.0853],[-80.052,38.0675],[-79.9487,38.0496],[-79.8453,38.0317],[-79.7421,38.0137],[-79.6388,37.9955],[-79.6207,37.9923],[-79.5176,37.9741],[-79.4145,37.9558],[-79.3114,37.9374],[-79.2084,37.9189],[-79.1069,37.9005]]}},{"type":"Feature","properties":{"ident":"J240","type":"CONV","run":1},"geometry":{"type":"LineString","coordinates":[[-110.127,40.1491],[-110.0372,40.102],[-109.9474,40.0548],[-109.8577,40.0075],[-109.7682,39.9602],[-109.6788,39.9128],[-109.5896,39.8654],[-109.5004,39.8178],[-109.4114,39.7703],[-109.3225,39.7226],[-109.2337,39.6749],[-109.1451,39.6271],[-109.0565,39.5792],[-108.9681,39.5313],[-108.8799,39.4833],[-108.7917,39.4352],[-108.7036,39.3871],[-108.6157,39.3389],[-108.5279,39.2906],[-108.4402,39.2423],[-108.3527,39.1939],[-108.2653,39.1454],[-108.1779,39.0969],[-108.0907,39.0483],[-108.0037,38.9996],[-107.9167,38.9509],[-107.8299,38.9021],[-107.7431,38.8533],[-107.6566,38.8043],[-107.5701,38.7554],[-107.4837,38.7063],[-107.3975,38.6572],[-107.3113,38.608],[-107.2253,38.5588],[-107.1394,38.5095],[-107.0537,38.4602],[-107.0397,38.4521]]}},{"type":"Feature","properties":{"ident":"J244","type":"CONV","run":1},"geometry":{"type":"LineString","coordinates":[[-105.1356,35.6576],[-105.2363,35.642],[-105.337,35.6263],[-105.4377,35.6106],[-105.5383,35.5947],[-105.6389,35.5788],[-105.7395,35.5628],[-105.84,35.5468],[-105.9404,35.5306],[-106.0408,35.5143],[-106.1412,35.498],[-106.2416,35.4816],[-106.3419,35.4651],[-106.4421,35.4485],[-106.5423,35.4319],[-106.6425,35.4151],[-106.7426,35.3983],[-106.8427,35.3814],[-106.9428,35.3644],[-107.0428,35.3473],[-107.1427,35.3302],[-107.2427,35.3129],[-107.3425,35.2956],[-107.4424,35.2782],[-107.5422,35.2607],[-107.6419,35.2431],[-107.7416,35.2255],[-107.8413,35.2078],[-107.9409,35.19],[-108.0405,35.1721],[-108.14,35.1541],[-108.2395,35.136],[-108.3389,35.1179],[-108.4383,35.0997],[-108.5377,35.0814],[-108.637,35.063],[-108.7363,35.0445],[-108.8355,35.026],[-108.9347,35.0074],[-109.0338,34.9887],[-109.1329,34.9699],[-109.1545,34.9658],[-109.2439,34.926],[-109.3332,34.8862],[-109.4224,34.8464],[-109.5115,34.8065],[-109.6005,34.7665],[-109.6894,34.7264],[-109.7783,34.6863],[-109.867,34.6461],[-109.9557,34.6059],[-110.0443,34.5656],[-110.1328,34.5252],[-110.2212,34.4848],[-110.3095,34.4443],[-110.3978,34.4037],[-110.4712,34.3699],[-110.5523,34.3202],[-110.6332,34.2705],[-110.7141,34.2207],[-110.7948,34.1709],[-110.8755,34.121],[-110.9561,34.0711],[-111.0365,34.0211],[-111.1169,33.9711],[-111.1972,33.921],[-111.2774,33.8709],[-111.3575,33.8207],[-111.4375,33.7704],[-111.5174,33.7201],[-111.5972,33.6698],[-111.6769,33.6194],[-111.7565,33.5689],[-111.8361,33.5185],[-111.9155,33.4679],[-111.9702,33.433]]}},{"type":"Feature","properties":{"ident":"J25","type":"CONV","run":1},"geometry":{"type":"LineString","coordinates":[[-98.7658,23.9883],[-98.7515,24.0095],[-98.7034,24.0803],[-98.6553,24.1512],[-98.6072,24.222],[-98.5589,24.2928],[-98.5107,24.3635],[-98.4623,24.4343],[-98.414,24.505],[-98.3655,24.5758],[-98.317,24.6465],[-98.2685,24.7172],[-98.2199,24.7879],[-98.1712,24.8585],[-98.1225,24.9292],[-98.1221,24.9298],[-98.0723,24.9998],[-98.0224,25.0699],[-97.9725,25.1399],[-97.9225,25.2099],[-97.8725,25.2798],[-97.8224,25.3498],[-97.7722,25.4197],[-97.7228,25.4899],[-97.6731,25.5601],[-97.6235,25.6304],[-97.5737,25.7006],[-97.5239,25.7708],[-97.4631,25.8336],[-97.4458,25.8515],[-97.3848,25.9142],[-97.3753,25.9241],[-97.3782,26.0074],[-97.381,26.0907],[-97.3839,26.1739],[-97.3868,26.2572],[-97.3897,26.3405],[-97.3926,26.4238],[-97.3955,26.5071],[-97.3984,26.5904],[-97.4013,26.6737],[-97.4043,26.757],[-97.4072,26.8403],[-97.4101,26.9235],[-97.413,27.0068],[-97.416,27.0901],[-97.4189,27.1734],[-97.4219,27.2567],[-97.4248,27.34],[-97.4278,27.4233],[-97.4307,27.5066],[-97.4337,27.5899],[-97.4367,27.6731],[-97.4396,27.7564],[-97.4426,27.8397],[-97.4449,27.9038],[-97.5159,27.9586],[-97.587,28.0134],[-97.6582,28.0681],[-97.7295,28.1228],[-97.8008,28.1775],[-97.8722,28.2321],[-97.9437,28.2867],[-98.0152,28.3412],[-98.0869,28.3958],[-98.1586,28.4502],[-98.2303,28.5047],[-98.3022,28.5591],[-98.3351,28.584],[-98.3449,28.6669],[-98.3547,28.7498],[-98.3645,28.8327],[-98.3743,28.9155],[-98.3841,28.9984],[-98.394,29.0813],[-98.4039,29.1642],[-98.4138,29.2471],[-98.4237,29.33],[-98.4336,29.4128],[-98.4435,29.4957],[-98.4535,29.5786],[-98.4613,29.644],[-98.3907,29.7004],[-98.3199,29.7567],[-98.2491,29.8129],[-98.1782,29.8692],[-98.1072,29.9253],[-98.0361,29.9815],[-97.965,30.0376],[-97.8938,30.0937],[-97.8224,30.1497],[-97.7511,30.2057],[-97.6796,30.2617],[-97.608,30.3176],[-97.5364,30.3735],[-97.5299,30.3786],[-97.5134,30.4607],[-97.4969,30.5428],[-97.4804,30.6249],[-97.4638,30.707],[-97.4472,30.7891],[-97.4306,30.8712],[-97.414,30.9533],[-97.3973,31.0354],[-97.3806,31.1175],[-97.3639,31.1996],[-97.3471,31.2817],[-97.3303,31.3637],[-97.3135,31.4458],[-97.2967,31.5279],[-97.2798,31.61],[-97.269,31.6622],[-97.263,31.7454],[-97.257,31.8286],[-97.251,31.9118],[-97.245,31.9949],[-97.2389,32.0781],[-97.2329,32.1613],[-97.2268,32.2444],[-97.2207,32.3276],[-97.2147,32.4108],[-97.2086,32.494],[-97.2025,32.5771],[-97.1963,32.6603],[-97.1902,32.7435],[-97.1841,32.8266],[-97.1794,32.8895],[-97.1475,32.9684],[-97.1156,33.0473],[-97.0836,33.1262],[-97.0515,33.2051],[-97.0194,33.2839],[-96.9872,33.3628],[-96.955,33.4417],[-96.9227,33.5205],[-96.8903,33.5994],[-96.8579,33.6782],[-96.8254,33.7571],[-96.7929,33.8359],[-96.7603,33.9147],[-96.7277,33.9935],[-96.6949,34.0723],[-96.6622,34.1511],[-96.6293,34.2299],[-96.5964,34.3086],[-96.5635,34.3874],[-96.5304,34.4661],[-96.4974,34.5449],[-96.4694,34.6113],[-96.4362,34.69],[-96.403,34.7687],[-96.3697,34.8475],[-96.3363,34.9262],[-96.3029,35.0049],[-96.2694,35.0836],[-96.2358,35.1622],[-96.2163,35.2081],[-96.1826,35.2867],[-96.1489,35.3654],[-96.1151,35.444],[-96.0812,35.5227],[-96.0472,35.6013],[-96.0132,35.6799],[-95.9792,35.7585],[-95.945,35.8371],[-95.9108,35.9157],[-95.8765,35.9943],[-95.8422,36.0728],[-95.8078,36.1514],[-95.7881,36.1963],[-95.7618,36.2768],[-95.7354,36.3574],[-95.709,36.438],[-95.6826,36.5186],[-95.656,36.5991],[-95.6295,36.6797],[-95.6028,36.7602],[-95.5761,36.8408],[-95.5494,36.9213],[-95.5226,37.0018],[-95.4957,37.0824],[-95.4688,37.1629],[-95.4419,37.2434],[-95.4148,37.3239],[-95.3877,37.4044],[-95.3606,37.4849],[-95.3334,37.5654],[-95.3061,37.6459],[-95.2788,37.7263],[-95.2514,37.8068],[-95.224,37.8873],[-95.1965,37.9677],[-95.1689,38.0482],[-95.1413,38.1286],[-95.1268,38.1707],[-95.0991,38.2512],[-95.0713,38.3316],[-95.0435,38.412],[-95.0156,38.4924],[-94.9877,38.5728],[-94.9596,38.6532],[-94.9316,38.7336],[-94.9034,38.814],[-94.8752,38.8944],[-94.8469,38.9748],[-94.8186,39.0552],[-94.7902,39.1355],[-94.7617,39.2159],[-94.7371,39.2853],[-94.6989,39.3632],[-94.6607,39.4411],[-94.6224,39.519],[-94.584,39.5969],[-94.5455,39.6748],[-94.5069,39.7527],[-94.4683,39.8305],[-94.4295,39.9084],[-94.3907,39.9862],[-94.3518,40.064],[-94.3128,40.1418],[-94.2968,40.1735],[-94.2577,40.2513],[-94.2185,40.3291],[-94.1792,40.4068],[-94.1398,40.4846],[-94.1003,40.5623],[-94.0607,40.64],[-94.021,40.7177],[-93.9812,40.7954],[-93.9414,40.8731],[-93.9014,40.9508],[-93.8613,41.0284],[-93.8212,41.1061],[-93.7809,41.1837],[-93.7406,41.2613],[-93.7002,41.3389],[-93.6596,41.4165],[-93.6486,41.4376],[-93.6331,41.5202],[-93.6176,41.6027],[-93.602,41.6852],[-93.5864,41.7677],[-93.5708,41.8502],[-93.5551,41.9327],[-93.5394,42.0152],[-93.5258,42.0865],[-93.51,42.169],[-93.4942,42.2515],[-93.4783,42.334],[-93.4624,42.4165],[-93.4464,42.499],[-93.4304,42.5815],[-93.4287,42.5901],[-93.4127,42.6726],[-93.3966,42.7551],[-93.3805,42.8376],[-93.3643,42.92],[-93.3481,43.0025],[-93.3318,43.085],[-93.3299,43.0948],[-93.3316,43.1781],[-93.3333,43.2614],[-93.335,43.3447],[-93.3367,43.428],[-93.3384,43.5114],[-93.3402,43.5947],[-93.3419,43.678],[-93.3436,43.7613],[-93.3454,43.8447],[-93.3471,43.928],[-93.3489,44.0113],[-93.3506,44.0946],[-93.3524,44.1779],[-93.3541,44.2613],[-93.3559,44.3446],[-93.3577,44.4279],[-93.3595,44.5112],[-93.3613,44.5945],[-93.363,44.6779],[-93.3648,44.7612],[-93.3666,44.8445],[-93.3684,44.9278],[-93.3703,45.0111],[-93.3721,45.0945],[-93.3732,45.1457]]}},{"type":"Feature","properties":{"ident":"J26","type":"CONV","run":1},"geometry":{"type":"LineString","coordinates":[[-108.5,30.5338],[-108.4937,30.5373],[-108.4119,30.5819],[-108.3301,30.6264],[-108.2482,30.6709],[-108.1662,30.7153],[-108.0841,30.7597],[-108.002,30.8041],[-107.9198,30.8483],[-107.8375,30.8926],[-107.7552,30.9367],[-107.6727,30.9809],[-107.5902,31.0249],[-107.5076,31.0689],[-107.425,31.1129],[-107.3422,31.1568],[-107.2594,31.2007],[-107.1765,31.2445],[-107.0935,31.2882],[-107.0105,31.3319],[-106.9274,31.3756],[-106.8442,31.4192],[-106.8442,31.4192],[-106.7608,31.4627],[-106.6775,31.5061],[-106.594,31.5495],[-106.5105,31.5929],[-106.4269,31.6362],[-106.3679,31.7093],[-106.3125,31.7781],[-106.2819,31.8159],[-106.1898,31.8445],[-106.0976,31.873],[-106.0053,31.9015],[-105.913,31.9299],[-105.8207,31.9582],[-105.7283,31.9865],[-105.7268,31.9869],[-105.6714,32.0558],[-105.616,32.1246],[-105.5604,32.1934],[-105.5048,32.2622],[-105.4491,32.3309],[-105.3933,32.3996],[-105.3374,32.4683],[-105.2815,32.537],[-105.2254,32.6057],[-105.1693,32.6743],[-105.1131,32.7429],[-105.0568,32.8115],[-105.0004,32.88],[-104.9439,32.9485],[-104.8873,33.017],[-104.8307,33.0855],[-104.7739,33.154],[-104.7171,33.2224],[-104.6602,33.2908],[-104.6213,33.3375],[-104.5437,33.3899],[-104.466,33.4422],[-104.3882,33.4945],[-104.3104,33.5468],[-104.2324,33.599],[-104.1544,33.6511],[-104.0762,33.7032],[-103.998,33.7553],[-103.9196,33.8073],[-103.8412,33.8592],[-103.7627,33.9112],[-103.684,33.963],[-103.6053,34.0148],[-103.5265,34.0666],[-103.4476,34.1183],[-103.3686,34.1699],[-103.2895,34.2215],[-103.2103,34.2731],[-103.131,34.3246],[-103.0516,34.376],[-102.9721,34.4274],[-102.8925,34.4788],[-102.8128,34.5301],[-102.733,34.5813],[-102.6531,34.6325],[-102.5732,34.6837],[-102.4931,34.7347],[-102.4129,34.7858],[-102.3326,34.8368],[-102.2522,34.8877],[-102.1718,34.9386],[-102.0912,34.9894],[-102.0105,35.0402],[-101.9297,35.0909],[-101.8488,35.1415],[-101.7679,35.1922],[-101.699,35.2351],[-101.618,35.2857],[-101.5369,35.3363],[-101.4556,35.3868],[-101.3743,35.4373],[-101.2928,35.4877],[-101.2113,35.5381],[-101.1296,35.5884],[-101.0478,35.6387],[-100.966,35.6889],[-100.884,35.7391],[-100.802,35.7892],[-100.7198,35.8392],[-100.6375,35.8892],[-100.5551,35.9391],[-100.4727,35.989],[-100.3901,36.0388],[-100.3074,36.0885],[-100.2246,36.1382],[-100.1417,36.1879],[-100.0587,36.2375],[-99.9756,36.287],[-99.8924,36.3365],[-99.8801,36.3437],[-99.7987,36.3951],[-99.7171,36.4464],[-99.6354,36.4977],[-99.5536,36.5489],[-99.4717,36.6001],[-99.3897,36.6512],[-99.3075,36.7022],[-99.2253,36.7532],[-99.143,36.8042],[-99.0605,36.855],[-98.9779,36.9058],[-98.8953,36.9566],[-98.8125,37.0073],[-98.7296,37.058],[-98.6466,37.1085],[-98.5635,37.1591],[-98.4803,37.2096],[-98.3969,37.26],[-98.3135,37.3103],[-98.2299,37.3606],[-98.1462,37.4109],[-98.0625,37.461],[-97.9786,37.5112],[-97.8945,37.5612],[-97.8104,37.6112],[-97.7262,37.6612],[-97.6418,37.711],[-97.5838,37.7453],[-97.498,37.7937],[-97.4121,37.842],[-97.3261,37.8903],[-97.2399,37.9385],[-97.1537,37.9867],[-97.0673,38.0348],[-96.9808,38.0828],[-96.8942,38.1308],[-96.8075,38.1787],[-96.8052,38.18],[-96.7183,38.2278],[-96.6314,38.2756],[-96.5443,38.3233],[-96.4572,38.3709],[-96.3699,38.4185],[-96.2825,38.466],[-96.195,38.5135],[-96.1073,38.5608],[-96.0196,38.6082],[-95.9317,38.6554],[-95.8437,38.7026],[-95.7556,38.7497],[-95.6674,38.7968],[-95.5791,38.8438],[-95.4907,38.8907],[-95.4021,38.9375],[-95.3134,38.9843],[-95.2246,39.0311],[-95.1357,39.0777],[-95.0467,39.1243],[-94.9575,39.1708],[-94.8683,39.2173],[-94.7789,39.2636],[-94.7371,39.2853],[-94.6419,39.3243],[-94.5466,39.3632],[-94.4512,39.402],[-94.3557,39.4408],[-94.2601,39.4794],[-94.1644,39.518],[-94.0686,39.5566],[-93.9727,39.595],[-93.8766,39.6334],[-93.7805,39.6716],[-93.6843,39.7098],[-93.5879,39.748],[-93.4915,39.786],[-93.3949,39.824],[-93.2982,39.8618],[-93.2015,39.8996],[-93.1046,39.9374],[-93.0076,39.975],[-92.9105,40.0126],[-92.8133,40.05],[-92.716,40.0874],[-92.6186,40.1248],[-92.5917,40.135]]}},{"type":"Feature","properties":{"ident":"J27","type":"CONV","run":1},"geometry":{"type":"LineString","coordinates":[[-98.4613,29.644],[-98.3752,29.6807],[-98.289,29.7173],[-98.2028,29.7539],[-98.1165,29.7904],[-98.0301,29.8268],[-97.9437,29.8632],[-97.8613,29.8978],[-97.7748,29.9341],[-97.6881,29.9703],[-97.6015,30.0064],[-97.5147,30.0425],[-97.4279,30.0786],[-97.341,30.1146],[-97.2541,30.1505],[-97.1671,30.1864],[-97.0801,30.2222],[-97.0756,30.224],[-96.9885,30.2598],[-96.9013,30.2956],[-96.8141,30.3313],[-96.7268,30.367],[-96.6395,30.4025],[-96.5521,30.4381],[-96.4646,30.4735],[-96.3771,30.509],[-96.2895,30.5443],[-96.2018,30.5796],[-96.1141,30.6148],[-96.0567,30.6378],[-95.9688,30.6728],[-95.8807,30.7076],[-95.7927,30.7424],[-95.7045,30.7772],[-95.6163,30.8118],[-95.5442,30.8401],[-95.4559,30.8749],[-95.3676,30.9095],[-95.2793,30.9442],[-95.1908,30.9787],[-95.1023,31.0132],[-95.0138,31.0476],[-94.9252,31.082],[-94.8365,31.1163],[-94.7477,31.1506],[-94.7168,31.1624]]}},{"type":"Feature","properties":{"ident":"J28","type":"CONV","run":1},"geometry":{"type":"LineString","coordinates":[[-113.0132,38.3604],[-112.9071,38.364],[-112.8009,38.3674],[-112.6947,38.3708],[-112.5885,38.3741],[-112.4823,38.3773],[-112.376,38.3805],[-112.2698,38.3835],[-112.1636,38.3864],[-112.0573,38.3892],[-111.9511,38.3919],[-111.8448,38.3946],[-111.7385,38.3971],[-111.6322,38.3995],[-111.5259,38.4019],[-111.4196,38.4041],[-111.3133,38.4063],[-111.207,38.4083],[-111.1007,38.4103],[-110.9944,38.4122],[-110.8881,38.4139],[-110.7817,38.4156],[-110.6998,38.4168],[-110.5934,38.4194],[-110.4871,38.422],[-110.3808,38.4244],[-110.2745,38.4268],[-110.1682,38.429],[-110.0618,38.4312],[-109.9555,38.4332],[-109.8491,38.4352],[-109.7428,38.437],[-109.6364,38.4388],[-109.53,38.4405],[-109.4237,38.442],[-109.3173,38.4435],[-109.2109,38.4449],[-109.1045,38.4462],[-108.9981,38.4474],[-108.8917,38.4485],[-108.7854,38.4495],[-108.679,38.4504],[-108.6055,38.4509],[-108.4991,38.4517],[-108.3927,38.4523],[-108.2863,38.4529],[-108.1799,38.4533],[-108.0735,38.4537],[-107.9671,38.4539],[-107.8607,38.4541],[-107.7543,38.4542],[-107.6479,38.4541],[-107.5415,38.454],[-107.435,38.4538],[-107.3286,38.4535],[-107.2222,38.4531],[-107.1158,38.4525],[-107.0397,38.4521],[-106.9335,38.4469],[-106.8274,38.4415],[-106.7212,38.436],[-106.6151,38.4305],[-106.5089,38.4248],[-106.4028,38.4191],[-106.2967,38.4132],[-106.1907,38.4073],[-106.0846,38.4013],[-105.9918,38.3959],[-105.8858,38.3897],[-105.7798,38.3833],[-105.6738,38.3769],[-105.5679,38.3703],[-105.4619,38.3637],[-105.3791,38.3585],[-105.2731,38.3517],[-105.1673,38.3448],[-105.094,38.34],[-104.9881,38.333],[-104.8823,38.3258],[-104.7765,38.3186],[-104.6707,38.3113],[-104.5649,38.3039],[-104.4592,38.2964],[-104.4295,38.2943],[-104.3239,38.2852],[-104.2184,38.2761],[-104.1129,38.2669],[-104.0074,38.2576],[-103.902,38.2482],[-103.7966,38.2387],[-103.6912,38.2291],[-103.5859,38.2194],[-103.4805,38.2096],[-103.3752,38.1997],[-103.27,38.1897],[-103.1647,38.1796],[-103.0595,38.1695],[-102.9544,38.1592],[-102.8492,38.1489],[-102.7441,38.1384],[-102.639,38.1279],[-102.5339,38.1173],[-102.4289,38.1065],[-102.3239,38.0957],[-102.2189,38.0848],[-102.114,38.0738],[-102.0091,38.0627],[-101.9042,38.0515],[-101.7994,38.0402],[-101.6946,38.0289],[-101.5898,38.0174],[-101.4851,38.0058],[-101.3804,37.9942],[-101.2757,37.9824],[-101.1711,37.9706],[-101.0664,37.9586],[-100.9619,37.9466],[-100.8573,37.9345],[-100.7528,37.9223],[-100.725,37.919],[-100.6195,37.9145],[-100.5141,37.91],[-100.4086,37.9053],[-100.3032,37.9006],[-100.1978,37.8957],[-100.0924,37.8908],[-99.987,37.8858],[-99.8816,37.8806],[-99.7762,37.8754],[-99.6709,37.8701],[-99.5655,37.8647],[-99.4602,37.8592],[-99.3549,37.8536],[-99.2496,37.8479],[-99.1444,37.8421],[-99.0391,37.8363],[-98.9339,37.8303],[-98.8287,37.8242],[-98.7234,37.8181],[-98.6183,37.8118],[-98.5131,37.8055],[-98.4556,37.802],[-98.3505,37.7955],[-98.2454,37.7889],[-98.1403,37.7822],[-98.0352,37.7754],[-97.9301,37.7686],[-97.8251,37.7616],[-97.72,37.7546],[-97.615,37.7474],[-97.5838,37.7453]]}},{"type":"Feature","properties":{"ident":"J29","type":"CONV","run":1},"geometry":{"type":"LineString","coordinates":[[-105.397,23.6517],[-105.3192,23.695],[-105.2414,23.7382],[-105.1636,23.7814],[-105.0857,23.8246],[-105.0077,23.8677],[-104.9297,23.9108],[-104.8516,23.9539],[-104.7735,23.9969],[-104.6954,24.0399],[-104.6172,24.0828],[-104.5389,24.1257],[-104.5164,24.138],[-104.4331,24.1721],[-104.3497,24.2061],[-104.2662,24.2401],[-104.1828,24.274],[-104.0992,24.3079],[-104.0157,24.3417],[-103.9321,24.3755],[-103.8484,24.4092],[-103.7874,24.4338],[-103.7037,24.4675],[-103.6822,24.4761],[-103.5984,24.5097],[-103.5146,24.5433],[-103.4307,24.5768],[-103.3468,24.6102],[-103.2628,24.6436],[-103.1788,24.677],[-103.169,24.6809],[-103.0849,24.7142],[-103.0008,24.7475],[-102.9167,24.7807],[-102.8325,24.8139],[-102.8324,24.8139],[-102.7482,24.847],[-102.6639,24.8801],[-102.5795,24.9131],[-102.5333,24.9311],[-102.4489,24.9641],[-102.3645,24.997],[-102.28,25.0299],[-102.1954,25.0627],[-102.1109,25.0955],[-102.0262,25.1282],[-101.9416,25.1609],[-101.8568,25.1935],[-101.7786,25.2236],[-101.6938,25.2561],[-101.6089,25.2886],[-101.524,25.321],[-101.4391,25.3534],[-101.3541,25.3857],[-101.269,25.418],[-101.1839,25.4503],[-101.0988,25.4824],[-101.0136,25.5146],[-100.9298,25.5461],[-100.8415,25.5706],[-100.7532,25.595],[-100.6648,25.6194],[-100.5764,25.6438],[-100.488,25.668],[-100.3995,25.6923],[-100.311,25.7164],[-100.2225,25.7406],[-100.1339,25.7646],[-100.1038,25.7728],[-100.0356,25.8291],[-99.9673,25.8854],[-99.8989,25.9416],[-99.8306,25.9978],[-99.7621,26.054],[-99.6935,26.1101],[-99.6249,26.1663],[-99.5563,26.2223],[-99.4875,26.2784],[-99.4187,26.3344],[-99.3498,26.3904],[-99.2885,26.4402],[-99.2221,26.4985],[-99.1701,26.5442],[-99.1008,26.5998],[-99.0314,26.6555],[-98.962,26.7111],[-98.8924,26.7667],[-98.8228,26.8222],[-98.7532,26.8777],[-98.6835,26.9332],[-98.6137,26.9886],[-98.5438,27.044],[-98.4739,27.0994],[-98.4039,27.1547],[-98.3338,27.21],[-98.2636,27.2653],[-98.1934,27.3205],[-98.1231,27.3757],[-98.0528,27.4309],[-97.9824,27.486],[-97.9119,27.5411],[-97.8413,27.5962],[-97.7707,27.6512],[-97.7,27.7062],[-97.6292,27.7611],[-97.5583,27.816],[-97.4874,27.8709],[-97.4449,27.9038],[-97.3736,27.9583],[-97.3023,28.0129],[-97.2308,28.0674],[-97.1593,28.1218],[-97.0878,28.1762],[-97.0161,28.2306],[-96.9444,28.285],[-96.8726,28.3393],[-96.8111,28.3857],[-96.7392,28.44],[-96.6672,28.4942],[-96.5951,28.5483],[-96.5229,28.6024],[-96.4507,28.6565],[-96.3784,28.7106],[-96.3062,28.7644],[-96.2519,28.8328],[-96.1975,28.9012],[-96.143,28.9695],[-96.0884,29.0378],[-96.0338,29.1061],[-95.9791,29.1744],[-95.9243,29.2427],[-95.8695,29.3109],[-95.8146,29.3791],[-95.7596,29.4473],[-95.7046,29.5155],[-95.6494,29.5836],[-95.5942,29.6517],[-95.5389,29.7198],[-95.4836,29.7879],[-95.4281,29.856],[-95.3726,29.924],[-95.3457,29.9569],[-95.293,30.0266],[-95.2491,30.0846],[-95.1963,30.1543],[-95.1433,30.2239],[-95.0903,30.2936],[-95.0373,30.3632],[-95.0068,30.4031],[-94.9536,30.4727],[-94.9003,30.5423],[-94.8469,30.6118],[-94.7935,30.6813],[-94.74,30.7508],[-94.6864,30.8202],[-94.6328,30.8897],[-94.5791,30.9591],[-94.5252,31.0285],[-94.4713,31.0979],[-94.4174,31.1672],[-94.4092,31.1778],[-94.3551,31.2471],[-94.3303,31.2788],[-94.2762,31.3481],[-94.2219,31.4174],[-94.1676,31.4866],[-94.1132,31.5559],[-94.0587,31.6251],[-94.0041,31.6942],[-93.9495,31.7634],[-93.935,31.7818],[-93.8802,31.8509],[-93.8253,31.92],[-93.7704,31.989],[-93.7154,32.0581],[-93.6603,32.1271],[-93.6051,32.1961],[-93.5498,32.2651],[-93.4944,32.3341],[-93.439,32.403],[-93.3835,32.4719],[-93.3279,32.5408],[-93.2722,32.6096],[-93.2164,32.6785],[-93.181,32.7221],[-93.1251,32.7909],[-93.0691,32.8596],[-93.013,32.9284],[-92.9568,32.9971],[-92.9005,33.0658],[-92.8441,33.1344],[-92.7877,33.2031],[-92.744,33.2562],[-92.6658,33.3078],[-92.5875,33.3595],[-92.5091,33.4111],[-92.4306,33.4626],[-92.3648,33.5058],[-92.2861,33.5572],[-92.2074,33.6086],[-92.1286,33.66],[-92.0497,33.7113],[-91.9707,33.7626],[-91.8916,33.8138],[-91.8124,33.8649],[-91.8005,33.8726],[-91.7212,33.9236],[-91.6418,33.9747],[-91.5623,34.0257],[-91.4827,34.0766],[-91.403,34.1275],[-91.3232,34.1783],[-91.2433,34.2291],[-91.1633,34.2798],[-91.0832,34.3305],[-91.0031,34.3811],[-90.9228,34.4316],[-90.887,34.4542],[-90.8065,34.5047],[-90.726,34.5551],[-90.6454,34.6055],[-90.5647,34.6558],[-90.4839,34.7061],[-90.403,34.7563],[-90.322,34.8065],[-90.2409,34.8566],[-90.1597,34.9067],[-90.0784,34.9567],[-89.997,35.0067],[-89.9832,35.0151],[-89.931,35.0866],[-89.8786,35.1581],[-89.8262,35.2296],[-89.7737,35.3011],[-89.7211,35.3725],[-89.6684,35.4439],[-89.6156,35.5153],[-89.5627,35.5866],[-89.5097,35.658],[-89.4567,35.7293],[-89.4035,35.8006],[-89.3502,35.8719],[-89.2969,35.9431],[-89.2434,36.0143],[-89.1899,36.0855],[-89.1362,36.1567],[-89.0825,36.2278],[-89.0351,36.2904],[-88.9812,36.3615],[-88.9272,36.4326],[-88.8731,36.5037],[-88.8189,36.5747],[-88.7646,36.6458],[-88.7101,36.7167],[-88.6556,36.7877],[-88.601,36.8587],[-88.5463,36.9296],[-88.4915,37.0005],[-88.4366,37.0713],[-88.3816,37.1422],[-88.3265,37.213],[-88.2712,37.2838],[-88.2562,37.303],[-88.2008,37.3738],[-88.1453,37.4445],[-88.0898,37.5152],[-88.0341,37.5859],[-87.9783,37.6565],[-87.9224,37.7271],[-87.8664,37.7977],[-87.8102,37.8683],[-87.7624,37.9283]]}},{"type":"Feature","properties":{"ident":"J3","type":"CONV","run":1},"geometry":{"type":"LineString","coordinates":[[-122.2236,37.7259],[-122.224,37.8093],[-122.2245,37.8926],[-122.2249,37.9759],[-122.2253,38.0592],[-122.2258,38.1426],[-122.2262,38.2259],[-122.2267,38.3092],[-122.2271,38.3926],[-122.2275,38.4759],[-122.228,38.5592],[-122.2284,38.6426],[-122.2289,38.7259],[-122.2293,38.8092],[-122.2298,38.8925],[-122.2302,38.9759],[-122.2307,39.0592],[-122.2311,39.1425],[-122.2316,39.2259],[-122.232,39.3092],[-122.2325,39.3925],[-122.2329,39.4758],[-122.2334,39.5592],[-122.2338,39.6425],[-122.2343,39.7258],[-122.2348,39.8092],[-122.2352,39.8925],[-122.2357,39.9758],[-122.2361,40.0592],[-122.2364,40.0989],[-122.1853,40.1725],[-122.1341,40.2461],[-122.0828,40.3197],[-122.0314,40.3933],[-121.9799,40.4668],[-121.9283,40.5403],[-121.8765,40.6138],[-121.8247,40.6872],[-121.7727,40.7607],[-121.7206,40.8341],[-121.6684,40.9075],[-121.6161,40.9808],[-121.5637,41.0542],[-121.5112,41.1275],[-121.4585,41.2008],[-121.4057,41.274],[-121.3528,41.3473],[-121.2998,41.4205],[-121.2466,41.4937],[-121.1934,41.5669],[-121.14,41.64],[-121.0865,41.7132],[-121.0329,41.7862],[-120.9791,41.8593],[-120.9252,41.9324],[-120.8713,42.0054],[-120.8171,42.0784],[-120.7629,42.1514],[-120.7085,42.2243],[-120.654,42.2972],[-120.5994,42.3701],[-120.5447,42.443],[-120.5071,42.4928],[-120.4784,42.5734],[-120.4496,42.654],[-120.4208,42.7346],[-120.3918,42.8152],[-120.3628,42.8958],[-120.3338,42.9763],[-120.3046,43.0569],[-120.2754,43.1374],[-120.246,43.218],[-120.2167,43.2985],[-120.1872,43.379],[-120.1576,43.4596],[-120.128,43.5401],[-120.0983,43.6206],[-120.0685,43.7011],[-120.0387,43.7816],[-120.0087,43.862],[-119.9787,43.9425],[-119.9486,44.023],[-119.9184,44.1034],[-119.8881,44.1839],[-119.8578,44.2643],[-119.8273,44.3448],[-119.7968,44.4252],[-119.7662,44.5056],[-119.7355,44.586],[-119.7116,44.6484],[-119.6609,44.7235],[-119.6101,44.7986],[-119.5591,44.8737],[-119.508,44.9488],[-119.4568,45.0238],[-119.4054,45.0988],[-119.3539,45.1738],[-119.3023,45.2488],[-119.2505,45.3237],[-119.1986,45.3987],[-119.1465,45.4736],[-119.0943,45.5484],[-119.042,45.6233],[-118.9895,45.6981],[-118.9369,45.7729],[-118.8842,45.8477],[-118.8313,45.9224],[-118.7782,45.9972],[-118.7251,46.0719],[-118.6717,46.1466],[-118.6183,46.2212],[-118.5647,46.2958],[-118.5109,46.3704],[-118.457,46.445],[-118.4029,46.5196],[-118.3487,46.5941],[-118.2944,46.6686],[-118.2399,46.7431],[-118.1852,46.8175],[-118.1304,46.892],[-118.0754,46.9664],[-118.0203,47.0407],[-117.9651,47.1151],[-117.9096,47.1894],[-117.8541,47.2637],[-117.7983,47.338],[-117.7424,47.4122],[-117.6864,47.4864],[-117.6302,47.5606],[-117.6269,47.565]]}},{"type":"Feature","properties":{"ident":"J30","type":"CONV","run":1},"geometry":{"type":"LineString","coordinates":[[-91.4675,43.9123],[-91.3852,43.8538],[-91.303,43.7953],[-91.221,43.7366],[-91.1392,43.678],[-91.0575,43.6192],[-90.976,43.5604],[-90.8946,43.5016],[-90.8134,43.4427],[-90.7323,43.3837],[-90.6514,43.3247],[-90.5707,43.2656],[-90.4901,43.2064],[-90.4097,43.1472],[-90.3927,43.1347],[-90.3125,43.0754],[-90.2324,43.0161],[-90.1524,42.9567],[-90.0727,42.8973],[-89.9931,42.8378],[-89.9404,42.7983],[-89.8612,42.7386],[-89.7822,42.6789],[-89.7033,42.619],[-89.6246,42.5592],[-89.546,42.4992],[-89.4676,42.4393],[-89.3893,42.3792],[-89.3122,42.3199],[-89.234,42.26],[-89.1558,42.2],[-89.0779,42.14],[-89.0,42.0799],[-88.9224,42.0197],[-88.8448,41.9596],[-88.7675,41.8993],[-88.6902,41.839],[-88.6131,41.7787],[-88.5362,41.7183],[-88.4594,41.6578],[-88.3827,41.5973],[-88.3184,41.5464],[-88.2114,41.5235],[-88.1045,41.5004],[-87.9976,41.4773],[-87.8908,41.454],[-87.7868,41.4313],[-87.6801,41.4078],[-87.5736,41.3843],[-87.4671,41.3607],[-87.3607,41.3369],[-87.2544,41.3131],[-87.1481,41.2891],[-87.042,41.2651],[-86.9359,41.241],[-86.8298,41.2168],[-86.7239,41.1924],[-86.6181,41.168],[-86.5842,41.1602],[-86.4784,41.1356],[-86.3727,41.111],[-86.2671,41.0862],[-86.1616,41.0614],[-86.0562,41.0365],[-85.9508,41.0114],[-85.8456,40.9863],[-85.7404,40.9611],[-85.6353,40.9357],[-85.5302,40.9103],[-85.4253,40.8848],[-85.3204,40.8592],[-85.2156,40.8335],[-85.1109,40.8077],[-85.0063,40.7818],[-84.9018,40.7558],[-84.7973,40.7298],[-84.6929,40.7036],[-84.5886,40.6773],[-84.4844,40.651],[-84.3803,40.6245],[-84.2762,40.5979],[-84.1723,40.5713],[-84.0684,40.5446],[-83.9646,40.5177],[-83.8609,40.4908],[-83.7573,40.4638],[-83.6537,40.4367],[-83.5502,40.4095],[-83.4469,40.3822],[-83.3436,40.3548],[-83.2403,40.3274],[-83.1716,40.309],[-83.0685,40.2814],[-82.9655,40.2536],[-82.8626,40.2258],[-82.7598,40.1979],[-82.6571,40.1699],[-82.5883,40.1511],[-82.4866,40.1211],[-82.385,40.091],[-82.2835,40.0608],[-82.1821,40.0305],[-82.0808,40.0002],[-81.9795,39.9697],[-81.9043,39.947],[-81.8033,39.9164],[-81.7023,39.8857],[-81.6385,39.8663],[-81.5377,39.8354],[-81.4369,39.8045],[-81.3363,39.7735],[-81.2357,39.7424],[-81.1352,39.7112],[-81.0349,39.6799],[-80.9346,39.6486],[-80.8344,39.6171],[-80.7343,39.5856],[-80.6985,39.5743],[-80.5985,39.5426],[-80.4986,39.5109],[-80.3988,39.4791],[-80.2991,39.4472],[-80.1995,39.4152],[-80.1,39.3831],[-80.0006,39.3509],[-79.9012,39.3187],[-79.825,39.2938],[-79.7179,39.2854],[-79.6108,39.2769],[-79.5228,39.2698],[-79.4158,39.2611],[-79.3088,39.2523],[-79.2018,39.2434],[-79.0948,39.2345],[-78.9895,39.2255],[-78.8828,39.2153],[-78.776,39.2049],[-78.6694,39.1945],[-78.5627,39.1839],[-78.4561,39.1733],[-78.358,39.1634],[-78.2514,39.1526],[-78.1449,39.1417],[-78.1211,39.1392]]}},{"type":"Feature","properties":{"ident":"J31","type":"CONV","run":1},"geometry":{"type":"LineString","coordinates":[[-90.104,29.1752],[-90.0917,29.2579],[-90.0794,29.3405],[-90.0671,29.4231],[-90.0547,29.5058],[-90.0423,29.5884],[-90.0299,29.671],[-90.0175,29.7537],[-90.0051,29.8363],[-90.003,29.8502],[-89.9673,29.9276],[-89.9316,30.0049],[-89.8958,30.0823],[-89.8599,30.1596],[-89.824,30.237],[-89.788,30.3143],[-89.752,30.3916],[-89.7159,30.4689],[-89.6798,30.5462],[-89.6436,30.6235],[-89.6074,30.7008],[-89.571,30.778],[-89.5347,30.8553],[-89.4982,30.9325],[-89.4618,31.0098],[-89.4252,31.087],[-89.3886,31.1642],[-89.3519,31.2414],[-89.3152,31.3186],[-89.2784,31.3958],[-89.2416,31.473],[-89.2047,31.5501],[-89.1677,31.6273],[-89.1307,31.7044],[-89.0936,31.7815],[-89.0565,31.8587],[-89.0192,31.9358],[-88.982,32.0129],[-88.9446,32.09],[-88.9072,32.167],[-88.8698,32.2441],[-88.8322,32.3212],[-88.8043,32.3784]]}},{"type":"Feature","properties":{"ident":"J32","type":"CONV","run":1},"geometry":{"type":"LineString","coordinates":[[-122.2236,37.7259],[-122.1614,37.7932],[-122.099,37.8604],[-122.0365,37.9276],[-121.9739,37.9947],[-121.9112,38.0618],[-121.8484,38.1289],[-121.7855,38.196],[-121.7225,38.263],[-121.6593,38.33],[-121.596,38.3969],[-121.5517,38.4437],[-121.4664,38.4936],[-121.381,38.5435],[-121.2956,38.5932],[-121.21,38.6429],[-121.1242,38.6926],[-121.0384,38.7421],[-120.9524,38.7916],[-120.87,38.839],[-120.7842,38.8888],[-120.6983,38.9385],[-120.6123,38.9882],[-120.5261,39.0378],[-120.4398,39.0873],[-120.3534,39.1368],[-120.2669,39.1862],[-120.1802,39.2356],[-120.0934,39.2849],[-120.0065,39.3341],[-119.9195,39.3833],[-119.8324,39.4324],[-119.7451,39.4814],[-119.6577,39.5304],[-119.6561,39.5313],[-119.5686,39.5802],[-119.481,39.6291],[-119.3933,39.6779],[-119.3054,39.7266],[-119.2175,39.7753],[-119.1294,39.8239],[-119.0411,39.8725],[-118.9528,39.9209],[-118.8643,39.9693],[-118.7757,40.0177],[-118.687,40.0659],[-118.5981,40.1141],[-118.5776,40.1253],[-118.4751,40.1536],[-118.3725,40.1819],[-118.2698,40.21],[-118.1671,40.2381],[-118.0642,40.2661],[-117.9613,40.294],[-117.8583,40.3217],[-117.7552,40.3495],[-117.652,40.3771],[-117.5487,40.4046],[-117.4454,40.432],[-117.3419,40.4593],[-117.2384,40.4866],[-117.1348,40.5137],[-117.0311,40.5408],[-116.9273,40.5678],[-116.9223,40.5691],[-116.8248,40.6074],[-116.7273,40.6456],[-116.6296,40.6837],[-116.5318,40.7218],[-116.4339,40.7598],[-116.3359,40.7977],[-116.2377,40.8355],[-116.1395,40.8732],[-116.0412,40.9108],[-115.9427,40.9484],[-115.8441,40.9858],[-115.7455,41.0232],[-115.6467,41.0605],[-115.5477,41.0978],[-115.4487,41.1349],[-115.3496,41.1719],[-115.2504,41.2089],[-115.151,41.2458],[-115.0515,41.2826],[-114.952,41.3193],[-114.8523,41.3559],[-114.7525,41.3924],[-114.6525,41.4289],[-114.5525,41.4652],[-114.4524,41.5015],[-114.3521,41.5377],[-114.2518,41.5738],[-114.1513,41.6098],[-114.0507,41.6458],[-113.95,41.6816],[-113.8492,41.7173],[-113.7483,41.753],[-113.6472,41.7886],[-113.5461,41.8241],[-113.4708,41.8504],[-113.3695,41.8857],[-113.268,41.9209],[-113.1665,41.9561],[-113.0648,41.9911],[-112.963,42.0261],[-112.8611,42.061],[-112.759,42.0957],[-112.6569,42.1304],[-112.5547,42.165],[-112.4523,42.1995],[-112.4512,42.1999],[-112.3484,42.2337],[-112.2454,42.2673],[-112.1423,42.3009],[-112.0391,42.3344],[-111.9358,42.3678],[-111.8324,42.4011],[-111.7289,42.4343],[-111.6252,42.4674],[-111.5215,42.5005],[-111.4176,42.5334],[-111.3137,42.5662],[-111.2096,42.599],[-111.1054,42.6316],[-111.0011,42.6642],[-110.8967,42.6966],[-110.7922,42.729],[-110.6876,42.7612],[-110.5829,42.7934],[-110.478,42.8255],[-110.3731,42.8575],[-110.2681,42.8893],[-110.1629,42.9211],[-110.0576,42.9528],[-109.9522,42.9844],[-109.8468,43.0159],[-109.7412,43.0473],[-109.6355,43.0786],[-109.5296,43.1098],[-109.4237,43.1409],[-109.3177,43.172],[-109.2116,43.2029],[-109.1053,43.2337],[-108.999,43.2644],[-108.8925,43.295],[-108.786,43.3255],[-108.6793,43.356],[-108.5725,43.3863],[-108.4656,43.4165],[-108.3586,43.4466],[-108.2997,43.4632],[-108.1935,43.4948],[-108.0872,43.5264],[-107.9807,43.5578],[-107.8741,43.5892],[-107.7675,43.6205],[-107.6607,43.6516],[-107.5538,43.6827],[-107.4468,43.7136],[-107.3397,43.7445],[-107.2324,43.7753],[-107.1251,43.8059],[-107.0177,43.8365],[-106.9101,43.867],[-106.8024,43.8973],[-106.6947,43.9276],[-106.5868,43.9577],[-106.4788,43.9878],[-106.4357,43.9997],[-106.3264,44.0274],[-106.217,44.0549],[-106.1075,44.0824],[-105.9979,44.1097],[-105.8882,44.1369],[-105.7784,44.1641],[-105.6685,44.1911],[-105.5585,44.218],[-105.4484,44.2448],[-105.3381,44.2715],[-105.2278,44.2981],[-105.1174,44.3246],[-105.0069,44.351],[-104.8963,44.3773],[-104.7856,44.4035],[-104.6748,44.4295],[-104.5639,44.4555],[-104.4529,44.4813],[-104.3418,44.5071],[-104.2306,44.5327],[-104.1192,44.5582],[-104.0079,44.5837],[-103.8964,44.609],[-103.7848,44.6342],[-103.6731,44.6593],[-103.5613,44.6843],[-103.4494,44.7091],[-103.3374,44.7339],[-103.2254,44.7586],[-103.1132,44.7831],[-103.0009,44.8075],[-102.8886,44.8319],[-102.7761,44.8561],[-102.6636,44.8802],[-102.5509,44.9042],[-102.4382,44.9281],[-102.3253,44.9519],[-102.2124,44.9755],[-102.0994,44.9991],[-101.9863,45.0225],[-101.8731,45.0458],[-101.7598,45.0691],[-101.7151,45.0782],[-101.5986,45.0917],[-101.4821,45.1051],[-101.3655,45.1184],[-101.2489,45.1316],[-101.1322,45.1446],[-101.0155,45.1575],[-100.8987,45.1703],[-100.7819,45.183],[-100.665,45.1956],[-100.5481,45.208],[-100.4311,45.2204],[-100.3141,45.2326],[-100.197,45.2447],[-100.0798,45.2566],[-99.9626,45.2685],[-99.8454,45.2802],[-99.7281,45.2918],[-99.6108,45.3033],[-99.4934,45.3147],[-99.376,45.326],[-99.2585,45.3371],[-99.141,45.3481],[-99.0234,45.359],[-98.9058,45.3698],[-98.7882,45.3804],[-98.6705,45.3909],[-98.5527,45.4013],[-98.435,45.4116],[-98.3687,45.4174],[-98.2572,45.446],[-98.1456,45.4746],[-98.0339,45.503],[-97.922,45.5314],[-97.8101,45.5596],[-97.698,45.5877],[-97.5859,45.6157],[-97.4736,45.6436],[-97.3612,45.6714],[-97.2487,45.6991],[-97.136,45.7266],[-97.0233,45.7541],[-96.9105,45.7814],[-96.7975,45.8086],[-96.6844,45.8358],[-96.5713,45.8628],[-96.458,45.8897],[-96.3446,45.9165],[-96.2311,45.9431],[-96.1175,45.9697],[-96.0038,45.9961],[-95.8899,46.0225],[-95.776,46.0487],[-95.6619,46.0748],[-95.5478,46.1008],[-95.4335,46.1267],[-95.3192,46.1524],[-95.2047,46.1781],[-95.0901,46.2036],[-94.9754,46.2291],[-94.8606,46.2544],[-94.7457,46.2796],[-94.6307,46.3046],[-94.5156,46.3296],[-94.4004,46.3544],[-94.2851,46.3792],[-94.1696,46.4038],[-94.0541,46.4283],[-93.9385,46.4527],[-93.8227,46.4769],[-93.7069,46.5011],[-93.591,46.5251],[-93.4749,46.549],[-93.3588,46.5728],[-93.2425,46.5965],[-93.1262,46.6201],[-93.0097,46.6435],[-92.8932,46.6668],[-92.7765,46.6901],[-92.6598,46.7131],[-92.5429,46.7361],[-92.426,46.759],[-92.3089,46.7817],[-92.2029,46.8022]]}},{"type":"Feature","properties":{"ident":"J33","type":"CONV","run":1},"geometry":{"type":"LineString","coordinates":[[-95.3457,29.9569],[-95.364,30.0387],[-95.3822,30.1206],[-95.4005,30.2024],[-95.4188,30.2842],[-95.4372,30.366],[-95.4556,30.4478],[-95.4684,30.5048],[-95.4868,30.5866],[-95.4911,30.6057],[-95.5096,30.6875],[-95.5281,30.7693],[-95.5442,30.8401],[-95.5627,30.9219],[-95.5814,31.0037],[-95.6,31.0855],[-95.6187,31.1673],[-95.6374,31.2491],[-95.6561,31.3308],[-95.6614,31.354],[-95.6802,31.4358],[-95.699,31.5175],[-95.7178,31.5993],[-95.7221,31.618],[-95.7897,31.6782],[-95.8575,31.7383],[-95.9254,31.7985],[-95.9933,31.8586],[-96.0613,31.9186],[-96.1294,31.9787],[-96.1977,32.0386],[-96.2659,32.0986],[-96.3343,32.1585],[-96.4028,32.2184],[-96.4714,32.2782],[-96.54,32.338],[-96.6088,32.3978],[-96.6776,32.4575],[-96.7465,32.5172],[-96.8133,32.5749],[-96.8824,32.6345],[-96.9516,32.6941],[-97.0209,32.7537],[-97.0903,32.8132],[-97.1598,32.8726],[-97.1794,32.8895]]}},{"type":"Feature","properties":{"ident":"J34","type":"CONV","run":1},"geometry":{"type":"LineString","coordinates":[[-124.1493,46.947],[-124.0273,46.9501],[-123.9053,46.9529],[-123.7833,46.9557],[-123.6613,46.9583],[-123.5392,46.9608],[-123.4172,46.9631],[-123.2951,46.9654],[-123.173,46.9675],[-123.051,46.9694],[-122.9289,46.9713],[-122.9018,46.9716],[-122.7805,46.9813],[-122.6592,46.9909],[-122.5378,47.0003],[-122.4164,47.0096],[-122.2949,47.0188],[-122.1734,47.0278],[-122.0518,47.0368],[-121.9302,47.0455],[-121.8086,47.0542],[-121.6869,47.0627],[-121.5652,47.0711],[-121.5162,47.0745],[-121.3945,47.0831],[-121.2728,47.0917],[-121.151,47.1001],[-121.0292,47.1084],[-120.9073,47.1165],[-120.7854,47.1245],[-120.6635,47.1324],[-120.5415,47.1402],[-120.4195,47.1478],[-120.2975,47.1553],[-120.1754,47.1627],[-120.0533,47.17],[-119.9312,47.1771],[-119.809,47.1841],[-119.6868,47.1909],[-119.5646,47.1976],[-119.4423,47.2042],[-119.32,47.2107],[-119.3168,47.2109],[-119.1945,47.2048],[-119.0722,47.1986],[-118.9499,47.1922],[-118.8277,47.1858],[-118.7054,47.1792],[-118.5833,47.1724],[-118.4611,47.1656],[-118.339,47.1586],[-118.2169,47.1514],[-118.0948,47.1442],[-117.9742,47.1369],[-117.8522,47.1294],[-117.7303,47.1217],[-117.6083,47.1139],[-117.4864,47.106],[-117.3646,47.098],[-117.2428,47.0898],[-117.121,47.0815],[-116.9993,47.0731],[-116.8776,47.0646],[-116.7559,47.0559],[-116.6343,47.0471],[-116.5127,47.0381],[-116.3912,47.029],[-116.2697,47.0198],[-116.1483,47.0105],[-116.0268,47.0011],[-115.9055,46.9915],[-115.7842,46.9818],[-115.6629,46.9719],[-115.5416,46.962],[-115.4205,46.9519],[-115.2993,46.9416],[-115.1782,46.9313],[-115.0572,46.9208],[-114.9362,46.9102],[-114.8152,46.8995],[-114.6943,46.8886],[-114.5735,46.8776],[-114.4527,46.8665],[-114.3319,46.8553],[-114.2112,46.8439],[-114.0906,46.8324],[-113.97,46.8208],[-113.8494,46.809],[-113.7289,46.7972],[-113.6085,46.7852],[-113.4881,46.773],[-113.3677,46.7608],[-113.2475,46.7484],[-113.1272,46.7359],[-113.0071,46.7232],[-112.887,46.7105],[-112.7669,46.6976],[-112.6469,46.6846],[-112.527,46.6715],[-112.4071,46.6582],[-112.2873,46.6448],[-112.1675,46.6313],[-112.0478,46.6177],[-111.9535,46.6068],[-111.8381,46.5812],[-111.7229,46.5554],[-111.6077,46.5294],[-111.4927,46.5034],[-111.3778,46.4773],[-111.2629,46.451],[-111.1482,46.4247],[-111.0336,46.3982],[-110.9192,46.3716],[-110.8048,46.3449],[-110.6905,46.318],[-110.5764,46.2911],[-110.4623,46.2641],[-110.3484,46.2369],[-110.2346,46.2096],[-110.1209,46.1822],[-110.0073,46.1547],[-109.8939,46.1271],[-109.7805,46.0994],[-109.6673,46.0715],[-109.5542,46.0436],[-109.4411,46.0155],[-109.3282,45.9873],[-109.2155,45.959],[-109.1028,45.9306],[-108.9903,45.9021],[-108.8778,45.8735],[-108.7655,45.8448],[-108.6533,45.8159],[-108.6247,45.8086],[-108.5058,45.7997],[-108.387,45.7906],[-108.2682,45.7815],[-108.1495,45.7722],[-108.0308,45.7628],[-107.9121,45.7533],[-107.7935,45.7437],[-107.6749,45.7339],[-107.5564,45.724],[-107.4379,45.714],[-107.3195,45.7039],[-107.2011,45.6936],[-107.0827,45.6832],[-106.9644,45.6727],[-106.8461,45.6621],[-106.7279,45.6514],[-106.6097,45.6405],[-106.4916,45.6295],[-106.3735,45.6184],[-106.2555,45.6072],[-106.1375,45.5958],[-106.0195,45.5844],[-105.9016,45.5728],[-105.7838,45.5611],[-105.666,45.5492],[-105.5482,45.5373],[-105.4305,45.5252],[-105.3129,45.513],[-105.1953,45.5007],[-105.0777,45.4882],[-104.9602,45.4757],[-104.8428,45.463],[-104.7254,45.4502],[-104.6435,45.4412],[-104.5262,45.4282],[-104.409,45.415],[-104.2918,45.4018],[-104.1747,45.3884],[-104.0576,45.3749],[-103.9406,45.3613],[-103.8236,45.3476],[-103.7067,45.3337],[-103.5899,45.3197],[-103.4731,45.3056],[-103.3564,45.2914],[-103.2397,45.2771],[-103.1231,45.2626],[-103.0065,45.2481],[-102.89,45.2334],[-102.7736,45.2186],[-102.6572,45.2037],[-102.5409,45.1886],[-102.4247,45.1735],[-102.3085,45.1582],[-102.1924,45.1428],[-102.0763,45.1273],[-101.9603,45.1116],[-101.8444,45.0959],[-101.7285,45.08],[-101.7151,45.0782],[-101.5976,45.0707],[-101.4801,45.0631],[-101.3626,45.0554],[-101.2452,45.0475],[-101.1278,45.0395],[-101.0104,45.0314],[-100.8931,45.0232],[-100.7758,45.0149],[-100.6585,45.0065],[-100.5413,44.9979],[-100.4241,44.9892],[-100.307,44.9804],[-100.1898,44.9715],[-100.0728,44.9624],[-99.9557,44.9532],[-99.8387,44.9439],[-99.7217,44.9345],[-99.6048,44.925],[-99.4879,44.9154],[-99.3711,44.9056],[-99.2543,44.8957],[-99.1375,44.8857],[-99.0208,44.8756],[-98.9041,44.8653],[-98.7874,44.855],[-98.6708,44.8445],[-98.5543,44.8339],[-98.4377,44.8232],[-98.3213,44.8124],[-98.2048,44.8014],[-98.0884,44.7903],[-97.9721,44.7791],[-97.8558,44.7678],[-97.7395,44.7564],[-97.6233,44.7449],[-97.5072,44.7332],[-97.3911,44.7214],[-97.275,44.7095],[-97.159,44.6975],[-97.043,44.6854],[-96.9271,44.6731],[-96.8112,44.6608],[-96.6954,44.6483],[-96.5796,44.6357],[-96.4639,44.623],[-96.3483,44.6101],[-96.2326,44.5972],[-96.1171,44.5841],[-96.0016,44.5709],[-95.8861,44.5576],[-95.7707,44.5442],[-95.6553,44.5307],[-95.54,44.517],[-95.4248,44.5033],[-95.3096,44.4894],[-95.1945,44.4754],[-95.1282,44.4673],[-95.0135,44.4518],[-94.8989,44.4362],[-94.7843,44.4205],[-94.6697,44.4047],[-94.5552,44.3888],[-94.4408,44.3728],[-94.3265,44.3566],[-94.2122,44.3403],[-94.098,44.324],[-93.9838,44.3075],[-93.907,44.2963],[-93.7929,44.2796],[-93.6789,44.2628],[-93.565,44.2459],[-93.4511,44.2289],[-93.3374,44.2117],[-93.2236,44.1945],[-93.11,44.1771],[-92.9964,44.1596],[-92.8829,44.142],[-92.7694,44.1243],[-92.656,44.1065],[-92.5427,44.0886],[-92.4295,44.0705],[-92.3163,44.0524],[-92.2032,44.0341],[-92.0901,44.0158],[-91.9772,43.9973],[-91.8643,43.9787],[-91.7515,43.96],[-91.6387,43.9411],[-91.526,43.9222],[-91.4675,43.9123],[-91.3562,43.8896],[-91.2451,43.8668],[-91.134,43.8439],[-91.0229,43.8209],[-90.912,43.7978],[-90.8012,43.7745],[-90.6904,43.7512],[-90.5797,43.7277],[-90.4691,43.7042],[-90.3586,43.6805],[-90.2482,43.6567],[-90.2249,43.6517],[-90.1146,43.6278],[-90.0044,43.6037],[-89.8942,43.5796],[-89.7842,43.5554],[-89.7636,43.5508],[-89.6567,43.5203],[-89.5498,43.4897],[-89.4431,43.4589],[-89.3365,43.4281],[-89.23,43.3972],[-89.1235,43.3662],[-89.0172,43.335],[-88.9111,43.3038],[-88.805,43.2725],[-88.699,43.2411],[-88.5931,43.2095],[-88.4874,43.1779],[-88.3817,43.1462],[-88.2844,43.1169],[-88.1714,43.1049],[-88.0585,43.0928],[-87.9456,43.0805],[-87.8328,43.0682],[-87.72,43.0558],[-87.6073,43.0432],[-87.4946,43.0306],[-87.382,43.0178],[-87.2694,43.0049],[-87.1568,42.9919],[-87.0443,42.9788],[-86.9319,42.9656],[-86.8195,42.9523],[-86.7071,42.9388],[-86.5948,42.9253],[-86.4826,42.9116],[-86.3704,42.8979],[-86.2582,42.884],[-86.1461,42.87],[-86.0341,42.8559],[-86.011,42.853],[-85.899,42.8388],[-85.7871,42.8244],[-85.6752,42.81],[-85.5634,42.7954],[-85.4971,42.7867],[-85.3946,42.7509],[-85.2922,42.715],[-85.19,42.6789],[-85.1674,42.671],[-85.0653,42.6348],[-84.9633,42.5986],[-84.8614,42.5623],[-84.7597,42.5259],[-84.6581,42.4894],[-84.5566,42.4528],[-84.5099,42.4359],[-84.4086,42.3992],[-84.3074,42.3624],[-84.2063,42.3255],[-84.1053,42.2885],[-84.0045,42.2514],[-83.9038,42.2142],[-83.8031,42.177],[-83.7027,42.1397],[-83.6023,42.1022],[-83.502,42.0647],[-83.4576,42.048],[-83.3658,42.0001],[-83.2742,41.9521],[-83.1827,41.9041],[-83.0913,41.856],[-83.0001,41.8078],[-82.909,41.7595],[-82.818,41.7111],[-82.7892,41.6958],[-82.6984,41.6473],[-82.6078,41.5988],[-82.5173,41.5502],[-82.4678,41.5236],[-82.3775,41.4749],[-82.2874,41.4261],[-82.1974,41.3773],[-82.162,41.3581],[-82.0942,41.2921],[-82.0265,41.2261],[-81.959,41.1601],[-81.9052,41.1074],[-81.838,41.0413],[-81.7708,40.9752],[-81.7038,40.909],[-81.688,40.8934],[-81.6212,40.8271],[-81.5544,40.7608],[-81.4879,40.6945],[-81.4214,40.6282],[-81.3551,40.5618],[-81.2889,40.4953],[-81.2237,40.4297],[-81.1577,40.3632],[-81.0919,40.2966],[-81.0263,40.2301],[-80.9607,40.1635],[-80.8953,40.0968],[-80.83,40.0301],[-80.8172,40.017],[-80.7379,39.9601],[-80.6586,39.903],[-80.5795,39.8459],[-80.5006,39.7888],[-80.4217,39.7316],[-80.343,39.6743],[-80.2645,39.617],[-80.186,39.5597],[-80.1077,39.5023],[-80.0295,39.4448],[-79.9515,39.3873],[-79.8735,39.3298],[-79.825,39.2938],[-79.7179,39.2854],[-79.6108,39.2769],[-79.5228,39.2698],[-79.4158,39.2611],[-79.3088,39.2523],[-79.2018,39.2434],[-79.0948,39.2345],[-78.9895,39.2255],[-78.8828,39.2153],[-78.776,39.2049],[-78.6694,39.1945],[-78.5627,39.1839],[-78.4561,39.1733],[-78.358,39.1634],[-78.2514,39.1526],[-78.1449,39.1417],[-78.1211,39.1392]]}},{"type":"Feature","properties":{"ident":"J35","type":"CONV","run":1},"geometry":{"type":"LineString","coordinates":[[-90.104,29.1752],[-90.1099,29.2584],[-90.1158,29.3416],[-90.1217,29.4247],[-90.1277,29.5079],[-90.1336,29.5911],[-90.1395,29.6743],[-90.1455,29.7574],[-90.1515,29.8406],[-90.1574,29.9238],[-90.1634,30.0069],[-90.1694,30.0901],[-90.1754,30.1733],[-90.1814,30.2564],[-90.1875,30.3396],[-90.1935,30.4228],[-90.197,30.4709],[-90.203,30.5541],[-90.2091,30.6372],[-90.2152,30.7204],[-90.2213,30.8036],[-90.2274,30.8867],[-90.2275,30.8877],[-90.2336,30.9709],[-90.2397,31.054],[-90.2458,31.1372],[-90.252,31.2204],[-90.2581,31.3035],[-90.2582,31.3045],[-90.2589,31.3878],[-90.2597,31.4711],[-90.2604,31.5544],[-90.2611,31.6378],[-90.2619,31.7211],[-90.2619,31.722],[-90.2626,31.8053],[-90.2633,31.8887],[-90.2641,31.972],[-90.2648,32.0553],[-90.2655,32.1387],[-90.2663,32.222],[-90.267,32.3053],[-90.2677,32.3886],[-90.2685,32.472],[-90.2692,32.5553],[-90.2699,32.6386],[-90.2707,32.7219],[-90.2714,32.8053],[-90.2722,32.8886],[-90.2729,32.9719],[-90.2737,33.0553],[-90.2744,33.1386],[-90.2752,33.2219],[-90.2759,33.3052],[-90.2767,33.3886],[-90.2774,33.4639],[-90.262,33.5462],[-90.2466,33.6285],[-90.2312,33.7109],[-90.2158,33.7932],[-90.2004,33.8755],[-90.1849,33.9579],[-90.1693,34.0402],[-90.1538,34.1225],[-90.1382,34.2049],[-90.1226,34.2872],[-90.1118,34.3439],[-90.0962,34.4262],[-90.0805,34.5085],[-90.0648,34.5908],[-90.049,34.6732],[-90.0332,34.7555],[-90.0174,34.8378],[-90.0015,34.9201],[-89.9857,35.0024],[-89.9832,35.0151],[-89.9908,35.0982],[-89.9984,35.1813],[-90.006,35.2644],[-90.0136,35.3475],[-90.0213,35.4306],[-90.029,35.5137],[-90.0366,35.5968],[-90.0443,35.6799],[-90.052,35.763],[-90.0598,35.8461],[-90.0675,35.9292],[-90.0753,36.0123],[-90.083,36.0954],[-90.0861,36.1278],[-90.0939,36.2109],[-90.0989,36.2635],[-90.1067,36.3466],[-90.1145,36.4297],[-90.1224,36.5128],[-90.1303,36.5959],[-90.1382,36.679],[-90.1461,36.7621],[-90.154,36.8451],[-90.162,36.9282],[-90.1699,37.0113],[-90.1779,37.0944],[-90.1859,37.1775],[-90.194,37.2606],[-90.202,37.3437],[-90.21,37.4267],[-90.2181,37.5098],[-90.2262,37.5929],[-90.2341,37.6735]]}},{"type":"Feature","properties":{"ident":"J36","type":"CONV","run":1},"geometry":{"type":"LineString","coordinates":[[-115.6461,47.4569],[-115.5228,47.4589],[-115.3996,47.4608],[-115.2764,47.4625],[-115.1532,47.4641],[-115.0299,47.4656],[-114.9067,47.4669],[-114.7834,47.4681],[-114.6602,47.4692],[-114.5369,47.4702],[-114.4136,47.471],[-114.2904,47.4717],[-114.1671,47.4722],[-114.0438,47.4726],[-113.9205,47.4729],[-113.7972,47.4731],[-113.674,47.4731],[-113.5507,47.473],[-113.4274,47.4727],[-113.3041,47.4723],[-113.1808,47.4718],[-113.0576,47.4712],[-112.9343,47.4704],[-112.811,47.4695],[-112.6878,47.4685],[-112.5645,47.4673],[-112.4413,47.466],[-112.318,47.4646],[-112.1948,47.463],[-112.0716,47.4613],[-111.9483,47.4595],[-111.8251,47.4575],[-111.7019,47.4554],[-111.5787,47.4532],[-111.4555,47.4508],[-111.4122,47.45],[-111.2891,47.4462],[-111.166,47.4423],[-111.0429,47.4383],[-110.9199,47.4341],[-110.7969,47.4298],[-110.6739,47.4254],[-110.5509,47.4209],[-110.4279,47.4162],[-110.305,47.4114],[-110.1821,47.4064],[-110.0592,47.4013],[-109.9363,47.3961],[-109.8135,47.3908],[-109.6907,47.3853],[-109.5679,47.3797],[-109.4451,47.374],[-109.3224,47.3681],[-109.1997,47.3621],[-109.1518,47.3597],[-109.0291,47.3535],[-108.9065,47.3472],[-108.7839,47.3407],[-108.6613,47.3341],[-108.5388,47.3274],[-108.4162,47.3205],[-108.2938,47.3136],[-108.1713,47.3065],[-108.0489,47.2992],[-107.9265,47.2918],[-107.8042,47.2843],[-107.6818,47.2767],[-107.5596,47.2689],[-107.4373,47.261],[-107.3151,47.253],[-107.1929,47.2448],[-107.0708,47.2366],[-106.9487,47.2281],[-106.8267,47.2196],[-106.7047,47.2109],[-106.5827,47.2021],[-106.4608,47.1932],[-106.3389,47.1841],[-106.217,47.1749],[-106.0952,47.1656],[-105.9734,47.1562],[-105.8517,47.1466],[-105.73,47.1369],[-105.6084,47.127],[-105.4868,47.1171],[-105.3653,47.107],[-105.2438,47.0968],[-105.1223,47.0864],[-105.0009,47.0759],[-104.8796,47.0653],[-104.7583,47.0546],[-104.637,47.0437],[-104.5158,47.0327],[-104.3947,47.0216],[-104.2736,47.0104],[-104.1525,46.999],[-104.0315,46.9875],[-103.9106,46.9759],[-103.7897,46.9641],[-103.6688,46.9522],[-103.548,46.9402],[-103.4273,46.9281],[-103.3066,46.9158],[-103.186,46.9034],[-103.0654,46.8909],[-102.9449,46.8783],[-102.8245,46.8655],[-102.7735,46.86],[-102.6517,46.8609],[-102.5298,46.8617],[-102.4079,46.8623],[-102.286,46.8628],[-102.1642,46.8632],[-102.0423,46.8634],[-101.9204,46.8635],[-101.7986,46.8635],[-101.6767,46.8634],[-101.5548,46.8631],[-101.4329,46.8627],[-101.3111,46.8621],[-101.1892,46.8615],[-101.0673,46.8607],[-100.9455,46.8597],[-100.8236,46.8587],[-100.7018,46.8575],[-100.5799,46.8562],[-100.4581,46.8548],[-100.3363,46.8532],[-100.2144,46.8515],[-100.0926,46.8496],[-99.9708,46.8477],[-99.849,46.8456],[-99.7272,46.8434],[-99.6055,46.841],[-99.4837,46.8386],[-99.3619,46.836],[-99.2402,46.8332],[-99.1185,46.8304],[-98.9967,46.8274],[-98.875,46.8242],[-98.7534,46.821],[-98.6317,46.8176],[-98.51,46.8141],[-98.3884,46.8105],[-98.2668,46.8067],[-98.1451,46.8028],[-98.0236,46.7988],[-97.902,46.7946],[-97.7804,46.7903],[-97.6589,46.7859],[-97.5374,46.7814],[-97.4159,46.7767],[-97.2944,46.7719],[-97.173,46.767],[-97.0516,46.762],[-96.9301,46.7568],[-96.8513,46.7533],[-96.7487,46.7087],[-96.6462,46.664],[-96.5439,46.6191],[-96.4417,46.5742],[-96.3397,46.5292],[-96.2379,46.4841],[-96.1363,46.4389],[-96.0348,46.3937],[-95.9335,46.3483],[-95.8324,46.3028],[-95.7314,46.2573],[-95.6306,46.2117],[-95.53,46.1659],[-95.4295,46.1201],[-95.3292,46.0742],[-95.2291,46.0282],[-95.1291,45.9822],[-95.0293,45.936],[-94.9297,45.8898],[-94.8302,45.8434],[-94.7309,45.797],[-94.6318,45.7505],[-94.5328,45.7039],[-94.434,45.6572],[-94.3354,45.6105],[-94.2369,45.5636],[-94.1386,45.5167],[-94.0405,45.4697],[-93.9425,45.4226],[-93.8447,45.3754],[-93.747,45.3281],[-93.6495,45.2808],[-93.5522,45.2333],[-93.455,45.1858],[-93.3732,45.1457],[-93.2849,45.0904],[-93.1967,45.035],[-93.1088,44.9795],[-93.021,44.924],[-92.9333,44.8684],[-92.8459,44.8128],[-92.7586,44.757],[-92.6714,44.7013],[-92.5845,44.6454],[-92.4977,44.5895],[-92.4111,44.5335],[-92.3246,44.4774],[-92.2383,44.4213],[-92.1522,44.3651],[-92.0662,44.3089],[-91.9804,44.2526],[-91.8948,44.1962],[-91.8093,44.1398],[-91.724,44.0833],[-91.6389,44.0267],[-91.5539,43.9701],[-91.4691,43.9134],[-91.4675,43.9123],[-91.3637,43.8757],[-91.26,43.8389],[-91.1564,43.802],[-91.053,43.765],[-90.9497,43.728],[-90.8465,43.6908],[-90.7434,43.6536],[-90.6405,43.6163],[-90.5377,43.5788],[-90.435,43.5413],[-90.3324,43.5037],[-90.23,43.466],[-90.1277,43.4282],[-90.0255,43.3903],[-89.9235,43.3524],[-89.8216,43.3143],[-89.7198,43.2761],[-89.6182,43.2379],[-89.5166,43.1996],[-89.4152,43.1611],[-89.335,43.1306],[-89.2208,43.1296],[-89.1066,43.1284],[-88.9925,43.1272],[-88.8783,43.1258],[-88.7641,43.1243],[-88.65,43.1227],[-88.5358,43.121],[-88.4217,43.1192],[-88.3076,43.1173],[-88.2844,43.1169],[-88.1704,43.1224],[-88.0565,43.1279],[-87.9426,43.1332],[-87.8286,43.1385],[-87.7146,43.1436],[-87.6006,43.1486],[-87.4866,43.1535],[-87.3725,43.1582],[-87.2585,43.1629],[-87.1444,43.1675],[-87.0303,43.1719],[-86.9162,43.1762],[-86.8021,43.1804],[-86.6879,43.1845],[-86.5738,43.1885],[-86.4596,43.1924],[-86.3454,43.1961],[-86.2733,43.1984],[-86.1597,43.1893],[-86.0461,43.18],[-85.9326,43.1705],[-85.8191,43.161],[-85.7056,43.1514],[-85.5922,43.1416],[-85.4788,43.1318],[-85.3654,43.1218],[-85.2521,43.1117],[-85.1388,43.1015],[-85.0256,43.0912],[-84.9124,43.0808],[-84.7992,43.0702],[-84.6861,43.0596],[-84.573,43.0488],[-84.46,43.038],[-84.347,43.027],[-84.234,43.0159],[-84.1211,43.0047],[-84.0082,42.9934],[-83.8953,42.982],[-83.7826,42.9704],[-83.747,42.9668]]}},{"type":"Feature","properties":{"ident":"J4","type":"CONV","run":1},"geometry":{"type":"LineString","coordinates":[[-118.432,33.9332],[-118.3323,33.9433],[-118.2326,33.9534],[-118.1329,33.9634],[-118.0331,33.9733],[-117.9333,33.9831],[-117.8335,33.9929],[-117.7906,33.9971],[-117.6908,34.0067],[-117.5909,34.0163],[-117.491,34.0258],[-117.3911,34.0352],[-117.39,34.0353],[-117.29,34.0441],[-117.2425,34.0482],[-117.1425,34.0576],[-117.0426,34.0668],[-116.9426,34.076],[-116.8426,34.0851],[-116.7425,34.0941],[-116.7388,34.0945],[-116.6382,34.0967],[-116.5376,34.0988],[-116.437,34.1008],[-116.3364,34.1028],[-116.2358,34.1047],[-116.1352,34.1064],[-116.0346,34.1081],[-115.9339,34.1098],[-115.8333,34.1113],[-115.7699,34.1122],[-115.6693,34.1117],[-115.5686,34.1111],[-115.468,34.1104],[-115.3673,34.1096],[-115.2667,34.1087],[-115.1661,34.1077],[-115.0654,34.1067],[-114.9648,34.1056],[-114.8642,34.1044],[-114.7636,34.1031],[-114.6821,34.102],[-114.589,34.0704],[-114.496,34.0387],[-114.403,34.0069],[-114.3101,33.9751],[-114.2173,33.9432],[-114.1245,33.9113],[-114.0319,33.8793],[-113.9392,33.8472],[-113.8467,33.815],[-113.8032,33.7998],[-113.7107,33.7676],[-113.6184,33.7352],[-113.5261,33.7028],[-113.4338,33.6703],[-113.3417,33.6378],[-113.2496,33.6052],[-113.1576,33.5725],[-113.0656,33.5398],[-112.9738,33.5069],[-112.8819,33.474],[-112.8246,33.4535],[-112.7312,33.4241],[-112.6378,33.3946],[-112.5445,33.3651],[-112.4512,33.3355],[-112.358,33.3058],[-112.2649,33.2761],[-112.1718,33.2463],[-112.0788,33.2164],[-111.9859,33.1865],[-111.893,33.1565],[-111.8002,33.1264],[-111.7075,33.0963],[-111.6148,33.066],[-111.5222,33.0357],[-111.4296,33.0054],[-111.3371,32.975],[-111.2447,32.9445],[-111.1523,32.9139],[-111.06,32.8833],[-110.9678,32.8526],[-110.8756,32.8218],[-110.7835,32.791],[-110.6915,32.7601],[-110.5995,32.7292],[-110.5076,32.6981],[-110.4157,32.667],[-110.3239,32.6359],[-110.2322,32.6046],[-110.1405,32.5733],[-110.0489,32.542],[-109.9574,32.5105],[-109.8659,32.479],[-109.7745,32.4475],[-109.6832,32.4159],[-109.5919,32.3842],[-109.5007,32.3524],[-109.4096,32.3206],[-109.3185,32.2887],[-109.2631,32.2693],[-109.1652,32.26],[-109.0672,32.2507],[-108.9693,32.2413],[-108.8715,32.2318],[-108.7736,32.2222],[-108.6758,32.2126],[-108.578,32.2029],[-108.4802,32.1931],[-108.3824,32.1833],[-108.2846,32.1734],[-108.1869,32.1634],[-108.0892,32.1533],[-107.9915,32.1431],[-107.8939,32.1329],[-107.7962,32.1226],[-107.6986,32.1122],[-107.601,32.1018],[-107.5034,32.0912],[-107.4059,32.0806],[-107.3083,32.07],[-107.2108,32.0592],[-107.1133,32.0484],[-107.0159,32.0375],[-106.9184,32.0265],[-106.821,32.0155],[-106.7236,32.0043],[-106.6263,31.9931],[-106.5289,31.9819],[-106.4316,31.9705],[-106.3343,31.9591],[-106.2725,31.9518],[-106.1743,31.9503],[-106.0761,31.9487],[-105.9779,31.9471],[-105.8797,31.9453],[-105.7815,31.9435],[-105.6834,31.9416],[-105.5852,31.9397],[-105.487,31.9376],[-105.3889,31.9355],[-105.3295,31.9342],[-105.2313,31.9322],[-105.1332,31.9301],[-105.035,31.9279],[-104.9369,31.9256],[-104.8387,31.9233],[-104.7406,31.9209],[-104.6425,31.9184],[-104.5443,31.9158],[-104.4462,31.9132],[-104.3481,31.9105],[-104.25,31.9077],[-104.1519,31.9048],[-104.0538,31.9019],[-103.9557,31.8989],[-103.8576,31.8958],[-103.7596,31.8926],[-103.6615,31.8894],[-103.5634,31.8861],[-103.4654,31.8827],[-103.3673,31.8792],[-103.2693,31.8757],[-103.2438,31.8748],[-103.1481,31.8933],[-103.0524,31.9117],[-102.9566,31.9301],[-102.8608,31.9484],[-102.765,31.9667],[-102.6691,31.9848],[-102.5732,32.0029],[-102.4773,32.0209],[-102.3813,32.0389],[-102.2852,32.0567],[-102.1892,32.0745],[-102.0931,32.0923],[-101.9969,32.1099],[-101.9008,32.1275],[-101.8046,32.145],[-101.7083,32.1624],[-101.612,32.1798],[-101.5157,32.1971],[-101.4194,32.2143],[-101.323,32.2315],[-101.2265,32.2485],[-101.1301,32.2655],[-101.0336,32.2825],[-100.937,32.2993],[-100.8404,32.3161],[-100.7438,32.3328],[-100.6472,32.3494],[-100.5505,32.366],[-100.4538,32.3825],[-100.357,32.3989],[-100.2603,32.4152],[-100.1634,32.4315],[-100.0666,32.4476],[-99.9697,32.4638],[-99.8728,32.4798],[-99.8635,32.4813],[-99.7665,32.4971],[-99.6694,32.5129],[-99.5724,32.5285],[-99.4753,32.5441],[-99.3781,32.5596],[-99.281,32.5751],[-99.1838,32.5904],[-99.0865,32.6057],[-98.9893,32.621],[-98.892,32.6361],[-98.7946,32.6512],[-98.6973,32.6661],[-98.5999,32.6811],[-98.5025,32.6959],[-98.405,32.7107],[-98.3075,32.7253],[-98.21,32.74],[-98.1124,32.7545],[-98.0148,32.769],[-97.9172,32.7833],[-97.8196,32.7976],[-97.7219,32.8119],[-97.6242,32.826],[-97.5264,32.8401],[-97.4286,32.8541],[-97.3308,32.8681],[-97.233,32.8819],[-97.1794,32.8895],[-97.0802,32.8873],[-96.981,32.885],[-96.8818,32.8827],[-96.7827,32.8803],[-96.6835,32.8778],[-96.5843,32.8752],[-96.4851,32.8725],[-96.386,32.8698],[-96.2868,32.867],[-96.1877,32.8641],[-96.0885,32.8611],[-95.9894,32.8581],[-95.8903,32.855],[-95.7911,32.8518],[-95.692,32.8485],[-95.5929,32.8451],[-95.4938,32.8417],[-95.3947,32.8382],[-95.2956,32.8346],[-95.1966,32.8309],[-95.0975,32.8272],[-94.9984,32.8234],[-94.8994,32.8195],[-94.8004,32.8155],[-94.7013,32.8114],[-94.6023,32.8073],[-94.5033,32.8031],[-94.4043,32.7988],[-94.3053,32.7944],[-94.2063,32.79],[-94.1073,32.7854],[-94.0084,32.7808],[-93.9094,32.7762],[-93.8105,32.7714],[-93.8099,32.7714],[-93.7112,32.7638],[-93.6126,32.7562],[-93.5972,32.7551],[-93.4986,32.7474],[-93.3999,32.7396],[-93.3013,32.7317],[-93.2027,32.7238],[-93.181,32.7221],[-93.0824,32.714],[-93.0561,32.7119],[-92.9575,32.7038],[-92.859,32.6955],[-92.7604,32.6873],[-92.6619,32.6789],[-92.5634,32.6705],[-92.5521,32.6695],[-92.4536,32.661],[-92.3552,32.6524],[-92.2567,32.6437],[-92.1583,32.635],[-92.0599,32.6262],[-91.9616,32.6173],[-91.8632,32.6083],[-91.7649,32.5992],[-91.6666,32.5901],[-91.5683,32.5809],[-91.47,32.5716],[-91.3717,32.5623],[-91.2735,32.5528],[-91.1753,32.5433],[-91.0771,32.5338],[-90.9789,32.5241],[-90.8808,32.5144],[-90.7827,32.5045],[-90.6846,32.4947],[-90.5865,32.4847],[-90.4884,32.4746],[-90.3904,32.4645],[-90.2924,32.4543],[-90.1944,32.4441],[-90.0998,32.4341]]}},{"type":"Feature","properties":{"ident":"J41","type":"CONV","run":1},"geometry":{"type":"LineString","coordinates":[[-86.3197,32.2223],[-86.3509,32.3013],[-86.3821,32.3804],[-86.4134,32.4594],[-86.4447,32.5385],[-86.4761,32.6175],[-86.5075,32.6965],[-86.539,32.7755],[-86.5706,32.8545],[-86.6022,32.9335],[-86.6338,33.0125],[-86.6656,33.0914],[-86.6973,33.1704],[-86.7292,33.2494],[-86.7611,33.3283],[-86.793,33.4073],[-86.825,33.4862],[-86.8571,33.5651],[-86.8892,33.644],[-86.8998,33.6701],[-86.9877,33.7102],[-87.0756,33.7501],[-87.1636,33.79],[-87.2517,33.8298],[-87.3399,33.8696],[-87.4273,33.9089],[-87.5156,33.9485],[-87.604,33.9881],[-87.6921,34.0273],[-87.7807,34.0668],[-87.8694,34.1061],[-87.9581,34.1454],[-88.047,34.1847],[-88.1359,34.2239],[-88.2249,34.263],[-88.314,34.302],[-88.4032,34.341],[-88.4924,34.3799],[-88.5818,34.4188],[-88.6712,34.4576],[-88.7607,34.4963],[-88.8503,34.535],[-88.94,34.5735],[-89.0297,34.6121],[-89.1196,34.6505],[-89.2095,34.6889],[-89.2995,34.7273],[-89.3896,34.7655],[-89.4798,34.8037],[-89.57,34.8419],[-89.6604,34.8799],[-89.7508,34.9179],[-89.8413,34.9558],[-89.9319,34.9937],[-89.9832,35.0151],[-90.059,35.0707],[-90.135,35.1262],[-90.211,35.1817],[-90.2872,35.2371],[-90.3634,35.2925],[-90.4398,35.3479],[-90.5162,35.4032],[-90.5928,35.4584],[-90.6695,35.5136],[-90.7462,35.5688],[-90.8231,35.6239],[-90.9001,35.6789],[-90.9772,35.7339],[-91.0544,35.7889],[-91.1317,35.8438],[-91.2091,35.8986],[-91.2866,35.9534],[-91.3643,36.0082],[-91.442,36.0629],[-91.5198,36.1175],[-91.5389,36.1309],[-91.6168,36.1855],[-91.6948,36.2402],[-91.7204,36.258],[-91.7987,36.3125],[-91.877,36.3669],[-91.9555,36.4213],[-92.034,36.4756],[-92.1127,36.5299],[-92.1915,36.5841],[-92.2704,36.6382],[-92.3494,36.6923],[-92.4285,36.7464],[-92.5077,36.8004],[-92.5871,36.8543],[-92.6665,36.9082],[-92.7461,36.9621],[-92.8258,37.0159],[-92.9056,37.0696],[-92.9855,37.1233],[-93.0655,37.1769],[-93.1456,37.2305],[-93.2259,37.284],[-93.3062,37.3375],[-93.3341,37.356],[-93.3854,37.4286],[-93.4368,37.5013],[-93.4883,37.5739],[-93.5399,37.6465],[-93.5916,37.7191],[-93.6434,37.7917],[-93.6954,37.8642],[-93.7474,37.9367],[-93.7995,38.0092],[-93.8517,38.0817],[-93.9041,38.1541],[-93.9403,38.2041],[-93.9927,38.2766],[-94.0422,38.3449],[-94.0949,38.4173],[-94.1477,38.4896],[-94.2007,38.5619],[-94.2537,38.6342],[-94.3068,38.7065],[-94.3601,38.7787],[-94.4135,38.8509],[-94.4669,38.9231],[-94.5205,38.9953],[-94.5742,39.0674],[-94.628,39.1396],[-94.6819,39.2117],[-94.7359,39.2837],[-94.7371,39.2853],[-94.777,39.3627],[-94.817,39.4401],[-94.8572,39.5174],[-94.8974,39.5948],[-94.9057,39.6108],[-94.946,39.6881],[-94.9865,39.7654],[-95.027,39.8427],[-95.0676,39.92],[-95.1083,39.9973],[-95.1491,40.0746],[-95.1899,40.1518],[-95.2309,40.229],[-95.272,40.3063],[-95.3131,40.3835],[-95.3544,40.4606],[-95.3957,40.5378],[-95.4372,40.615],[-95.4787,40.6921],[-95.5204,40.7692],[-95.5621,40.8463],[-95.6039,40.9234],[-95.6458,41.0005],[-95.6879,41.0776],[-95.73,41.1546],[-95.7369,41.1672]]}},{"type":"Feature","properties":{"ident":"J42","type":"CONV","run":1},"geometry":{"type":"LineString","coordinates":[[-102.9161,23.7339],[-102.9311,23.7903],[-102.9526,23.8713],[-102.9741,23.9522],[-102.9956,24.0332],[-103.0172,24.1142],[-103.0388,24.1951],[-103.0604,24.2761],[-103.0821,24.3571],[-103.1038,24.438],[-103.1255,24.519],[-103.1472,24.5999],[-103.169,24.6809],[-103.1889,24.7548],[-103.2107,24.8357],[-103.2326,24.9167],[-103.2545,24.9976],[-103.2764,25.0785],[-103.2983,25.1594],[-103.3203,25.2403],[-103.3423,25.3212],[-103.3643,25.4021],[-103.3863,25.4831],[-103.4084,25.564],[-103.4665,25.6051],[-103.5392,25.6565],[-103.612,25.7079],[-103.6849,25.7592],[-103.7578,25.8106],[-103.808,25.8459],[-103.881,25.8971],[-103.9541,25.9483],[-104.0273,25.9995],[-104.1005,26.0506],[-104.1738,26.1017],[-104.2471,26.1528],[-104.3205,26.2038],[-104.394,26.2548],[-104.4675,26.3058],[-104.5411,26.3567],[-104.6148,26.4076],[-104.6885,26.4584],[-104.7623,26.5092],[-104.8362,26.56],[-104.9101,26.6107],[-104.9841,26.6614],[-105.0582,26.7121],[-105.1323,26.7627],[-105.2065,26.8132],[-105.2807,26.8638],[-105.3551,26.9143],[-105.4295,26.9647],[-105.4238,26.9777],[-105.3901,27.0554],[-105.3563,27.1331],[-105.3224,27.2108],[-105.2886,27.2885],[-105.2546,27.3662],[-105.2206,27.4439],[-105.1866,27.5216],[-105.1525,27.5992],[-105.1184,27.6769],[-105.0842,27.7545],[-105.05,27.8321],[-105.0157,27.9098],[-104.9814,27.9874],[-104.947,28.065],[-104.9126,28.1426],[-104.8781,28.2202],[-104.8436,28.2978],[-104.8188,28.3535],[-104.7842,28.4311],[-104.7495,28.5087],[-104.7148,28.5862],[-104.68,28.6638],[-104.6452,28.7413],[-104.6103,28.8188],[-104.5754,28.8963],[-104.5405,28.9738],[-104.5054,29.0513],[-104.4704,29.1288],[-104.4352,29.2063],[-104.4,29.2838],[-104.3648,29.3612],[-104.3295,29.4387],[-104.2942,29.5161],[-104.2351,29.5817],[-104.1759,29.6472],[-104.1166,29.7127],[-104.0573,29.7782],[-103.9978,29.8437],[-103.9383,29.9091],[-103.8787,29.9745],[-103.8191,30.0399],[-103.7593,30.1053],[-103.6995,30.1706],[-103.6396,30.2359],[-103.5797,30.3012],[-103.5196,30.3664],[-103.4595,30.4316],[-103.3992,30.4968],[-103.339,30.562],[-103.2786,30.6271],[-103.2181,30.6922],[-103.1576,30.7573],[-103.0969,30.8224],[-103.0362,30.8874],[-102.9757,30.9521],[-102.8922,30.9948],[-102.8087,31.0374],[-102.7251,31.08],[-102.6413,31.1225],[-102.5576,31.1649],[-102.4737,31.2073],[-102.3898,31.2497],[-102.3058,31.2919],[-102.2217,31.3342],[-102.1375,31.3764],[-102.0533,31.4185],[-102.0222,31.434],[-101.9378,31.4761],[-101.8534,31.5181],[-101.769,31.56],[-101.6844,31.6019],[-101.5998,31.6437],[-101.515,31.6855],[-101.4302,31.7272],[-101.3454,31.7689],[-101.2604,31.8105],[-101.1754,31.852],[-101.0903,31.8935],[-101.0052,31.935],[-100.9199,31.9763],[-100.8346,32.0177],[-100.7492,32.0589],[-100.6637,32.1001],[-100.5781,32.1413],[-100.4925,32.1824],[-100.4068,32.2234],[-100.321,32.2644],[-100.2351,32.3053],[-100.1492,32.3462],[-100.0632,32.387],[-99.9771,32.4277],[-99.8909,32.4684],[-99.8635,32.4813],[-99.7665,32.4971],[-99.6694,32.5129],[-99.5724,32.5285],[-99.4753,32.5441],[-99.3781,32.5596],[-99.281,32.5751],[-99.1838,32.5904],[-99.0865,32.6057],[-98.9893,32.621],[-98.892,32.6361],[-98.7946,32.6512],[-98.6973,32.6661],[-98.5999,32.6811],[-98.5025,32.6959],[-98.405,32.7107],[-98.3075,32.7253],[-98.21,32.74],[-98.1124,32.7545],[-98.0148,32.769],[-97.9172,32.7833],[-97.8196,32.7976],[-97.7219,32.8119],[-97.6242,32.826],[-97.5264,32.8401],[-97.4286,32.8541],[-97.3308,32.8681],[-97.233,32.8819],[-97.1794,32.8895],[-97.0833,32.9101],[-96.9871,32.9306],[-96.8908,32.9511],[-96.7945,32.9715],[-96.6982,32.9918],[-96.6018,33.0121],[-96.5054,33.0323],[-96.4089,33.0524],[-96.3124,33.0724],[-96.2158,33.0924],[-96.1192,33.1123],[-96.0226,33.1321],[-95.9259,33.1518],[-95.8292,33.1715],[-95.7324,33.1911],[-95.6356,33.2106],[-95.5387,33.23],[-95.4418,33.2494],[-95.3449,33.2687],[-95.2479,33.2879],[-95.1508,33.307],[-95.0538,33.3261],[-94.9567,33.345],[-94.8595,33.364],[-94.7623,33.3828],[-94.665,33.4015],[-94.5678,33.4202],[-94.4704,33.4388],[-94.3731,33.4574],[-94.2757,33.4758],[-94.1782,33.4942],[-94.0807,33.5125],[-94.0732,33.5139]]}},{"type":"Feature","properties":{"ident":"J43","type":"CONV","run":1},"geometry":{"type":"LineString","coordinates":[[-83.8947,35.9048],[-83.9068,35.9876],[-83.919,36.0703],[-83.9311,36.1531],[-83.9433,36.2358],[-83.9555,36.3186],[-83.9677,36.4013],[-83.98,36.4841],[-83.9923,36.5668],[-84.0046,36.6496],[-84.0169,36.7323],[-84.0293,36.815],[-84.0417,36.8978],[-84.0505,36.9568],[-84.063,37.0395],[-84.0754,37.1222],[-84.0879,37.205],[-84.1005,37.2877],[-84.113,37.3704],[-84.1256,37.4532],[-84.1382,37.5359],[-84.1508,37.6186],[-84.1562,37.6541],[-84.1689,37.7368],[-84.1816,37.8196],[-84.1943,37.9023],[-84.2071,37.985],[-84.2199,38.0677],[-84.2327,38.1504],[-84.241,38.2042],[-84.2539,38.2869],[-84.2668,38.3697],[-84.2797,38.4524],[-84.2927,38.5351],[-84.3056,38.6178],[-84.3106,38.6494],[-84.2974,38.7321],[-84.2842,38.8148],[-84.2709,38.8975],[-84.2576,38.9802],[-84.2443,39.0629],[-84.2309,39.1456],[-84.2175,39.2283],[-84.2041,39.3109],[-84.1907,39.3936],[-84.1772,39.4763],[-84.1637,39.559],[-84.1501,39.6416],[-84.1365,39.7243],[-84.1229,39.807],[-84.1093,39.8896],[-84.0956,39.9723],[-84.0819,40.055],[-84.0682,40.1376],[-84.0544,40.2203],[-84.0431,40.2878],[-84.0169,40.3687],[-83.9906,40.4496],[-83.9643,40.5305],[-83.9379,40.6114],[-83.9114,40.6922],[-83.8849,40.7731],[-83.8583,40.854],[-83.8316,40.9348],[-83.8049,41.0157],[-83.7781,41.0965],[-83.7513,41.1774],[-83.7458,41.1939],[-83.7188,41.2748],[-83.6918,41.3556],[-83.6648,41.4364],[-83.6641,41.4385],[-83.6369,41.5193],[-83.6097,41.6001],[-83.6058,41.6117],[-83.5785,41.6925],[-83.5518,41.7714],[-83.5244,41.8522],[-83.4969,41.933],[-83.4962,41.9349],[-83.4686,42.0157],[-83.4576,42.048]]}},{"type":"Feature","properties":{"ident":"J44","type":"CONV","run":1},"geometry":{"type":"LineString","coordinates":[[-111.9702,33.433],[-111.9195,33.5048],[-111.8687,33.5766],[-111.8179,33.6484],[-111.7669,33.7201],[-111.7159,33.7918],[-111.6647,33.8635],[-111.6135,33.9352],[-111.5622,34.0068],[-111.5108,34.0785],[-111.4594,34.1501],[-111.4078,34.2217],[-111.3562,34.2932],[-111.3044,34.3648],[-111.2526,34.4363],[-111.2007,34.5078],[-111.1487,34.5793],[-111.0966,34.6507],[-111.0444,34.7222],[-110.9922,34.7936],[-110.9398,34.865],[-110.8874,34.9363],[-110.8348,35.0077],[-110.795,35.0616],[-110.7153,35.1134],[-110.6354,35.1652],[-110.5555,35.2169],[-110.4754,35.2685],[-110.3952,35.3201],[-110.315,35.3717],[-110.2346,35.4232],[-110.1541,35.4746],[-110.0736,35.526],[-110.0654,35.5312],[-109.9847,35.5826],[-109.9039,35.6338],[-109.8323,35.6792],[-109.7514,35.7303],[-109.6703,35.7814],[-109.5891,35.8325],[-109.5078,35.8835],[-109.4263,35.9345],[-109.3448,35.9854],[-109.2632,36.0362],[-109.1815,36.087],[-109.0997,36.1377],[-109.0177,36.1884],[-108.9357,36.239],[-108.8535,36.2896],[-108.7713,36.3401],[-108.6889,36.3905],[-108.6064,36.4409],[-108.5239,36.4913],[-108.4412,36.5416],[-108.3584,36.5918],[-108.2755,36.6419],[-108.1925,36.6921],[-108.1094,36.7421],[-108.0989,36.7484],[-108.0005,36.7754],[-107.902,36.8023],[-107.8035,36.8291],[-107.7049,36.8559],[-107.6062,36.8826],[-107.5074,36.9091],[-107.4086,36.9356],[-107.3097,36.9621],[-107.2108,36.9884],[-107.1117,37.0147],[-107.0126,37.0408],[-106.9135,37.0669],[-106.8142,37.093],[-106.7149,37.1189],[-106.6156,37.1447],[-106.5161,37.1705],[-106.4166,37.1962],[-106.3171,37.2218],[-106.2174,37.2473],[-106.1177,37.2727],[-106.018,37.2981],[-105.9181,37.3233],[-105.8182,37.3485],[-105.8155,37.3492],[-105.7885,37.4297],[-105.7614,37.5102],[-105.7342,37.5907],[-105.707,37.6712],[-105.6797,37.7517],[-105.6524,37.8321],[-105.6249,37.9126],[-105.5975,37.9931],[-105.57,38.0735],[-105.5424,38.154],[-105.5147,38.2344],[-105.487,38.3149],[-105.4592,38.3953],[-105.4314,38.4757],[-105.4035,38.5562],[-105.3873,38.6028],[-105.3365,38.6761],[-105.2856,38.7493],[-105.2346,38.8226],[-105.1835,38.8958],[-105.1323,38.969],[-105.0809,39.0421],[-105.0295,39.1153],[-104.978,39.1884],[-104.9263,39.2615],[-104.8746,39.3346],[-104.8227,39.4076],[-104.7708,39.4807],[-104.7187,39.5537],[-104.6665,39.6267],[-104.621,39.6901],[-104.5146,39.7056],[-104.4081,39.721],[-104.3016,39.7363],[-104.195,39.7515],[-104.0884,39.7665],[-103.9818,39.7815],[-103.8751,39.7964],[-103.7683,39.8112],[-103.6615,39.8259],[-103.5547,39.8405],[-103.4478,39.855],[-103.3409,39.8694],[-103.2339,39.8837],[-103.1269,39.8979],[-103.0198,39.912],[-102.9127,39.926],[-102.8056,39.9399],[-102.6984,39.9537],[-102.5911,39.9675],[-102.4839,39.9811],[-102.3766,39.9946],[-102.2692,40.008],[-102.1618,40.0213],[-102.0543,40.0345],[-101.9468,40.0476],[-101.8393,40.0607],[-101.7317,40.0736],[-101.6241,40.0864],[-101.5165,40.0991],[-101.4088,40.1117],[-101.3011,40.1243],[-101.1933,40.1367],[-101.0855,40.149],[-100.9776,40.1612],[-100.8697,40.1733],[-100.7618,40.1853],[-100.6539,40.1973],[-100.5942,40.2038],[-100.4888,40.2254],[-100.3834,40.2469],[-100.2779,40.2684],[-100.1723,40.2897],[-100.0666,40.3109],[-99.9609,40.3321],[-99.8551,40.3531],[-99.7493,40.3741],[-99.6433,40.3949],[-99.5374,40.4157],[-99.4313,40.4363],[-99.3252,40.4569],[-99.219,40.4773],[-99.1128,40.4977],[-99.0065,40.518],[-98.9001,40.5381],[-98.7937,40.5582],[-98.6872,40.5782],[-98.5806,40.5981],[-98.474,40.6178],[-98.3673,40.6375],[-98.2605,40.6571],[-98.1537,40.6766],[-98.0468,40.696],[-97.9399,40.7152],[-97.8329,40.7344],[-97.7258,40.7535],[-97.6187,40.7725],[-97.5115,40.7914],[-97.4043,40.8102],[-97.297,40.8289],[-97.1896,40.8475],[-97.0822,40.866],[-96.9747,40.8844],[-96.8671,40.9027],[-96.7595,40.9208],[-96.742,40.9238]]}},{"type":"Feature","properties":{"ident":"J45","type":"CONV","run":1},"geometry":{"type":"LineString","coordinates":[[-86.6848,36.137],[-86.76,36.1941],[-86.8353,36.2511],[-86.9107,36.3081],[-86.9862,36.365],[-87.0618,36.4219],[-87.1376,36.4788],[-87.2135,36.5356],[-87.2894,36.5923],[-87.3159,36.6121],[-87.3921,36.6688],[-87.4683,36.7254],[-87.5446,36.782],[-87.6211,36.8385],[-87.6977,36.895],[-87.7744,36.9515],[-87.8512,37.0078],[-87.9281,37.0642],[-88.0051,37.1205],[-88.0823,37.1767],[-88.1595,37.2329],[-88.2369,37.289],[-88.2562,37.303],[-88.3337,37.3591],[-88.4114,37.4151],[-88.4891,37.4711],[-88.567,37.527],[-88.645,37.5829],[-88.7011,37.623],[-88.7793,37.6788],[-88.8575,37.7346],[-88.9359,37.7903],[-88.9632,37.8096],[-89.0418,37.8652],[-89.1205,37.9207],[-89.1993,37.9763],[-89.2782,38.0317],[-89.3573,38.0871],[-89.4365,38.1424],[-89.5158,38.1977],[-89.5952,38.253],[-89.6747,38.3082],[-89.7544,38.3633],[-89.8342,38.4184],[-89.9141,38.4734],[-89.9941,38.5284],[-90.0743,38.5833],[-90.1545,38.6381],[-90.2349,38.6929],[-90.3154,38.7477],[-90.3961,38.8024],[-90.4769,38.857],[-90.4824,38.8607],[-90.5659,38.9128],[-90.6496,38.9649],[-90.7334,39.0168],[-90.8173,39.0688],[-90.9013,39.1206],[-90.9855,39.1724],[-91.0698,39.2242],[-91.1542,39.2758],[-91.2388,39.3275],[-91.3234,39.379],[-91.4082,39.4305],[-91.4931,39.4819],[-91.5782,39.5333],[-91.6633,39.5846],[-91.7486,39.6359],[-91.834,39.687],[-91.9196,39.7382],[-92.0053,39.7892],[-92.0911,39.8402],[-92.177,39.8912],[-92.263,39.942],[-92.3492,39.9928],[-92.4355,40.0436],[-92.522,40.0942],[-92.5917,40.135],[-92.6483,40.2063],[-92.7049,40.2775],[-92.7617,40.3487],[-92.8186,40.4199],[-92.8757,40.491],[-92.9328,40.5621],[-92.9901,40.6332],[-93.0475,40.7042],[-93.105,40.7753],[-93.1627,40.8463],[-93.2204,40.9172],[-93.2783,40.9882],[-93.3363,41.0591],[-93.3945,41.13],[-93.4527,41.2008],[-93.5111,41.2716],[-93.5696,41.3424],[-93.6283,41.4132],[-93.6486,41.4376],[-93.7275,41.4964],[-93.8065,41.555],[-93.8857,41.6137],[-93.965,41.6722],[-94.0445,41.7307],[-94.1241,41.7892],[-94.2038,41.8476],[-94.2837,41.9059],[-94.3638,41.9642],[-94.444,42.0225],[-94.5243,42.0806],[-94.6048,42.1388],[-94.6855,42.1968],[-94.7662,42.2548],[-94.8472,42.3128],[-94.9283,42.3707],[-95.0095,42.4285],[-95.0194,42.4356],[-95.1008,42.4933],[-95.1824,42.551],[-95.2641,42.6087],[-95.3459,42.6663],[-95.428,42.7238],[-95.5101,42.7813],[-95.5925,42.8387],[-95.6749,42.8961],[-95.7576,42.9534],[-95.8404,43.0106],[-95.9233,43.0678],[-96.0064,43.1249],[-96.0896,43.182],[-96.173,43.2389],[-96.2566,43.2959],[-96.3403,43.3528],[-96.4242,43.4096],[-96.5082,43.4663],[-96.5924,43.523],[-96.6767,43.5796],[-96.7613,43.6362],[-96.7811,43.6495],[-96.8424,43.7201],[-96.9037,43.7907],[-96.9652,43.8612],[-97.0269,43.9317],[-97.0887,44.0022],[-97.1506,44.0726],[-97.2127,44.143],[-97.275,44.2133],[-97.3374,44.2837],[-97.3999,44.354],[-97.4626,44.4242],[-97.5255,44.4945],[-97.5885,44.5647],[-97.6516,44.6348],[-97.7149,44.7049],[-97.7784,44.775],[-97.842,44.8451],[-97.9057,44.9151],[-97.9697,44.9851],[-98.0337,45.055],[-98.098,45.1249],[-98.1624,45.1948],[-98.2269,45.2646],[-98.2916,45.3344],[-98.3565,45.4042],[-98.3687,45.4174]]}},{"type":"Feature","properties":{"ident":"J46","type":"CONV","run":1},"geometry":{"type":"LineString","coordinates":[[-95.7881,36.1963],[-95.6848,36.1965],[-95.5816,36.1966],[-95.4783,36.1966],[-95.3751,36.1965],[-95.2718,36.1963],[-95.1685,36.1961],[-95.0653,36.1957],[-94.962,36.1953],[-94.8588,36.1948],[-94.7555,36.1942],[-94.6523,36.1935],[-94.549,36.1927],[-94.4458,36.1918],[-94.3425,36.1909],[-94.2393,36.1898],[-94.136,36.1887],[-94.0328,36.1875],[-93.9296,36.1862],[-93.8263,36.1847],[-93.7231,36.1833],[-93.6199,36.1817],[-93.5167,36.18],[-93.4135,36.1782],[-93.3102,36.1764],[-93.207,36.1745],[-93.1038,36.1724],[-93.0007,36.1703],[-92.8975,36.1681],[-92.7943,36.1658],[-92.6911,36.1635],[-92.5879,36.161],[-92.4848,36.1584],[-92.3816,36.1558],[-92.2785,36.1531],[-92.1753,36.1502],[-92.0722,36.1473],[-91.9691,36.1443],[-91.866,36.1412],[-91.7628,36.1381],[-91.6597,36.1348],[-91.6267,36.1337],[-91.5389,36.1309],[-91.4358,36.1274],[-91.3328,36.1239],[-91.2297,36.1202],[-91.1266,36.1165],[-91.0236,36.1127],[-90.9537,36.11],[-90.8506,36.1125],[-90.7475,36.1148],[-90.6444,36.1171],[-90.5412,36.1192],[-90.4381,36.1213],[-90.335,36.1233],[-90.2709,36.1245],[-90.1678,36.1264],[-90.0861,36.1278],[-89.9829,36.1295],[-89.8798,36.1311],[-89.7766,36.1326],[-89.6735,36.134],[-89.5703,36.1354],[-89.4671,36.1366],[-89.364,36.1378],[-89.2608,36.1388],[-89.1576,36.1398],[-89.0544,36.1407],[-88.9513,36.1415],[-88.8481,36.1422],[-88.7449,36.1429],[-88.6417,36.1434],[-88.5633,36.1438],[-88.4601,36.1441],[-88.3569,36.1444],[-88.2538,36.1447],[-88.1506,36.1448],[-88.0474,36.1448],[-87.9442,36.1448],[-87.841,36.1446],[-87.7378,36.1444],[-87.6346,36.1441],[-87.5314,36.1437],[-87.4282,36.1432],[-87.325,36.1426],[-87.2219,36.1419],[-87.1187,36.1411],[-87.0155,36.1403],[-86.9123,36.1394],[-86.8091,36.1383],[-86.706,36.1372],[-86.6848,36.137],[-86.582,36.1296],[-86.4793,36.1221],[-86.3765,36.1146],[-86.2738,36.1069],[-86.1711,36.0992],[-86.0684,36.0914],[-85.9658,36.0835],[-85.8632,36.0755],[-85.7606,36.0674],[-85.658,36.0592],[-85.5554,36.051],[-85.4564,36.0429],[-85.3539,36.0345],[-85.2514,36.026],[-85.1489,36.0174],[-85.0464,36.0087],[-84.944,35.9999],[-84.8416,35.991],[-84.7392,35.9821],[-84.6368,35.9731],[-84.5345,35.9639],[-84.4322,35.9547],[-84.3299,35.9454],[-84.2276,35.936],[-84.1254,35.9265],[-84.0231,35.917],[-83.921,35.9073],[-83.8947,35.9048]]}},{"type":"Feature","properties":{"ident":"J478","type":"CONV","run":1},"geometry":{"type":"LineString","coordinates":[[-106.6254,48.2153],[-106.7415,48.2464],[-106.8577,48.2773],[-106.9741,48.3082],[-107.0906,48.3389],[-107.2072,48.3695],[-107.324,48.4],[-107.4409,48.4303],[-107.558,48.4606],[-107.6752,48.4907],[-107.7925,48.5207],[-107.91,48.5506],[-108.0276,48.5804],[-108.1453,48.61],[-108.2632,48.6395],[-108.3813,48.6689],[-108.4994,48.6982],[-108.6177,48.7274],[-108.7362,48.7564],[-108.8547,48.7854],[-108.9734,48.8142],[-109.0923,48.8428],[-109.2113,48.8714],[-109.3304,48.8998],[-109.4496,48.9281],[-109.569,48.9563],[-109.6886,48.9844],[-109.755,48.9999],[-109.9349,49.0417],[-110.115,49.0832],[-110.2954,49.1245],[-110.4762,49.1654],[-110.6572,49.2061],[-110.8385,49.2465],[-111.0201,49.2866],[-111.2021,49.3264],[-111.3843,49.3659],[-111.5668,49.4051],[-111.7495,49.4441],[-111.9326,49.4827],[-112.116,49.5211],[-112.2996,49.5591],[-112.4836,49.5969],[-112.6678,49.6344]]}},{"type":"Feature","properties":{"ident":"J48","type":"CONV","run":1},"geometry":{"type":"LineString","coordinates":[[-75.0277,40.5597],[-75.1122,40.5066],[-75.1965,40.4534],[-75.2807,40.4001],[-75.3647,40.3468],[-75.4487,40.2934],[-75.5325,40.24],[-75.5603,40.2222],[-75.6514,40.1765],[-75.7425,40.1307],[-75.8187,40.0922],[-75.9095,40.0462],[-76.0002,40.0002],[-76.0762,39.9615],[-76.1667,39.9153],[-76.1825,39.9072],[-76.2729,39.861],[-76.3631,39.8146],[-76.4532,39.7682],[-76.5431,39.7218],[-76.633,39.6752],[-76.7227,39.6286],[-76.8123,39.582],[-76.9018,39.5352],[-76.9786,39.495],[-77.0467,39.4304],[-77.1147,39.3657],[-77.1826,39.301],[-77.2504,39.2363],[-77.318,39.1715],[-77.3855,39.1067],[-77.4529,39.0418],[-77.5202,38.9769],[-77.5873,38.912],[-77.6543,38.847],[-77.7212,38.782],[-77.788,38.7169],[-77.8546,38.6518],[-77.8655,38.6412],[-77.9508,38.5912],[-78.036,38.5411],[-78.1211,38.491],[-78.206,38.4408],[-78.2909,38.3906],[-78.3756,38.3403],[-78.4602,38.2899],[-78.5447,38.2395],[-78.6291,38.189],[-78.7133,38.1384],[-78.7975,38.0878],[-78.8815,38.0371],[-78.9654,37.9864],[-79.0492,37.9356],[-79.1069,37.9005]]}},{"type":"Feature","properties":{"ident":"J484","type":"CONV","run":1},"geometry":{"type":"LineString","coordinates":[[-77.8203,48.1753],[-77.7515,48.1057],[-77.6829,48.0362],[-77.6144,47.9665],[-77.5462,47.8969],[-77.4781,47.8272],[-77.4102,47.7574],[-77.3425,47.6876],[-77.275,47.6178],[-77.2077,47.548],[-77.1817,47.521]]}},{"type":"Feature","properties":{"ident":"J49","type":"CONV","run":1},"geometry":{"type":"LineString","coordinates":[[-77.9927,40.9163],[-77.8978,40.9587],[-77.8027,41.0011],[-77.7076,41.0434],[-77.6123,41.0856],[-77.5169,41.1277],[-77.4291,41.1663],[-77.3335,41.2083],[-77.2377,41.2502],[-77.1418,41.2921],[-77.0458,41.3338],[-76.9497,41.3755],[-76.8534,41.4171],[-76.757,41.4586],[-76.6605,41.5],[-76.5965,41.5274],[-76.4998,41.5687],[-76.4029,41.6099],[-76.306,41.651],[-76.2225,41.6863],[-76.1253,41.7272],[-76.028,41.7681],[-75.9511,41.8003],[-75.8536,41.8411],[-75.7559,41.8817],[-75.6581,41.9223],[-75.6126,41.9411],[-75.5146,41.9816],[-75.4165,42.0219],[-75.3183,42.0622],[-75.3163,42.0631],[-75.221,42.1072],[-75.1256,42.1512],[-75.0301,42.1952],[-74.9344,42.239],[-74.8387,42.2828],[-74.7427,42.3265],[-74.6467,42.3702],[-74.5505,42.4137],[-74.4541,42.4572],[-74.3577,42.5006],[-74.2611,42.5439],[-74.1644,42.5871],[-74.0675,42.6303],[-73.9705,42.6733],[-73.8734,42.7163],[-73.8032,42.7473],[-73.7071,42.7916],[-73.6108,42.8359],[-73.5144,42.8801],[-73.4179,42.9242],[-73.3212,42.9682],[-73.2244,43.0121],[-73.1275,43.056],[-73.0304,43.0997],[-72.9332,43.1434],[-72.8358,43.187],[-72.7383,43.2305],[-72.6407,43.274],[-72.5429,43.3173],[-72.4482,43.3592],[-72.3502,43.4024],[-72.252,43.4455],[-72.1536,43.4885],[-72.0552,43.5314],[-71.9565,43.5743],[-71.8578,43.6171],[-71.7589,43.6597],[-71.6599,43.7023],[-71.5607,43.7448],[-71.4836,43.7778],[-71.3842,43.8201],[-71.2846,43.8624],[-71.1849,43.9046],[-71.085,43.9467],[-70.985,43.9887],[-70.8849,44.0306],[-70.7846,44.0724],[-70.6842,44.1142],[-70.5837,44.1558],[-70.483,44.1974],[-70.3821,44.2389],[-70.2811,44.2803],[-70.18,44.3216],[-70.0787,44.3628],[-69.9773,44.4039],[-69.8846,44.4414],[-69.7829,44.4823],[-69.681,44.5232],[-69.5791,44.5639],[-69.4769,44.6046],[-69.3747,44.6452],[-69.2723,44.6857],[-69.1697,44.7261],[-69.0671,44.7664],[-68.9642,44.8066],[-68.874,44.8418],[-68.8427,44.9221],[-68.8113,45.0024],[-68.7798,45.0828],[-68.7482,45.163],[-68.7166,45.2433],[-68.6848,45.3236],[-68.653,45.4039],[-68.6211,45.4842],[-68.589,45.5644],[-68.5569,45.6447],[-68.5247,45.7249],[-68.4924,45.8051],[-68.4601,45.8853],[-68.4276,45.9655],[-68.395,46.0457],[-68.3623,46.1259],[-68.3296,46.2061],[-68.2967,46.2863],[-68.2638,46.3664],[-68.2307,46.4466],[-68.1976,46.5267],[-68.1643,46.6069],[-68.131,46.687],[-68.0975,46.7671],[-68.0945,46.7742]]}},{"type":"Feature","properties":{"ident":"J5","type":"CONV","run":1},"geometry":{"type":"LineString","coordinates":[[-118.432,33.9332],[-118.446,34.0157],[-118.4599,34.0982],[-118.4739,34.1807],[-118.4879,34.2632],[-118.5019,34.3458],[-118.516,34.4283],[-118.5301,34.5108],[-118.5442,34.5933],[-118.5584,34.6758],[-118.5725,34.7583],[-118.5868,34.8408],[-118.601,34.9234],[-118.6152,35.0059],[-118.6164,35.0124],[-118.6813,35.0766],[-118.7463,35.1407],[-118.8115,35.2048],[-118.8767,35.2689],[-118.9421,35.333],[-119.0075,35.397],[-119.073,35.4609],[-119.0973,35.4846],[-119.1082,35.5674],[-119.119,35.6503],[-119.1299,35.7331],[-119.1409,35.816],[-119.1518,35.8989],[-119.1628,35.9817],[-119.1738,36.0646],[-119.1848,36.1474],[-119.1958,36.2303],[-119.2069,36.3131],[-119.2179,36.396],[-119.229,36.4788],[-119.2402,36.5617],[-119.2513,36.6445],[-119.2625,36.7274],[-119.272,36.7978],[-119.2833,36.8807],[-119.2945,36.9635],[-119.3058,37.0464],[-119.3171,37.1292],[-119.3284,37.212],[-119.3398,37.2949],[-119.3511,37.3777],[-119.3625,37.4606],[-119.374,37.5434],[-119.3854,37.6262],[-119.3969,37.7091],[-119.4084,37.7919],[-119.4199,37.8747],[-119.428,37.933],[-119.4396,38.0158],[-119.4512,38.0986],[-119.4628,38.1814],[-119.4745,38.2643],[-119.4845,38.3358],[-119.4962,38.4186],[-119.508,38.5014],[-119.5197,38.5842],[-119.5269,38.6347],[-119.5387,38.7175],[-119.5505,38.8004],[-119.5624,38.8832],[-119.5742,38.966],[-119.5862,39.0488],[-119.5981,39.1316],[-119.6101,39.2144],[-119.622,39.2972],[-119.6341,39.3801],[-119.6461,39.4629],[-119.6561,39.5313],[-119.6785,39.6128],[-119.701,39.6943],[-119.7235,39.7758],[-119.746,39.8573],[-119.756,39.8933],[-119.7787,39.9748],[-119.8013,40.0563],[-119.8241,40.1378],[-119.8469,40.2193],[-119.8697,40.3007],[-119.8927,40.3822],[-119.9156,40.4637],[-119.9386,40.5452],[-119.9617,40.6266],[-119.9849,40.7081],[-120.008,40.7896],[-120.0213,40.8359],[-120.0446,40.9173],[-120.0679,40.9988],[-120.0914,41.0802],[-120.1137,41.1576],[-120.1372,41.239],[-120.1608,41.3205],[-120.1844,41.4019],[-120.2081,41.4833],[-120.2319,41.5647],[-120.2557,41.6461],[-120.2796,41.7275],[-120.3035,41.8089],[-120.3275,41.8903],[-120.3515,41.9717],[-120.3757,42.0531],[-120.3998,42.1344],[-120.4241,42.2158],[-120.4484,42.2972],[-120.4728,42.3785],[-120.4972,42.4599],[-120.5071,42.4928],[-120.5342,42.5738],[-120.5613,42.6547],[-120.5885,42.7356],[-120.6158,42.8164],[-120.6431,42.8973],[-120.6705,42.9782],[-120.698,43.0591],[-120.7256,43.1399],[-120.7532,43.2208],[-120.7809,43.3016],[-120.8087,43.3825],[-120.8366,43.4633],[-120.8645,43.5442],[-120.8925,43.625],[-120.9206,43.7058],[-120.9487,43.7866],[-120.977,43.8674],[-121.0053,43.9482],[-121.0337,44.029],[-121.0621,44.1098],[-121.0865,44.1787],[-121.1151,44.2595],[-121.1438,44.3402],[-121.1725,44.421],[-121.2014,44.5017],[-121.2303,44.5825],[-121.2593,44.6632],[-121.2884,44.7439],[-121.3176,44.8247],[-121.3468,44.9054],[-121.3762,44.9861],[-121.4056,45.0668],[-121.4351,45.1475],[-121.4647,45.2281],[-121.4943,45.3088],[-121.5241,45.3895],[-121.5539,45.4701],[-121.5838,45.5508],[-121.6139,45.6314],[-121.644,45.712],[-121.6741,45.7927],[-121.7044,45.8733],[-121.7348,45.9539],[-121.7652,46.0345],[-121.7957,46.1151],[-121.8264,46.1957],[-121.8571,46.2763],[-121.8879,46.3568],[-121.9188,46.4374],[-121.9498,46.5179],[-121.9808,46.5985],[-121.9883,46.6179],[-122.0195,46.6984],[-122.0508,46.7789],[-122.0822,46.8594],[-122.1062,46.9207],[-122.1377,47.0012],[-122.1694,47.0817],[-122.2011,47.1621],[-122.2329,47.2426],[-122.2649,47.3231],[-122.2969,47.4035],[-122.3096,47.4354],[-122.3488,47.5144],[-122.388,47.5934],[-122.4273,47.6724],[-122.4668,47.7514],[-122.5064,47.8304],[-122.5461,47.9093],[-122.586,47.9883],[-122.6259,48.0672],[-122.666,48.1461],[-122.7062,48.225],[-122.7465,48.3039],[-122.787,48.3828],[-122.8276,48.4616],[-122.8683,48.5405],[-122.9091,48.6193],[-122.9501,48.6981],[-122.9912,48.7769],[-123.0085,48.8101],[-123.024,48.8397],[-123.0653,48.9185],[-123.1068,48.9973],[-123.1093,49.0021],[-123.1491,49.0773]]}},{"type":"Feature","properties":{"ident":"J50","type":"CONV","run":1},"geometry":{"type":"LineString","coordinates":[[-119.0973,35.4846],[-119.0317,35.4206],[-118.9662,35.3566],[-118.9009,35.2926],[-118.8356,35.2285],[-118.7704,35.1645],[-118.7054,35.1003],[-118.6404,35.0362],[-118.6164,35.0124],[-118.5516,34.9482],[-118.4868,34.884],[-118.4222,34.8197],[-118.3577,34.7554],[-118.2933,34.691],[-118.229,34.6266],[-118.1648,34.5622],[-118.1006,34.4978],[-118.0366,34.4333],[-118.0259,34.4224],[-117.962,34.3579],[-117.8982,34.2934],[-117.8344,34.2288],[-117.7708,34.1642],[-117.7073,34.0995],[-117.6439,34.0348],[-117.5806,33.9701],[-117.53,33.9183],[-117.4297,33.9143],[-117.3294,33.9103],[-117.2291,33.9061],[-117.1289,33.9019],[-117.0286,33.8975],[-116.9284,33.8931],[-116.8281,33.8887],[-116.7279,33.8841],[-116.6277,33.8794],[-116.5275,33.8747],[-116.4298,33.87],[-116.3312,33.8545],[-116.2326,33.8388],[-116.1341,33.8231],[-116.0356,33.8073],[-115.9372,33.7914],[-115.8388,33.7754],[-115.7404,33.7594],[-115.6421,33.7433],[-115.5438,33.7271],[-115.5267,33.7243],[-115.4284,33.7081],[-115.3302,33.6918],[-115.232,33.6755],[-115.1338,33.6591],[-115.0357,33.6426],[-114.9376,33.6261],[-114.8396,33.6094],[-114.7613,33.5961],[-114.6618,33.5873],[-114.5624,33.5784],[-114.4629,33.5695],[-114.3635,33.5604],[-114.2641,33.5513],[-114.1647,33.5421],[-114.0654,33.5329],[-113.966,33.5235],[-113.8889,33.5162],[-113.7896,33.5067],[-113.6903,33.4971],[-113.5911,33.4875],[-113.4918,33.4777],[-113.3926,33.4679],[-113.3489,33.4636],[-113.2745,33.4081],[-113.2001,33.3525],[-113.1258,33.2969],[-113.0517,33.2412],[-112.9776,33.1855],[-112.9036,33.1298],[-112.8297,33.074],[-112.7559,33.0182],[-112.6822,32.9623],[-112.6743,32.9563],[-112.5755,32.9475],[-112.4768,32.9386],[-112.3781,32.9296],[-112.2794,32.9205],[-112.1807,32.9114],[-112.0821,32.9022],[-111.9835,32.8929],[-111.9087,32.8859],[-111.8128,32.8646],[-111.7169,32.8433],[-111.6422,32.8266],[-111.5464,32.8052],[-111.4506,32.7837],[-111.3549,32.7621],[-111.2592,32.7404],[-111.1636,32.7187],[-111.068,32.6969],[-110.9725,32.675],[-110.877,32.653],[-110.7816,32.631],[-110.6862,32.6089],[-110.5908,32.5867],[-110.5898,32.5865],[-110.4945,32.5642],[-110.3992,32.5419],[-110.304,32.5195],[-110.2089,32.4971],[-110.1138,32.4745],[-110.0187,32.4519],[-109.9237,32.4292],[-109.8287,32.4065],[-109.7338,32.3837],[-109.639,32.3608],[-109.5441,32.3378],[-109.4494,32.3148],[-109.3546,32.2917],[-109.2631,32.2693],[-109.168,32.2475],[-109.0729,32.2258],[-108.9778,32.2039],[-108.8828,32.182],[-108.7879,32.16],[-108.693,32.1379],[-108.5981,32.1158],[-108.5033,32.0936],[-108.4085,32.0713],[-108.3138,32.049],[-108.2191,32.0266],[-108.1245,32.0041],[-108.0299,31.9815],[-107.9353,31.9589],[-107.8409,31.9362],[-107.7789,31.9213],[-107.681,31.9149],[-107.5832,31.9085],[-107.4853,31.902],[-107.3875,31.8955],[-107.2896,31.8888],[-107.1918,31.8821],[-107.094,31.8753],[-106.9962,31.8684],[-106.8984,31.8615],[-106.8007,31.8544],[-106.7029,31.8473],[-106.6052,31.8402],[-106.5075,31.8329],[-106.4098,31.8256],[-106.3121,31.8182],[-106.2819,31.8159],[-106.184,31.8115],[-106.0861,31.807],[-105.9881,31.8024],[-105.8903,31.7978],[-105.7924,31.7931],[-105.6945,31.7883],[-105.5966,31.7834],[-105.4988,31.7784],[-105.4009,31.7734],[-105.3031,31.7683],[-105.2053,31.7632],[-105.1075,31.7579],[-105.0438,31.7545],[-104.9461,31.7616],[-104.8485,31.7687],[-104.7508,31.7758],[-104.6531,31.7827],[-104.5554,31.7896],[-104.4577,31.7964],[-104.36,31.8032],[-104.2622,31.8098],[-104.1645,31.8164],[-104.0667,31.8229],[-103.9689,31.8294],[-103.8711,31.8357],[-103.7733,31.842],[-103.6755,31.8482],[-103.5777,31.8544],[-103.4798,31.8605],[-103.382,31.8664],[-103.2841,31.8724],[-103.2438,31.8748],[-103.1481,31.8933],[-103.0524,31.9117],[-102.9566,31.9301],[-102.8608,31.9484],[-102.765,31.9667],[-102.6691,31.9848],[-102.5732,32.0029],[-102.4773,32.0209],[-102.3813,32.0389],[-102.2852,32.0567],[-102.1892,32.0745],[-102.0931,32.0923],[-101.9969,32.1099],[-101.9008,32.1275],[-101.8046,32.145],[-101.7083,32.1624],[-101.612,32.1798],[-101.5157,32.1971],[-101.4194,32.2143],[-101.323,32.2315],[-101.2265,32.2485],[-101.1301,32.2655],[-101.0336,32.2825],[-100.937,32.2993],[-100.8404,32.3161],[-100.7438,32.3328],[-100.6472,32.3494],[-100.5505,32.366],[-100.4538,32.3825],[-100.357,32.3989],[-100.2603,32.4152],[-100.1634,32.4315],[-100.0666,32.4476],[-99.9697,32.4638],[-99.8728,32.4798],[-99.8635,32.4813],[-99.7705,32.4532],[-99.6776,32.4249],[-99.5848,32.3966],[-99.492,32.3682],[-99.3993,32.3398],[-99.3066,32.3113],[-99.214,32.2827],[-99.1215,32.254],[-99.029,32.2253],[-98.9366,32.1965],[-98.8442,32.1677],[-98.7519,32.1387],[-98.6597,32.1097],[-98.5675,32.0807],[-98.4753,32.0516],[-98.3833,32.0224],[-98.2913,31.9931],[-98.1993,31.9638],[-98.119,31.9381],[-98.0271,31.9087],[-97.9354,31.8791],[-97.8436,31.8496],[-97.752,31.8199],[-97.6604,31.7902],[-97.5688,31.7604],[-97.4773,31.7305],[-97.3859,31.7006],[-97.2946,31.6706],[-97.269,31.6622],[-97.1734,31.6445],[-97.0777,31.6267],[-96.9822,31.6089],[-96.8866,31.5909],[-96.7911,31.5729],[-96.6956,31.5549],[-96.6002,31.5367],[-96.5147,31.5204],[-96.4194,31.5021],[-96.324,31.4837],[-96.2287,31.4653],[-96.1335,31.4468],[-96.0383,31.4282],[-95.9431,31.4096],[-95.848,31.3909],[-95.7529,31.3721],[-95.6614,31.354],[-95.5664,31.3351],[-95.4714,31.3161],[-95.3765,31.297],[-95.2816,31.2779],[-95.1867,31.2587],[-95.0919,31.2394],[-94.9971,31.2201],[-94.9023,31.2007],[-94.8076,31.1812],[-94.7168,31.1624],[-94.6196,31.1674],[-94.5224,31.1722],[-94.4252,31.177],[-94.4092,31.1778],[-94.3119,31.1825],[-94.2147,31.1871],[-94.1174,31.1917],[-94.0201,31.1962],[-93.9662,31.1987],[-93.8689,31.203],[-93.7716,31.2073],[-93.6743,31.2116],[-93.577,31.2157],[-93.5235,31.218],[-93.4262,31.222],[-93.3289,31.226],[-93.2315,31.2299],[-93.1342,31.2337],[-93.0368,31.2374],[-92.9394,31.2411],[-92.8421,31.2447],[-92.7447,31.2482],[-92.6473,31.2517],[-92.5499,31.2551],[-92.501,31.2567],[-92.4036,31.2596],[-92.3061,31.2624],[-92.2087,31.2652],[-92.1113,31.2678],[-92.0138,31.2704],[-91.9164,31.2729],[-91.8189,31.2754],[-91.7214,31.2777],[-91.624,31.28],[-91.5265,31.2823],[-91.429,31.2844],[-91.3316,31.2865],[-91.2341,31.2885],[-91.1366,31.2904],[-91.0391,31.2923],[-90.9416,31.294],[-90.8441,31.2958],[-90.7466,31.2974],[-90.6491,31.2989],[-90.5516,31.3004],[-90.4541,31.3018],[-90.3566,31.3032],[-90.2591,31.3044],[-90.2582,31.3045],[-90.1616,31.2929],[-90.0651,31.2813],[-89.9685,31.2696],[-89.872,31.2578],[-89.7755,31.246],[-89.6791,31.2341],[-89.5826,31.2221],[-89.4862,31.2101],[-89.3898,31.1979],[-89.2935,31.1857],[-89.1971,31.1735],[-89.1008,31.1611],[-89.0045,31.1487],[-88.9083,31.1362],[-88.812,31.1237],[-88.7158,31.1111],[-88.6196,31.0984],[-88.5235,31.0856],[-88.4273,31.0727],[-88.3312,31.0598],[-88.2352,31.0469],[-88.1391,31.0338],[-88.0431,31.0207],[-87.9471,31.0075],[-87.8511,30.9942],[-87.7551,30.9809],[-87.6592,30.9675],[-87.5633,30.954],[-87.4675,30.9404],[-87.3716,30.9268],[-87.2758,30.9131],[-87.18,30.8994],[-87.0843,30.8855],[-86.9885,30.8716],[-86.8928,30.8576],[-86.7971,30.8436],[-86.7015,30.8295],[-86.6791,30.8262]]}},{"type":"Feature","properties":{"ident":"J501","type":"CONV","run":1},"geometry":{"type":"LineString","coordinates":[[-119.771,34.5095],[-119.8385,34.5716],[-119.9062,34.6336],[-119.9739,34.6956],[-120.0417,34.7575],[-120.1096,34.8194],[-120.1777,34.8813],[-120.2458,34.9431],[-120.3141,35.0049],[-120.3824,35.0666],[-120.4508,35.1283],[-120.5194,35.19],[-120.588,35.2516],[-120.6565,35.3129],[-120.7253,35.3745],[-120.7943,35.436],[-120.8317,35.4693],[-120.9008,35.5307],[-120.97,35.5921],[-121.0394,35.6535],[-121.1088,35.7148],[-121.1784,35.7761],[-121.2481,35.8374],[-121.3178,35.8986],[-121.3877,35.9597],[-121.4577,36.0209],[-121.5278,36.082],[-121.598,36.143],[-121.6421,36.1813],[-121.6888,36.2556],[-121.7356,36.3299],[-121.7825,36.4042],[-121.8295,36.4785],[-121.8765,36.5527],[-121.9237,36.627],[-121.9709,36.7012],[-122.0183,36.7754],[-122.0657,36.8496],[-122.1132,36.9237],[-122.1608,36.9979],[-122.2085,37.072],[-122.2563,37.1461],[-122.3042,37.2202],[-122.3522,37.2942],[-122.4003,37.3683],[-122.4484,37.4423],[-122.4967,37.5163],[-122.5451,37.5903],[-122.5935,37.6642],[-122.6421,37.7382],[-122.6908,37.8121],[-122.7395,37.886],[-122.7884,37.9599],[-122.8373,38.0338],[-122.8678,38.0798],[-122.8686,38.1631],[-122.8694,38.2464],[-122.8703,38.3297],[-122.8711,38.4131],[-122.8719,38.4964],[-122.8727,38.5797],[-122.8735,38.6631],[-122.8743,38.7464],[-122.8751,38.8297],[-122.8759,38.913],[-122.8768,38.9964],[-122.8776,39.0797],[-122.8778,39.0974],[-122.8786,39.1807],[-122.8794,39.2641],[-122.8802,39.3474],[-122.8811,39.4307],[-122.8819,39.5141],[-122.8827,39.5974],[-122.8836,39.6807],[-122.8844,39.764],[-122.8853,39.8474],[-122.8861,39.9307],[-122.8869,40.014],[-122.8878,40.0973],[-122.8886,40.1807],[-122.8895,40.264],[-122.8903,40.3473],[-122.8912,40.4307],[-122.8921,40.514],[-122.8929,40.5973],[-122.8938,40.6806],[-122.8946,40.764],[-122.8955,40.8473],[-122.8964,40.9306],[-122.8973,41.0139],[-122.8981,41.0973],[-122.899,41.1806],[-122.8999,41.2639],[-122.9008,41.3473],[-122.9016,41.4306],[-122.9025,41.5139],[-122.9034,41.5972],[-122.9043,41.6806],[-122.9052,41.7639],[-122.9061,41.8472],[-122.907,41.9305],[-122.9079,42.0139],[-122.9088,42.0972],[-122.9097,42.1805],[-122.9106,42.2639],[-122.9115,42.3472],[-122.9124,42.4305],[-122.9129,42.4796],[-122.9339,42.5615],[-122.955,42.6433],[-122.9761,42.7252],[-122.9973,42.8071],[-123.0185,42.8889],[-123.0397,42.9708],[-123.0611,43.0527],[-123.0825,43.1345],[-123.1039,43.2164],[-123.1254,43.2982],[-123.147,43.3801],[-123.1686,43.4619],[-123.1903,43.5437],[-123.212,43.6256],[-123.2338,43.7074],[-123.2556,43.7892],[-123.2776,43.871],[-123.2995,43.9528],[-123.3216,44.0346],[-123.3437,44.1164],[-123.3658,44.1982],[-123.388,44.28],[-123.4103,44.3618],[-123.4327,44.4436],[-123.4551,44.5254],[-123.4775,44.6072],[-123.5001,44.6889],[-123.5227,44.7707],[-123.5453,44.8525],[-123.568,44.9342],[-123.5908,45.016],[-123.6137,45.0978],[-123.6366,45.1795],[-123.6596,45.2612],[-123.6826,45.343],[-123.7058,45.4247],[-123.7289,45.5064],[-123.7522,45.5882],[-123.7755,45.6699],[-123.7989,45.7516],[-123.8224,45.8333],[-123.8459,45.915],[-123.8695,45.9967],[-123.8931,46.0784],[-123.9169,46.1601],[-123.9407,46.2418],[-123.9646,46.3235],[-123.9885,46.4051],[-124.0125,46.4868],[-124.0366,46.5685],[-124.0608,46.6501],[-124.085,46.7318],[-124.1093,46.8134],[-124.1337,46.8951],[-124.1493,46.947],[-124.162,47.0299],[-124.1748,47.1128],[-124.1876,47.1957],[-124.2005,47.2785],[-124.2134,47.3614],[-124.2263,47.4443],[-124.2307,47.4721],[-124.2681,47.5515],[-124.3057,47.6309],[-124.3434,47.7103],[-124.3811,47.7896],[-124.4191,47.869],[-124.4571,47.9483],[-124.4952,48.0276],[-124.5335,48.1069],[-124.5718,48.1862],[-124.6103,48.2655],[-124.6271,48.2999],[-124.7129,48.3606],[-124.799,48.4213],[-124.8852,48.4819],[-124.9111,48.5]]}},{"type":"Feature","properties":{"ident":"J503","type":"CONV","run":1},"geometry":{"type":"LineString","coordinates":[[-122.3096,47.4354],[-122.243,47.5055],[-122.1761,47.5755],[-122.1091,47.6455],[-122.0419,47.7155],[-121.9745,47.7854],[-121.9069,47.8553],[-121.8391,47.9252],[-121.7712,47.995],[-121.7031,48.0648],[-121.6348,48.1345],[-121.5663,48.2042],[-121.4976,48.2739],[-121.4287,48.3435],[-121.3597,48.413],[-121.2904,48.4826],[-121.221,48.552],[-121.1915,48.5815],[-121.1218,48.6509],[-121.0519,48.7203],[-120.9818,48.7897],[-120.9371,48.8338],[-120.8667,48.9031],[-120.8371,48.9321],[-120.7678,49.0],[-120.7117,49.0517],[-120.6579,49.1046],[-120.5871,49.1739],[-120.5162,49.2432],[-120.4451,49.3124],[-120.3738,49.3815]]}},{"type":"Feature","properties":{"ident":"J505","type":"CONV","run":1},"geometry":{"type":"LineString","coordinates":[[-122.3096,47.4354],[-122.2023,47.4764],[-122.0949,47.5173],[-121.9873,47.5581],[-121.8795,47.5988],[-121.7715,47.6394],[-121.6634,47.6799],[-121.5551,47.7203],[-121.4491,47.7597],[-121.3405,47.7999],[-121.2317,47.84],[-121.1228,47.88],[-121.0136,47.9199],[-120.9043,47.9597],[-120.7949,47.9993],[-120.6852,48.0389],[-120.5754,48.0784],[-120.4655,48.1178],[-120.3553,48.157],[-120.245,48.1962],[-120.1345,48.2352],[-120.0383,48.2691],[-119.9275,48.308],[-119.8165,48.3467],[-119.7054,48.3854],[-119.5941,48.4239],[-119.4827,48.4624],[-119.371,48.5007],[-119.2592,48.5389],[-119.1473,48.577],[-119.0351,48.615],[-118.9228,48.6529],[-118.8104,48.6907],[-118.6977,48.7284],[-118.5849,48.7659],[-118.4719,48.8034],[-118.3588,48.8407],[-118.2455,48.8779],[-118.132,48.9151],[-118.0183,48.9521],[-118.0,48.958],[-117.8861,48.9948],[-117.8684,49.0005],[-117.7337,49.0437],[-117.5988,49.0867],[-117.4637,49.1296],[-117.3283,49.1723],[-117.1927,49.2149],[-117.0568,49.2573],[-116.9208,49.2996],[-116.7845,49.3417],[-116.7844,49.3417],[-116.6688,49.3774],[-116.553,49.413],[-116.4371,49.4485],[-116.321,49.4839],[-116.2047,49.5191],[-116.0883,49.5543]]}},{"type":"Feature","properties":{"ident":"J516","type":"CONV","run":1},"geometry":{"type":"LineString","coordinates":[[-111.4122,47.45],[-111.4552,47.5281],[-111.4983,47.6062],[-111.5415,47.6843],[-111.5849,47.7623],[-111.6284,47.8404],[-111.672,47.9184],[-111.7157,47.9964],[-111.7596,48.0744],[-111.8036,48.1524],[-111.8478,48.2303],[-111.8921,48.3082],[-111.9365,48.3862],[-111.9811,48.4641],[-112.0258,48.542],[-112.0706,48.6198],[-112.1156,48.6977],[-112.1607,48.7755],[-112.206,48.8533],[-112.2514,48.9311],[-112.2909,48.9987],[-112.2917,49.0],[-112.3848,49.1587],[-112.4785,49.3174],[-112.5729,49.4759],[-112.6678,49.6344],[-112.6602,49.6218],[-112.6137,49.5442],[-112.5672,49.4665],[-112.5209,49.3888],[-112.4748,49.3111],[-112.4288,49.2333],[-112.383,49.1556],[-112.3372,49.0778],[-112.2917,49.0]]}},{"type":"Feature","properties":{"ident":"J517","type":"CONV","run":1},"geometry":{"type":"LineString","coordinates":[[-116.5309,49.0],[-116.4212,49.1387],[-116.3109,49.2774],[-116.1999,49.4159],[-116.0883,49.5543]]}},{"type":"Feature","properties":{"ident":"J52","type":"CONV","run":1},"geometry":{"type":"LineString","coordinates":[[-123.1491,49.0773],[-122.995,49.0399],[-122.8411,49.0022],[-122.7222,48.9729],[-122.6035,48.9434],[-122.4849,48.9139],[-122.3664,48.8843],[-122.2481,48.8545],[-122.1331,48.8254],[-122.0151,48.7954],[-121.8972,48.7652],[-121.7794,48.7349],[-121.6618,48.7046],[-121.5444,48.6741],[-121.427,48.6434],[-121.3099,48.6127],[-121.1928,48.5818],[-121.1915,48.5815],[-121.0746,48.5505],[-120.9578,48.5194],[-120.8412,48.4882],[-120.7247,48.4569],[-120.6084,48.4255],[-120.4922,48.3939],[-120.3762,48.3622],[-120.2603,48.3305],[-120.1445,48.2985],[-120.0383,48.2691],[-119.9228,48.237],[-119.8075,48.2047],[-119.6923,48.1723],[-119.5773,48.1399],[-119.4624,48.1073],[-119.3477,48.0745],[-119.2331,48.0417],[-119.1186,48.0088],[-119.0043,47.9757],[-118.8902,47.9425],[-118.7762,47.9093],[-118.6623,47.8759],[-118.5486,47.8423],[-118.435,47.8087],[-118.3216,47.775],[-118.2083,47.7411],[-118.0952,47.7072],[-117.9822,47.6731],[-117.8694,47.6389],[-117.7567,47.6047],[-117.6442,47.5703],[-117.6269,47.565],[-117.5394,47.5062],[-117.4521,47.4474],[-117.3649,47.3885],[-117.278,47.3295],[-117.1912,47.2705],[-117.1047,47.2114],[-117.0183,47.1523],[-116.9322,47.093],[-116.8462,47.0338],[-116.7604,46.9744],[-116.6748,46.915],[-116.5894,46.8555],[-116.5042,46.796],[-116.4192,46.7364],[-116.3344,46.6767],[-116.2497,46.617],[-116.1652,46.5572],[-116.081,46.4974],[-115.9969,46.4375],[-115.913,46.3775],[-115.8293,46.3175],[-115.7457,46.2574],[-115.6624,46.1972],[-115.5792,46.137],[-115.4962,46.0767],[-115.4134,46.0164],[-115.3308,45.956],[-115.2483,45.8955],[-115.1714,45.839],[-115.0893,45.7784],[-115.0073,45.7178],[-114.9256,45.6571],[-114.844,45.5963],[-114.7626,45.5355],[-114.6814,45.4747],[-114.6004,45.4137],[-114.5195,45.3528],[-114.4388,45.2917],[-114.3583,45.2307],[-114.278,45.1695],[-114.1978,45.1083],[-114.1178,45.0471],[-114.0842,45.0213],[-113.9869,44.9744],[-113.8897,44.9273],[-113.7926,44.8802],[-113.6957,44.8331],[-113.599,44.7858],[-113.5025,44.7384],[-113.406,44.691],[-113.3098,44.6435],[-113.2137,44.5959],[-113.1178,44.5482],[-113.022,44.5004],[-112.9263,44.4526],[-112.8309,44.4047],[-112.7356,44.3567],[-112.6404,44.3086],[-112.5454,44.2605],[-112.4506,44.2122],[-112.3559,44.1639],[-112.2613,44.1155],[-112.2094,44.0889],[-112.1285,44.0291],[-112.0478,43.9694],[-111.9673,43.9095],[-111.8869,43.8496],[-111.8067,43.7897],[-111.7266,43.7297],[-111.6467,43.6696],[-111.567,43.6095],[-111.4874,43.5493],[-111.408,43.4891],[-111.3287,43.4288],[-111.2496,43.3685],[-111.1707,43.3081],[-111.0919,43.2476],[-111.0133,43.1871],[-110.9348,43.1266],[-110.8565,43.066],[-110.7783,43.0053],[-110.7003,42.9446],[-110.6225,42.8838],[-110.5448,42.823],[-110.4672,42.7621],[-110.3898,42.7012],[-110.3126,42.6402],[-110.2355,42.5792],[-110.1585,42.5181],[-110.0817,42.457],[-110.0051,42.3958],[-109.9286,42.3346],[-109.8522,42.2733],[-109.7761,42.2119],[-109.7,42.1506],[-109.6241,42.0891],[-109.5483,42.0276],[-109.4727,41.9661],[-109.3973,41.9045],[-109.322,41.8429],[-109.2468,41.7812],[-109.1718,41.7195],[-109.0969,41.6577],[-109.0221,41.5959],[-109.0153,41.5902],[-108.9172,41.5508],[-108.8193,41.5112],[-108.7214,41.4716],[-108.6236,41.4319],[-108.526,41.3921],[-108.4285,41.3522],[-108.3311,41.3123],[-108.2339,41.2722],[-108.1367,41.2321],[-108.0397,41.1919],[-107.9428,41.1516],[-107.846,41.1113],[-107.7493,41.0708],[-107.6528,41.0303],[-107.5563,40.9897],[-107.46,40.949],[-107.3638,40.9082],[-107.2677,40.8674],[-107.1718,40.8265],[-107.0759,40.7855],[-106.9802,40.7444],[-106.8846,40.7032],[-106.7891,40.662],[-106.6938,40.6207],[-106.5985,40.5793],[-106.5034,40.5378],[-106.4084,40.4962],[-106.3135,40.4546],[-106.2187,40.4129],[-106.124,40.3711],[-106.0295,40.3292],[-105.9351,40.2873],[-105.8408,40.2453],[-105.7466,40.2032],[-105.6525,40.161],[-105.5585,40.1188],[-105.4647,40.0765],[-105.371,40.0341],[-105.2774,39.9916],[-105.1839,39.949],[-105.0905,39.9064],[-104.9973,39.8637],[-104.9041,39.8209],[-104.8111,39.7781],[-104.7182,39.7352],[-104.6254,39.6922],[-104.621,39.6901],[-104.5487,39.6281],[-104.4766,39.566],[-104.4047,39.5038],[-104.3328,39.4416],[-104.2611,39.3794],[-104.1895,39.3171],[-104.1249,39.2608],[-104.0535,39.1984],[-103.9823,39.136],[-103.9112,39.0736],[-103.8402,39.0111],[-103.7694,38.9486],[-103.6986,38.886],[-103.628,38.8234],[-103.6214,38.8175],[-103.5396,38.7639],[-103.4579,38.7102],[-103.3763,38.6564],[-103.2949,38.6026],[-103.2135,38.5488],[-103.1323,38.4948],[-103.0512,38.4409],[-102.9703,38.3868],[-102.8894,38.3328],[-102.8087,38.2786],[-102.7281,38.2244],[-102.6875,38.1971]]}},{"type":"Feature","properties":{"ident":"J52","type":"CONV","run":2},"geometry":{"type":"LineString","coordinates":[[-97.1682,34.2116],[-97.0706,34.1909],[-96.9731,34.1702],[-96.8755,34.1494],[-96.7781,34.1285],[-96.6807,34.1076],[-96.5833,34.0865],[-96.486,34.0654],[-96.3887,34.0442],[-96.2915,34.0229],[-96.1943,34.0016],[-96.0972,33.9802],[-96.0001,33.9587],[-95.9031,33.9371],[-95.8061,33.9155],[-95.7092,33.8937],[-95.6123,33.8719],[-95.5155,33.8501],[-95.4187,33.8281],[-95.3219,33.8061],[-95.2253,33.784],[-95.1286,33.7618],[-95.0321,33.7395],[-94.9355,33.7172],[-94.839,33.6948],[-94.7426,33.6723],[-94.6462,33.6498],[-94.5499,33.6271],[-94.4536,33.6044],[-94.3574,33.5817],[-94.2612,33.5588],[-94.1651,33.5359],[-94.0732,33.5139],[-93.9733,33.5141],[-93.8734,33.5142],[-93.7734,33.5142],[-93.6735,33.5141],[-93.5735,33.514],[-93.4736,33.5137],[-93.3736,33.5134],[-93.2737,33.5131],[-93.1737,33.5126],[-93.0738,33.512],[-93.0485,33.5119],[-92.9486,33.5112],[-92.8486,33.5105],[-92.7487,33.5097],[-92.6488,33.5088],[-92.5488,33.5078],[-92.4489,33.5067],[-92.3648,33.5058],[-92.2649,33.5046],[-92.1649,33.5033],[-92.065,33.5019],[-91.9651,33.5005],[-91.8652,33.4989],[-91.7653,33.4973],[-91.6654,33.4956],[-91.5655,33.4939],[-91.4656,33.492],[-91.3657,33.4901],[-91.2658,33.4881],[-91.1659,33.486],[-91.066,33.4838],[-90.9662,33.4816],[-90.8663,33.4792],[-90.7664,33.4768],[-90.6666,33.4743],[-90.5667,33.4718],[-90.4669,33.4691],[-90.367,33.4664],[-90.2774,33.4639]]}},{"type":"Feature","properties":{"ident":"J523","type":"CONV","run":1},"geometry":{"type":"LineString","coordinates":[[-112.3039,37.6892],[-112.385,37.7424],[-112.4661,37.7956],[-112.5474,37.8487],[-112.6288,37.9018],[-112.7103,37.9548],[-112.792,38.0077],[-112.8737,38.0606],[-112.9556,38.1134],[-113.0376,38.1662],[-113.1197,38.2189],[-113.2019,38.2716],[-113.2843,38.3242],[-113.3668,38.3767],[-113.4493,38.4292],[-113.5321,38.4817],[-113.6149,38.534],[-113.6978,38.5863],[-113.7809,38.6386],[-113.8641,38.6908],[-113.9474,38.7429],[-114.0308,38.795],[-114.1144,38.847],[-114.1981,38.899],[-114.2819,38.9509],[-114.3658,39.0027],[-114.4499,39.0545],[-114.534,39.1062],[-114.6183,39.1579],[-114.7027,39.2095],[-114.7873,39.261],[-114.8483,39.2981],[-114.9082,39.3674],[-114.9682,39.4367],[-115.0282,39.5059],[-115.0885,39.5751],[-115.1488,39.6442],[-115.2093,39.7134],[-115.2697,39.7823],[-115.3304,39.8514],[-115.3912,39.9204],[-115.4521,39.9894],[-115.5132,40.0584],[-115.5744,40.1273],[-115.6357,40.1962],[-115.6972,40.2651],[-115.7587,40.3339],[-115.8204,40.4027],[-115.8822,40.4715],[-115.9442,40.5403],[-116.0062,40.609],[-116.0684,40.6777],[-116.1308,40.7463],[-116.1932,40.8149],[-116.2558,40.8835],[-116.3185,40.952],[-116.3814,41.0205],[-116.4443,41.089],[-116.5075,41.1574],[-116.5707,41.2259],[-116.6341,41.2942],[-116.6976,41.3626],[-116.7612,41.4309],[-116.825,41.4991],[-116.8889,41.5674],[-116.9529,41.6356],[-117.0171,41.7037],[-117.0814,41.7718],[-117.1459,41.8399],[-117.1762,41.8719],[-117.2409,41.9399],[-117.3057,42.0079],[-117.3706,42.0759],[-117.4357,42.1438],[-117.5009,42.2117],[-117.5663,42.2795],[-117.6318,42.3473],[-117.6974,42.4151],[-117.7632,42.4829],[-117.8291,42.5505],[-117.8682,42.5906],[-117.9288,42.6609],[-117.9895,42.7313],[-118.0504,42.8016],[-118.1114,42.8719],[-118.1726,42.9422],[-118.2339,43.0124],[-118.2953,43.0826],[-118.3569,43.1528],[-118.4186,43.2229],[-118.4805,43.293],[-118.5425,43.3631],[-118.6046,43.4331],[-118.6669,43.5031],[-118.7293,43.5731],[-118.7919,43.643],[-118.8547,43.7129],[-118.9175,43.7828],[-118.9805,43.8526],[-119.0437,43.9224],[-119.107,43.9922],[-119.1705,44.0619],[-119.2341,44.1316],[-119.2979,44.2013],[-119.3618,44.2709],[-119.4259,44.3405],[-119.4901,44.41],[-119.5545,44.4795],[-119.619,44.549],[-119.6837,44.6184],[-119.7116,44.6484],[-119.7903,44.7102],[-119.869,44.7719],[-119.948,44.8336],[-120.0271,44.8953],[-120.1064,44.9569],[-120.1858,45.0184],[-120.2655,45.0799],[-120.3453,45.1413],[-120.4252,45.2026],[-120.5054,45.2639],[-120.5857,45.3252],[-120.6662,45.3864],[-120.7469,45.4475],[-120.8277,45.5086],[-120.9087,45.5696],[-120.9899,45.6306],[-121.0713,45.6915],[-121.1008,45.7136],[-121.152,45.7889],[-121.2032,45.8642],[-121.2546,45.9395],[-121.3061,46.0147],[-121.3578,46.0899],[-121.4096,46.1651],[-121.4616,46.2403],[-121.5137,46.3154],[-121.5659,46.3906],[-121.6183,46.4657],[-121.6236,46.4733],[-121.6762,46.5484],[-121.7289,46.6234],[-121.7817,46.6984],[-121.8347,46.7734],[-121.8878,46.8484],[-121.9411,46.9234],[-121.9946,46.9983],[-122.0481,47.0732],[-122.1019,47.1481],[-122.1558,47.2229],[-122.2098,47.2978],[-122.264,47.3726],[-122.3096,47.4354],[-122.4165,47.4769],[-122.5235,47.5183],[-122.6307,47.5597],[-122.738,47.6009],[-122.8455,47.6421],[-122.9532,47.6831],[-123.0611,47.724],[-123.1691,47.7648],[-123.2773,47.8056],[-123.3857,47.8462],[-123.4758,47.8799],[-123.5845,47.9203],[-123.6934,47.9607],[-123.8024,48.0009],[-123.9116,48.041],[-124.0209,48.0811],[-124.1305,48.121],[-124.2402,48.1608],[-124.35,48.2005],[-124.4601,48.2401],[-124.5703,48.2796],[-124.6271,48.2999],[-124.7003,48.3676],[-124.7736,48.4352],[-124.8443,48.5],[-124.9199,48.5692],[-124.9957,48.6383],[-125.0717,48.7074],[-125.148,48.7765],[-125.2245,48.8455],[-125.3011,48.9144],[-125.378,48.9833],[-125.4551,49.0522]]}},{"type":"Feature","properties":{"ident":"J530","type":"CONV","run":1},"geometry":{"type":"LineString","coordinates":[[-111.4122,47.45],[-111.334,47.5144],[-111.2557,47.5788],[-111.1772,47.6432],[-111.0984,47.7075],[-111.0195,47.7717],[-110.9404,47.8359],[-110.8611,47.9],[-110.7816,47.9641],[-110.7019,48.0282],[-110.622,48.0921],[-110.5419,48.156],[-110.4615,48.2199],[-110.381,48.2837],[-110.3003,48.3474],[-110.2194,48.4111],[-110.1383,48.4747],[-110.057,48.5383],[-109.9755,48.6018],[-109.8938,48.6653],[-109.8118,48.7287],[-109.7297,48.792],[-109.6474,48.8553],[-109.5648,48.9185],[-109.482,48.9817],[-109.458,49.0]]}},{"type":"Feature","properties":{"ident":"J537","type":"CONV","run":1},"geometry":{"type":"LineString","coordinates":[[-117.8682,42.5906],[-117.8348,42.6702],[-117.8014,42.7498],[-117.7679,42.8294],[-117.7343,42.909],[-117.7006,42.9886],[-117.6668,43.0682],[-117.633,43.1478],[-117.599,43.2274],[-117.565,43.3069],[-117.5309,43.3865],[-117.4967,43.466],[-117.4623,43.5456],[-117.428,43.6251],[-117.3935,43.7046],[-117.3589,43.7841],[-117.3242,43.8636],[-117.2895,43.943],[-117.2546,44.0225],[-117.2196,44.102],[-117.1846,44.1814],[-117.1495,44.2608],[-117.1142,44.3403],[-117.0789,44.4197],[-117.0435,44.4991],[-117.008,44.5785],[-116.9723,44.6579],[-116.9366,44.7372],[-116.9008,44.8166],[-116.8649,44.8959],[-116.8289,44.9753],[-116.7928,45.0546],[-116.7565,45.1339],[-116.7202,45.2132],[-116.6838,45.2925],[-116.6473,45.3718],[-116.6107,45.451],[-116.574,45.5303],[-116.5371,45.6095],[-116.5002,45.6888],[-116.4632,45.768],[-116.426,45.8472],[-116.3888,45.9264],[-116.3514,46.0056],[-116.314,46.0847],[-116.2764,46.1639],[-116.2387,46.243],[-116.2009,46.3222],[-116.163,46.4013],[-116.125,46.4804],[-116.0869,46.5595],[-116.0487,46.6386],[-116.0104,46.7176],[-115.9719,46.7967],[-115.9333,46.8757],[-115.8947,46.9548],[-115.8559,47.0338],[-115.817,47.1128],[-115.7779,47.1918],[-115.7388,47.2708],[-115.6995,47.3497],[-115.6602,47.4287],[-115.6461,47.4569],[-115.6104,47.5367],[-115.5746,47.6164],[-115.5387,47.6962],[-115.5027,47.7759],[-115.4665,47.8556],[-115.4303,47.9353],[-115.394,48.015],[-115.3575,48.0947],[-115.3209,48.1744],[-115.2842,48.2541],[-115.2474,48.3337],[-115.2105,48.4134],[-115.1735,48.493],[-115.1363,48.5726],[-115.0991,48.6522],[-115.0617,48.7318],[-115.0242,48.8114],[-114.9866,48.8909],[-114.9488,48.9705],[-114.9348,49.0],[-114.8717,49.1325],[-114.8082,49.265],[-114.7444,49.3974],[-114.6802,49.5298],[-114.6157,49.6621],[-114.5508,49.7944],[-114.4856,49.9267],[-114.42,50.0589],[-114.3541,50.1911],[-114.2878,50.3233],[-114.2211,50.4554],[-114.154,50.5874],[-114.0866,50.7194],[-114.0188,50.8514],[-113.9506,50.9834],[-113.882,51.1153]]}},{"type":"Feature","properties":{"ident":"J538","type":"CONV","run":1},"geometry":{"type":"LineString","coordinates":[[-92.2029,46.8022],[-92.1444,46.7291],[-92.0861,46.656],[-92.028,46.5829],[-91.97,46.5097],[-91.9121,46.4365],[-91.8545,46.3633],[-91.7969,46.29],[-91.7396,46.2167],[-91.6823,46.1434],[-91.6253,46.0701],[-91.5684,45.9967],[-91.5116,45.9233],[-91.455,45.8499],[-91.3985,45.7765],[-91.3422,45.703],[-91.286,45.6295],[-91.23,45.5559],[-91.1741,45.4824],[-91.1184,45.4088],[-91.0628,45.3352],[-91.0074,45.2615],[-90.9521,45.1879],[-90.8969,45.1142],[-90.8419,45.0405],[-90.787,44.9667],[-90.7323,44.8929],[-90.6777,44.8191],[-90.6233,44.7453],[-90.569,44.6715],[-90.5148,44.5976],[-90.4608,44.5237],[-90.4069,44.4497],[-90.3531,44.3758],[-90.2995,44.3018],[-90.246,44.2278],[-90.1926,44.1538],[-90.1394,44.0797],[-90.0863,44.0056],[-90.0334,43.9315],[-89.9805,43.8574],[-89.9278,43.7833],[-89.8753,43.7091],[-89.8228,43.6349],[-89.7705,43.5607],[-89.7636,43.5508],[-89.6567,43.5203],[-89.5498,43.4897],[-89.4431,43.4589],[-89.3365,43.4281],[-89.23,43.3972],[-89.1235,43.3662],[-89.0172,43.335],[-88.9111,43.3038],[-88.805,43.2725],[-88.699,43.2411],[-88.5931,43.2095],[-88.4874,43.1779],[-88.3817,43.1462],[-88.2844,43.1169]]}},{"type":"Feature","properties":{"ident":"J539","type":"CONV","run":1},"geometry":{"type":"LineString","coordinates":[[-106.6254,48.2153],[-106.6643,48.2945],[-106.7032,48.3737],[-106.7423,48.4529],[-106.7815,48.5321],[-106.8208,48.6113],[-106.8602,48.6904],[-106.8998,48.7696],[-106.9395,48.8487],[-106.9793,48.9278],[-107.0158,49.0001]]}},{"type":"Feature","properties":{"ident":"J54","type":"CONV","run":1},"geometry":{"type":"LineString","coordinates":[[-124.6271,48.2999],[-124.5436,48.2378],[-124.4604,48.1756],[-124.3773,48.1134],[-124.2945,48.0511],[-124.2118,47.9887],[-124.1294,47.9263],[-124.0472,47.8638],[-123.9651,47.8013],[-123.8833,47.7387],[-123.8016,47.676],[-123.7202,47.6133],[-123.6389,47.5506],[-123.5579,47.4877],[-123.477,47.4249],[-123.3963,47.3619],[-123.3158,47.2989],[-123.2355,47.2359],[-123.1554,47.1728],[-123.0755,47.1096],[-122.9958,47.0464],[-122.9163,46.9831],[-122.9018,46.9716],[-122.7953,46.931],[-122.6889,46.8902],[-122.5827,46.8494],[-122.4766,46.8084],[-122.3707,46.7674],[-122.2649,46.7262],[-122.1593,46.685],[-122.0539,46.6437],[-121.9883,46.6179],[-121.8832,46.5764],[-121.7782,46.5348],[-121.6733,46.4931],[-121.6236,46.4733],[-121.519,46.4315],[-121.4146,46.3895],[-121.3103,46.3475],[-121.2062,46.3054],[-121.1023,46.2631],[-120.9985,46.2208],[-120.8948,46.1784],[-120.7914,46.1359],[-120.688,46.0933],[-120.5849,46.0506],[-120.4819,46.0078],[-120.379,45.965],[-120.2764,45.922],[-120.1738,45.8789],[-120.0715,45.8358],[-119.9693,45.7926],[-119.8672,45.7492],[-119.8,45.7206],[-119.6982,45.6771],[-119.5966,45.6336],[-119.4951,45.5899],[-119.3938,45.5462],[-119.2927,45.5023],[-119.1917,45.4584],[-119.0908,45.4144],[-118.9901,45.3703],[-118.8896,45.3261],[-118.7892,45.2818],[-118.689,45.2375],[-118.589,45.193],[-118.4891,45.1485],[-118.3893,45.1039],[-118.2897,45.0592],[-118.1903,45.0144],[-118.091,44.9695],[-117.9919,44.9245],[-117.8929,44.8795],[-117.8079,44.8406],[-117.7285,44.7792],[-117.6493,44.7177],[-117.5703,44.6562],[-117.4914,44.5946],[-117.4127,44.5329],[-117.3342,44.4712],[-117.2558,44.4095],[-117.192,44.3591],[-117.114,44.2972],[-117.0361,44.2353],[-116.9583,44.1734],[-116.8808,44.1114],[-116.8033,44.0493],[-116.7261,43.9872],[-116.649,43.925],[-116.5721,43.8628],[-116.4953,43.8005],[-116.4187,43.7382],[-116.3423,43.6758],[-116.266,43.6134],[-116.1921,43.5528],[-116.0804,43.5332],[-115.9688,43.5134],[-115.8572,43.4935],[-115.7457,43.4736],[-115.6343,43.4535],[-115.5229,43.4333],[-115.4116,43.413],[-115.3004,43.3926],[-115.1893,43.3721],[-115.0783,43.3515],[-114.9673,43.3307],[-114.8564,43.3099],[-114.7456,43.289],[-114.6348,43.2679],[-114.5241,43.2468],[-114.4136,43.2255],[-114.303,43.2041],[-114.1926,43.1826],[-114.0822,43.1611],[-113.972,43.1394],[-113.8617,43.1176],[-113.7516,43.0957],[-113.6416,43.0737],[-113.5316,43.0516],[-113.4217,43.0294],[-113.3119,43.007],[-113.2022,42.9846],[-113.0925,42.9621],[-112.983,42.9394],[-112.8735,42.9167],[-112.7641,42.8939],[-112.6547,42.8709],[-112.6522,42.8704],[-112.5424,42.849],[-112.4326,42.8275],[-112.3229,42.8059],[-112.2132,42.7842],[-112.1037,42.7624],[-111.9942,42.7405],[-111.8848,42.7184],[-111.7754,42.6963],[-111.6662,42.6741],[-111.557,42.6517],[-111.4479,42.6293],[-111.3389,42.6068],[-111.23,42.5841],[-111.1211,42.5614],[-111.0123,42.5385],[-110.9036,42.5156],[-110.795,42.4925],[-110.6865,42.4694],[-110.578,42.4461],[-110.4696,42.4227],[-110.3613,42.3993],[-110.2531,42.3757],[-110.145,42.352],[-110.0369,42.3283],[-109.929,42.3044],[-109.8211,42.2804],[-109.7133,42.2564],[-109.6055,42.2322],[-109.4979,42.2079],[-109.3903,42.1835],[-109.2829,42.1591],[-109.1755,42.1345],[-109.0682,42.1098],[-108.9609,42.085],[-108.8538,42.0602],[-108.7467,42.0352],[-108.6398,42.0101],[-108.5329,41.9849],[-108.4261,41.9597],[-108.3194,41.9343],[-108.2127,41.9088],[-108.1062,41.8832],[-107.9997,41.8576],[-107.8933,41.8318],[-107.787,41.8059],[-107.6808,41.78],[-107.582,41.7557],[-107.4747,41.7326],[-107.3675,41.7093],[-107.2603,41.686],[-107.1533,41.6626],[-107.0463,41.6391],[-106.9394,41.6154],[-106.8326,41.5917],[-106.7258,41.5679],[-106.6192,41.5439],[-106.5126,41.5199],[-106.4061,41.4958],[-106.2996,41.4716],[-106.1933,41.4472],[-106.087,41.4228],[-105.9808,41.3983],[-105.8747,41.3737],[-105.7687,41.349],[-105.7209,41.3378]]}},{"type":"Feature","properties":{"ident":"J540","type":"CONV","run":1},"geometry":{"type":"LineString","coordinates":[[-115.6461,47.4569],[-115.565,47.5197],[-115.4838,47.5825],[-115.4024,47.6452],[-115.3208,47.7078],[-115.2389,47.7704],[-115.1569,47.8329],[-115.0747,47.8954],[-114.9923,47.9578],[-114.9097,48.0201],[-114.8269,48.0824],[-114.7439,48.1447],[-114.6607,48.2068],[-114.5773,48.2689],[-114.4937,48.331],[-114.4099,48.393],[-114.3258,48.4549],[-114.2416,48.5168],[-114.1572,48.5786],[-114.0725,48.6403],[-113.9877,48.702],[-113.9026,48.7636],[-113.8174,48.8252],[-113.7319,48.8867],[-113.6462,48.9481],[-113.5736,49.0],[-113.4616,49.0797],[-113.3493,49.1593],[-113.2366,49.2387],[-113.1236,49.3181],[-113.0102,49.3973],[-112.8964,49.4765],[-112.7823,49.5555],[-112.6678,49.6344]]}},{"type":"Feature","properties":{"ident":"J545","type":"CONV","run":1},"geometry":{"type":"LineString","coordinates":[[-74.4954,49.7994],[-74.6005,49.7511],[-74.7055,49.7027],[-74.8102,49.6542],[-74.9147,49.6056],[-75.019,49.5569],[-75.123,49.5081],[-75.2269,49.4592],[-75.3306,49.4102],[-75.4341,49.3612],[-75.5373,49.312],[-75.6404,49.2628],[-75.7432,49.2134],[-75.8458,49.164],[-75.9483,49.1144],[-76.0505,49.0648],[-76.1525,49.0151],[-76.2544,48.9653],[-76.356,48.9154],[-76.4574,48.8655],[-76.5586,48.8154],[-76.6596,48.7652],[-76.7604,48.715],[-76.861,48.6647],[-76.9614,48.6143],[-77.0616,48.5638],[-77.1617,48.5132],[-77.2615,48.4625],[-77.3611,48.4117],[-77.4605,48.3609],[-77.5597,48.31],[-77.6587,48.2589],[-77.7575,48.2078],[-77.8203,48.1753]]}},{"type":"Feature","properties":{"ident":"J547","type":"CONV","run":1},"geometry":{"type":"LineString","coordinates":[[-87.9517,42.2214],[-87.8412,42.2371],[-87.7306,42.2527],[-87.6199,42.2681],[-87.5093,42.2835],[-87.4033,42.2981],[-87.2924,42.3131],[-87.1815,42.3279],[-87.0706,42.3426],[-86.9595,42.3573],[-86.8485,42.3718],[-86.7374,42.3862],[-86.6262,42.4005],[-86.515,42.4147],[-86.4038,42.4288],[-86.2925,42.4427],[-86.1811,42.4566],[-86.1048,42.466],[-85.9967,42.4901],[-85.8884,42.5141],[-85.7801,42.538],[-85.6717,42.5618],[-85.5632,42.5855],[-85.4546,42.6091],[-85.346,42.6326],[-85.2373,42.656],[-85.1674,42.671],[-85.0586,42.6944],[-84.9497,42.7178],[-84.8408,42.741],[-84.7318,42.7642],[-84.6227,42.7873],[-84.55,42.8025],[-84.4407,42.8253],[-84.3314,42.8479],[-84.2219,42.8704],[-84.1124,42.8929],[-84.0028,42.9152],[-83.8931,42.9374],[-83.7833,42.9595],[-83.747,42.9668]]}},{"type":"Feature","properties":{"ident":"J548","type":"CONV","run":1},"geometry":{"type":"LineString","coordinates":[[-86.1048,42.466],[-86.0849,42.5481],[-86.0649,42.6301],[-86.0511,42.6865],[-86.0314,42.7686],[-86.0116,42.8506],[-86.011,42.853],[-85.9906,42.935],[-85.9701,43.017],[-85.9496,43.0989],[-85.9439,43.1216],[-85.9236,43.2036],[-85.9031,43.2856],[-85.8826,43.3676],[-85.8621,43.4495],[-85.8415,43.5315],[-85.8208,43.6135],[-85.8001,43.6955],[-85.7964,43.71],[-85.7756,43.792],[-85.7548,43.8739],[-85.734,43.9559],[-85.7208,44.0077],[-85.6998,44.0896],[-85.6787,44.1716],[-85.6576,44.2535],[-85.6365,44.3355],[-85.6153,44.4174],[-85.594,44.4994],[-85.5726,44.5813],[-85.5512,44.6632],[-85.55,44.6679]]}},{"type":"Feature","properties":{"ident":"J549","type":"CONV","run":1},"geometry":{"type":"LineString","coordinates":[[-103.7507,48.2534],[-103.6481,48.3012],[-103.5454,48.349],[-103.4425,48.3966],[-103.3394,48.4442],[-103.2361,48.4916],[-103.1326,48.539],[-103.0289,48.5862],[-102.925,48.6334],[-102.8209,48.6805],[-102.7166,48.7275],[-102.6121,48.7744],[-102.5075,48.8212],[-102.4026,48.8679],[-102.2975,48.9145],[-102.1923,48.961],[-102.1062,48.9989]]}},{"type":"Feature","properties":{"ident":"J551","type":"CONV","run":1},"geometry":{"type":"LineString","coordinates":[[-74.4954,49.7994],[-74.6005,49.7511],[-74.7055,49.7027],[-74.8102,49.6542],[-74.9147,49.6056],[-75.019,49.5569],[-75.123,49.5081],[-75.2269,49.4592],[-75.3306,49.4102],[-75.4341,49.3612],[-75.5373,49.312],[-75.6404,49.2628],[-75.7432,49.2134],[-75.8458,49.164],[-75.9483,49.1144],[-76.0505,49.0648],[-76.1525,49.0151],[-76.2544,48.9653],[-76.356,48.9154],[-76.4574,48.8655],[-76.5586,48.8154],[-76.6596,48.7652],[-76.7604,48.715],[-76.861,48.6647],[-76.9614,48.6143],[-77.0616,48.5638],[-77.1617,48.5132],[-77.2615,48.4625],[-77.3611,48.4117],[-77.4605,48.3609],[-77.5597,48.31],[-77.6587,48.2589],[-77.7575,48.2078],[-77.8203,48.1753]]}},{"type":"Feature","properties":{"ident":"J554","type":"CONV","run":1},"geometry":{"type":"LineString","coordinates":[[-86.3185,41.7686],[-86.2079,41.7808],[-86.0973,41.7928],[-85.9867,41.8048],[-85.876,41.8166],[-85.7653,41.8284],[-85.6546,41.84],[-85.5438,41.8515],[-85.433,41.863],[-85.3221,41.8743],[-85.2112,41.8855],[-85.2092,41.8857],[-85.0983,41.8968],[-84.9873,41.9078],[-84.8763,41.9187],[-84.7652,41.9294],[-84.6541,41.9401],[-84.543,41.9507],[-84.4318,41.9611],[-84.3206,41.9715],[-84.2094,41.9817],[-84.0981,41.9919],[-83.9868,42.0019],[-83.8754,42.0118],[-83.7641,42.0216],[-83.6526,42.0313],[-83.5412,42.0409],[-83.4576,42.048],[-83.3456,42.0537],[-83.2336,42.0593],[-83.1421,42.0638],[-82.9253,42.0742],[-82.7084,42.0841],[-82.4914,42.0936],[-82.2743,42.1027],[-82.0572,42.1114],[-81.8401,42.1197],[-81.6229,42.1276],[-81.4056,42.1351],[-81.2933,42.1388],[-81.1811,42.1424],[-81.0688,42.1458],[-80.9565,42.1492],[-80.8442,42.1525],[-80.7318,42.1556],[-80.6941,42.1566],[-80.5818,42.1597],[-80.4695,42.1625],[-80.4463,42.1631],[-80.3339,42.1659],[-80.2216,42.1685],[-80.1092,42.1711],[-79.9968,42.1735],[-79.8844,42.1758],[-79.772,42.178],[-79.6596,42.1801],[-79.5472,42.1821],[-79.4347,42.184],[-79.3223,42.1857],[-79.2099,42.1874],[-79.1213,42.1886]]}},{"type":"Feature","properties":{"ident":"J56","type":"CONV","run":1},"geometry":{"type":"LineString","coordinates":[[-118.0329,38.5653],[-117.9388,38.6045],[-117.8446,38.6435],[-117.7503,38.6825],[-117.6558,38.7215],[-117.5613,38.7603],[-117.4667,38.7991],[-117.372,38.8378],[-117.2772,38.8764],[-117.1823,38.915],[-117.0872,38.9534],[-116.9921,38.9918],[-116.8969,39.0301],[-116.8015,39.0684],[-116.7061,39.1065],[-116.6105,39.1446],[-116.5149,39.1826],[-116.4191,39.2206],[-116.3233,39.2584],[-116.2273,39.2962],[-116.1313,39.3339],[-116.0351,39.3715],[-115.9388,39.409],[-115.8425,39.4465],[-115.746,39.4838],[-115.6494,39.5211],[-115.5527,39.5583],[-115.456,39.5955],[-115.3591,39.6325],[-115.2621,39.6695],[-115.165,39.7064],[-115.0678,39.7432],[-114.9705,39.7799],[-114.8731,39.8166],[-114.7755,39.8531],[-114.6779,39.8896],[-114.5802,39.926],[-114.4824,39.9623],[-114.3845,39.9986],[-114.2864,40.0347],[-114.1883,40.0708],[-114.0901,40.1068],[-113.9917,40.1427],[-113.8933,40.1785],[-113.7947,40.2143],[-113.6961,40.2499],[-113.5973,40.2855],[-113.4984,40.321],[-113.3995,40.3564],[-113.3004,40.3917],[-113.2012,40.4269],[-113.102,40.4621],[-113.0026,40.4972],[-112.9031,40.5321],[-112.8035,40.567],[-112.7038,40.6018],[-112.604,40.6366],[-112.5041,40.6712],[-112.4041,40.7057],[-112.304,40.7402],[-112.2038,40.7746],[-112.1035,40.8089],[-112.003,40.8431],[-111.9819,40.8503],[-111.872,40.8447],[-111.7621,40.839],[-111.6522,40.8333],[-111.5424,40.8274],[-111.4325,40.8214],[-111.3227,40.8153],[-111.2129,40.8092],[-111.1031,40.8029],[-110.9934,40.7965],[-110.8837,40.79],[-110.7739,40.7834],[-110.6643,40.7767],[-110.5546,40.7699],[-110.4449,40.763],[-110.3353,40.756],[-110.2257,40.7488],[-110.1161,40.7416],[-110.0066,40.7343],[-109.8971,40.7269],[-109.7876,40.7193],[-109.6781,40.7117],[-109.5686,40.7039],[-109.4592,40.6961],[-109.3498,40.6882],[-109.2404,40.6801],[-109.1311,40.672],[-109.0218,40.6637],[-108.9125,40.6553],[-108.8032,40.6469],[-108.694,40.6383],[-108.5848,40.6296],[-108.4756,40.6209],[-108.3664,40.612],[-108.2573,40.603],[-108.1482,40.5939],[-108.0391,40.5848],[-107.9986,40.5813],[-107.8896,40.572],[-107.7806,40.5625],[-107.6716,40.553],[-107.5627,40.5433],[-107.4538,40.5336],[-107.3449,40.5237],[-107.3049,40.5201],[-107.1953,40.5207],[-107.0857,40.5212],[-106.9761,40.5216],[-106.8664,40.5219],[-106.7568,40.5221],[-106.6472,40.5222],[-106.5619,40.5222],[-106.4522,40.5221],[-106.3426,40.5219],[-106.233,40.5216],[-106.1234,40.5212],[-106.0137,40.5207],[-105.9041,40.5201],[-105.8948,40.52],[-105.7852,40.5193],[-105.6756,40.5185],[-105.6381,40.5182],[-105.5627,40.4578],[-105.4874,40.3973],[-105.437,40.3567],[-105.3619,40.2962],[-105.2869,40.2356],[-105.2121,40.1749],[-105.1374,40.1142],[-105.0629,40.0535],[-104.9885,39.9927],[-104.9142,39.9318],[-104.84,39.8709],[-104.766,39.81],[-104.6921,39.749],[-104.621,39.6901]]}},{"type":"Feature","properties":{"ident":"J567","type":"CONV","run":1},"geometry":{"type":"LineString","coordinates":[[-75.82,46.8838],[-75.9072,46.9422],[-75.9945,47.0004],[-76.082,47.0586],[-76.1697,47.1167],[-76.2576,47.1748],[-76.3457,47.2328],[-76.4339,47.2907],[-76.5224,47.3486],[-76.6111,47.4063],[-76.6999,47.4641],[-76.789,47.5217],[-76.8782,47.5793],[-76.9677,47.6368],[-77.0573,47.6942],[-77.1471,47.7516],[-77.2372,47.8089],[-77.3274,47.8661],[-77.4179,47.9233],[-77.5085,47.9804],[-77.5993,48.0374],[-77.6904,48.0944],[-77.7816,48.1512],[-77.8203,48.1753],[-77.8162,48.2586],[-77.812,48.3418],[-77.8079,48.4251],[-77.8038,48.5084],[-77.7996,48.5917],[-77.7954,48.675],[-77.7912,48.7583],[-77.787,48.8416],[-77.7828,48.9248],[-77.7786,49.0081],[-77.7752,49.0741]]}},{"type":"Feature","properties":{"ident":"J569","type":"CONV","run":1},"geometry":{"type":"LineString","coordinates":[[-111.4122,47.45],[-111.512,47.4989],[-111.6121,47.5476],[-111.7123,47.5963],[-111.8127,47.6449],[-111.9133,47.6934],[-112.0141,47.7419],[-112.1151,47.7902],[-112.2163,47.8385],[-112.3176,47.8866],[-112.4192,47.9347],[-112.5209,47.9827],[-112.6229,48.0306],[-112.725,48.0784],[-112.8273,48.1261],[-112.9298,48.1737],[-113.0324,48.2212],[-113.1353,48.2687],[-113.2384,48.316],[-113.3416,48.3633],[-113.4451,48.4105],[-113.5487,48.4575],[-113.6526,48.5045],[-113.7566,48.5514],[-113.8608,48.5982],[-113.9652,48.6449],[-114.0698,48.6915],[-114.1746,48.738],[-114.2796,48.7844],[-114.3848,48.8307],[-114.4902,48.8769],[-114.5957,48.923],[-114.7015,48.9691],[-114.7611,48.9949],[-114.9254,49.0657],[-115.0901,49.1362],[-115.2553,49.2065],[-115.421,49.2765],[-115.5871,49.3463],[-115.7537,49.4159],[-115.9208,49.4852],[-116.0883,49.5543]]}},{"type":"Feature","properties":{"ident":"J57","type":"CONV","run":1},"geometry":{"type":"LineString","coordinates":[[-107.2806,33.2825],[-107.2468,33.3609],[-107.213,33.4393],[-107.1792,33.5177],[-107.1452,33.5961],[-107.1112,33.6745],[-107.0772,33.7529],[-107.0431,33.8312],[-107.0089,33.9096],[-106.9747,33.9879],[-106.9404,34.0663],[-106.906,34.1446],[-106.8716,34.2229],[-106.8371,34.3012],[-106.8205,34.3389],[-106.82,34.4222],[-106.8195,34.5056],[-106.819,34.5889],[-106.8185,34.6722],[-106.818,34.7556],[-106.8175,34.8389],[-106.817,34.9222],[-106.8165,35.0055],[-106.8163,35.0438]]}},{"type":"Feature","properties":{"ident":"J58","type":"CONV","run":1},"geometry":{"type":"LineString","coordinates":[[-117.7705,38.0033],[-117.6653,38.0124],[-117.5602,38.0215],[-117.455,38.0305],[-117.3498,38.0394],[-117.2446,38.0482],[-117.1394,38.0569],[-117.0341,38.0655],[-116.9288,38.074],[-116.8235,38.0825],[-116.7182,38.0908],[-116.6128,38.099],[-116.5074,38.1072],[-116.402,38.1152],[-116.2965,38.1232],[-116.1911,38.131],[-116.0856,38.1388],[-115.9801,38.1465],[-115.8746,38.154],[-115.769,38.1615],[-115.6635,38.1689],[-115.5579,38.1762],[-115.4523,38.1834],[-115.3466,38.1905],[-115.241,38.1975],[-115.1353,38.2044],[-115.0296,38.2112],[-114.9239,38.218],[-114.8182,38.2246],[-114.7124,38.2311],[-114.6066,38.2376],[-114.5009,38.2439],[-114.395,38.2502],[-114.3942,38.2502],[-114.2887,38.2592],[-114.1832,38.2681],[-114.0777,38.2769],[-113.9721,38.2856],[-113.8665,38.2942],[-113.7609,38.3028],[-113.6552,38.3112],[-113.5496,38.3195],[-113.4439,38.3278],[-113.3381,38.3359],[-113.2324,38.344],[-113.1266,38.3519],[-113.0208,38.3598],[-113.0132,38.3604],[-112.914,38.3305],[-112.8149,38.3006],[-112.7159,38.2705],[-112.617,38.2404],[-112.5181,38.2102],[-112.4193,38.18],[-112.3206,38.1496],[-112.222,38.1192],[-112.1234,38.0886],[-112.025,38.058],[-111.9266,38.0274],[-111.8283,37.9966],[-111.7301,37.9657],[-111.632,37.9348],[-111.5339,37.9038],[-111.436,37.8727],[-111.3381,37.8415],[-111.2403,37.8103],[-111.1426,37.7789],[-111.045,37.7475],[-110.9474,37.716],[-110.85,37.6844],[-110.7526,37.6528],[-110.6553,37.621],[-110.5581,37.5892],[-110.4609,37.5573],[-110.3639,37.5253],[-110.2669,37.4933],[-110.17,37.4612],[-110.0732,37.4289],[-109.9765,37.3966],[-109.8799,37.3643],[-109.7834,37.3318],[-109.6869,37.2993],[-109.5905,37.2667],[-109.4942,37.234],[-109.398,37.2012],[-109.3019,37.1684],[-109.2058,37.1355],[-109.1099,37.1025],[-109.014,37.0694],[-108.9182,37.0363],[-108.8225,37.003],[-108.7268,36.9697],[-108.6313,36.9363],[-108.5358,36.9029],[-108.4405,36.8694],[-108.3452,36.8357],[-108.25,36.8021],[-108.1548,36.7683],[-108.0989,36.7484],[-108.0037,36.7149],[-107.9085,36.6814],[-107.8135,36.6478],[-107.7185,36.6141],[-107.6236,36.5804],[-107.5288,36.5465],[-107.4341,36.5126],[-107.3394,36.4786],[-107.296,36.463],[-107.2015,36.4289],[-107.1071,36.3948],[-107.0127,36.3605],[-106.9184,36.3262],[-106.8242,36.2919],[-106.7301,36.2574],[-106.6361,36.2229],[-106.5421,36.1883],[-106.4483,36.1536],[-106.357,36.1198],[-106.2634,36.085],[-106.1697,36.0501],[-106.0762,36.0151],[-105.9828,35.9801],[-105.8894,35.9449],[-105.7961,35.9097],[-105.7029,35.8745],[-105.6098,35.8391],[-105.5168,35.8037],[-105.4239,35.7682],[-105.331,35.7327],[-105.2382,35.6971],[-105.1455,35.6614],[-105.1356,35.6576],[-105.034,35.6465],[-104.9323,35.6354],[-104.8307,35.6242],[-104.7292,35.6129],[-104.6277,35.6015],[-104.5261,35.59],[-104.4247,35.5785],[-104.3232,35.5669],[-104.2218,35.5551],[-104.1204,35.5433],[-104.0191,35.5314],[-103.9177,35.5195],[-103.8164,35.5074],[-103.7152,35.4953],[-103.6139,35.483],[-103.5127,35.4707],[-103.4116,35.4583],[-103.3104,35.4459],[-103.2093,35.4333],[-103.1082,35.4206],[-103.0072,35.4079],[-102.9062,35.3951],[-102.8052,35.3822],[-102.7042,35.3692],[-102.6033,35.3561],[-102.5024,35.343],[-102.4016,35.3297],[-102.3008,35.3164],[-102.2,35.303],[-102.0992,35.2895],[-101.9985,35.2759],[-101.8978,35.2623],[-101.7972,35.2486],[-101.699,35.2351],[-101.6067,35.1996],[-101.5145,35.1641],[-101.4223,35.1286],[-101.3302,35.0929],[-101.2382,35.0572],[-101.1463,35.0215],[-101.0545,34.9856],[-100.9627,34.9497],[-100.871,34.9137],[-100.7794,34.8777],[-100.6879,34.8415],[-100.5965,34.8054],[-100.5051,34.7691],[-100.4139,34.7328],[-100.3227,34.6964],[-100.2315,34.6599],[-100.1405,34.6234],[-100.0496,34.5868],[-99.9587,34.5501],[-99.8679,34.5134],[-99.7772,34.4766],[-99.6865,34.4397],[-99.596,34.4028],[-99.5055,34.3658],[-99.4151,34.3287],[-99.3248,34.2916],[-99.2346,34.2544],[-99.1444,34.2172],[-99.0543,34.1798],[-98.9643,34.1424],[-98.8744,34.105],[-98.7846,34.0674],[-98.6948,34.0299],[-98.6051,33.9922],[-98.5935,33.9873],[-98.5195,33.9309],[-98.4456,33.8745],[-98.3718,33.8181],[-98.2981,33.7616],[-98.2245,33.705],[-98.151,33.6484],[-98.0776,33.5918],[-98.0043,33.5351],[-97.931,33.4784],[-97.8932,33.4491],[-97.8202,33.3923],[-97.7472,33.3355],[-97.6743,33.2786],[-97.6015,33.2217],[-97.5288,33.1648],[-97.4562,33.1078],[-97.3837,33.0507],[-97.3113,32.9937],[-97.239,32.9366],[-97.1794,32.8895],[-97.0869,32.8594],[-96.9944,32.8293],[-96.902,32.7991],[-96.8097,32.7688],[-96.7174,32.7384],[-96.6252,32.708],[-96.533,32.6776],[-96.4409,32.647],[-96.3489,32.6164],[-96.2569,32.5857],[-96.165,32.555],[-96.0732,32.5242],[-95.9814,32.4933],[-95.8897,32.4624],[-95.798,32.4314],[-95.7064,32.4003],[-95.6149,32.3692],[-95.5234,32.3379],[-95.432,32.3067],[-95.3407,32.2753],[-95.2494,32.2439],[-95.1582,32.2125],[-95.067,32.1809],[-94.976,32.1493],[-94.8849,32.1177],[-94.794,32.0859],[-94.7031,32.0541],[-94.6123,32.0223],[-94.5215,31.9903],[-94.4308,31.9584],[-94.3401,31.9263],[-94.2495,31.8942],[-94.2165,31.8824],[-94.126,31.8502],[-94.0356,31.8178],[-93.9453,31.7855],[-93.935,31.7818],[-93.8446,31.7495],[-93.8235,31.7419],[-93.7333,31.7093],[-93.6431,31.6767],[-93.6391,31.6753],[-93.549,31.6426],[-93.459,31.61],[-93.369,31.5772],[-93.2791,31.5444],[-93.1947,31.5135],[-93.1049,31.4806],[-93.0152,31.4476],[-92.9255,31.4145],[-92.836,31.3814],[-92.7464,31.3482],[-92.657,31.3149],[-92.5676,31.2816],[-92.501,31.2567],[-92.4188,31.2119],[-92.3368,31.167],[-92.2548,31.122],[-92.1729,31.077],[-92.0911,31.032],[-92.0093,30.9869],[-91.9276,30.9417],[-91.846,30.8965],[-91.7645,30.8512],[-91.6831,30.8059],[-91.6017,30.7606],[-91.5204,30.7152],[-91.4405,30.6704],[-91.3593,30.6249],[-91.2783,30.5793],[-91.1973,30.5337],[-91.1164,30.488],[-91.0356,30.4423],[-90.9548,30.3966],[-90.8741,30.3508],[-90.7935,30.3049],[-90.713,30.259],[-90.6325,30.213],[-90.5522,30.167],[-90.4719,30.121],[-90.3916,30.0748],[-90.3115,30.0287],[-90.2314,29.9825],[-90.1514,29.9362],[-90.0715,29.8899],[-90.003,29.8502]]}},{"type":"Feature","properties":{"ident":"J584","type":"CONV","run":1},"geometry":{"type":"LineString","coordinates":[[-87.9517,42.2214],[-87.8394,42.2156],[-87.7272,42.2097],[-87.615,42.2037],[-87.5028,42.1976],[-87.3907,42.1913],[-87.2785,42.185],[-87.1664,42.1785],[-87.0543,42.172],[-86.9422,42.1653],[-86.8302,42.1585],[-86.7182,42.1516],[-86.6062,42.1446],[-86.4942,42.1375],[-86.3823,42.1303],[-86.2703,42.123],[-86.1584,42.1156],[-86.0466,42.108],[-85.9347,42.1004],[-85.8229,42.0926],[-85.7111,42.0848],[-85.5994,42.0768],[-85.4876,42.0687],[-85.3759,42.0605],[-85.2643,42.0522],[-85.2131,42.0484],[-85.1015,42.04],[-85.0601,42.0369],[-84.9479,42.0384],[-84.8357,42.0398],[-84.7236,42.0411],[-84.6114,42.0423],[-84.4992,42.0433],[-84.387,42.0443],[-84.2748,42.0451],[-84.1625,42.0459],[-84.0503,42.0465],[-83.9381,42.047],[-83.8259,42.0474],[-83.7137,42.0478],[-83.6015,42.0479],[-83.4893,42.048],[-83.4576,42.048],[-83.2539,42.033],[-83.0503,42.0176],[-82.8468,42.0018],[-82.6434,41.9857],[-82.4402,41.9692],[-82.237,41.9524],[-82.0339,41.9352],[-81.831,41.9176],[-81.7198,41.9078],[-81.6086,41.8979],[-81.4975,41.8879],[-81.3864,41.8778],[-81.2753,41.8676],[-81.1643,41.8573],[-81.0533,41.8469],[-80.9423,41.8363],[-80.8314,41.8257],[-80.7205,41.815],[-80.6097,41.8041],[-80.5846,41.8016],[-80.4738,41.7907],[-80.3631,41.7796],[-80.2523,41.7684],[-80.1417,41.7571],[-80.031,41.7457],[-79.9204,41.7341],[-79.8098,41.7225],[-79.6993,41.7108],[-79.5888,41.6989],[-79.4784,41.687],[-79.368,41.675],[-79.2576,41.6628],[-79.2075,41.6573],[-79.0972,41.6449],[-78.9869,41.6325],[-78.8767,41.62],[-78.7666,41.6074],[-78.6564,41.5946],[-78.5464,41.5818],[-78.4363,41.5688],[-78.3263,41.5558],[-78.2164,41.5426],[-78.1065,41.5294],[-77.9966,41.516],[-77.9701,41.5128],[-77.8608,41.4974],[-77.7563,41.4826],[-77.647,41.467],[-77.5378,41.4513],[-77.4287,41.4355],[-77.3196,41.4196],[-77.2105,41.4036],[-77.1015,41.3875],[-76.9926,41.3713],[-76.8837,41.355],[-76.7749,41.3386],[-76.7749,41.3386],[-76.6703,41.3107],[-76.5658,41.2827],[-76.4614,41.2547],[-76.3571,41.2265],[-76.2529,41.1983],[-76.2114,41.187],[-76.1073,41.1587],[-76.0535,41.1439],[-75.9495,41.1154],[-75.8456,41.0868],[-75.7419,41.0581],[-75.6382,41.0293],[-75.5346,41.0004],[-75.4311,40.9714],[-75.3277,40.9424],[-75.2244,40.9132],[-75.1211,40.8839],[-75.018,40.8546],[-74.915,40.8252],[-74.8218,40.7984]]}},{"type":"Feature","properties":{"ident":"J59","type":"CONV","run":1},"geometry":{"type":"LineString","coordinates":[[-77.9927,40.9163],[-77.9375,40.9884],[-77.8821,41.0605],[-77.8267,41.1326],[-77.7711,41.2047],[-77.7154,41.2767],[-77.6595,41.3487],[-77.6413,41.3722],[-77.5853,41.4441],[-77.5292,41.5161],[-77.4729,41.588],[-77.4166,41.6599],[-77.3601,41.7317],[-77.3034,41.8036],[-77.2467,41.8754],[-77.1898,41.9471],[-77.1328,42.0189],[-77.0756,42.0906],[-77.0184,42.1623],[-76.9724,42.2197],[-76.9149,42.2914],[-76.8572,42.363],[-76.7995,42.4346],[-76.7416,42.5061],[-76.6835,42.5776],[-76.6253,42.6491],[-76.6184,42.6577],[-76.56,42.7292],[-76.5016,42.8006],[-76.4431,42.8719],[-76.3843,42.9432],[-76.3255,43.0146],[-76.2665,43.0859],[-76.2073,43.1572],[-76.2046,43.1605]]}},{"type":"Feature","properties":{"ident":"J599","type":"CONV","run":1},"geometry":{"type":"LineString","coordinates":[[-115.6461,47.4569],[-115.6628,47.5395],[-115.6795,47.622],[-115.6964,47.7046],[-115.7132,47.7871],[-115.7302,47.8697],[-115.7472,47.9522],[-115.7642,48.0348],[-115.7813,48.1173],[-115.7984,48.1999],[-115.8156,48.2824],[-115.8329,48.3649],[-115.8502,48.4475],[-115.8676,48.53],[-115.885,48.6125],[-115.9025,48.6951],[-115.9201,48.7776],[-115.9377,48.8601],[-115.9553,48.9426],[-115.9594,48.9617],[-115.9676,49.0009],[-116.0256,49.2756],[-116.0441,49.358],[-116.0626,49.4405],[-116.0812,49.5229],[-116.0883,49.5543]]}},{"type":"Feature","properties":{"ident":"J6","type":"CONV","run":1},"geometry":{"type":"LineString","coordinates":[[-121.6032,36.6638],[-121.5434,36.5957],[-121.4836,36.5276],[-121.424,36.4595],[-121.3645,36.3913],[-121.3051,36.323],[-121.2457,36.2548],[-121.1865,36.1865],[-121.1274,36.1182],[-121.0684,36.0499],[-121.0095,35.9815],[-121.0095,35.9815],[-120.9137,35.9509],[-120.818,35.9202],[-120.7224,35.8895],[-120.6268,35.8587],[-120.5314,35.8278],[-120.436,35.7968],[-120.3406,35.7658],[-120.2454,35.7347],[-120.1502,35.7035],[-120.0551,35.6722],[-119.9786,35.647],[-119.8893,35.6061],[-119.8,35.5652],[-119.7108,35.5242],[-119.6217,35.4832],[-119.5328,35.4421],[-119.4439,35.4009],[-119.3551,35.3596],[-119.2663,35.3183],[-119.1777,35.277],[-119.0892,35.2355],[-119.0007,35.194],[-118.9124,35.1525],[-118.8241,35.1108],[-118.7359,35.0691],[-118.6478,35.0274],[-118.6164,35.0124],[-118.5384,34.959],[-118.4604,34.9055],[-118.3826,34.8519],[-118.3049,34.7984],[-118.2272,34.7447],[-118.1497,34.691],[-118.0723,34.6373],[-118.0638,34.6314],[-117.9634,34.6424],[-117.863,34.6534],[-117.7626,34.6642],[-117.6621,34.675],[-117.5616,34.6857],[-117.4611,34.6963],[-117.3826,34.7045],[-117.282,34.715],[-117.1814,34.7254],[-117.0808,34.7357],[-116.9801,34.7459],[-116.8795,34.756],[-116.7788,34.7661],[-116.6781,34.776],[-116.5773,34.7859],[-116.4766,34.7957],[-116.4629,34.797],[-116.3615,34.7962],[-116.26,34.7953],[-116.1585,34.7944],[-116.0571,34.7933],[-115.9556,34.7922],[-115.8541,34.791],[-115.7527,34.7897],[-115.6512,34.7883],[-115.5498,34.7868],[-115.4483,34.7852],[-115.3469,34.7836],[-115.2455,34.7819],[-115.144,34.7801],[-115.0426,34.7782],[-114.9412,34.7762],[-114.8398,34.7741],[-114.7384,34.772],[-114.6369,34.7698],[-114.5355,34.7675],[-114.4741,34.766],[-114.3727,34.7636],[-114.2713,34.761],[-114.17,34.7584],[-114.0686,34.7557],[-113.9672,34.753],[-113.8659,34.7501],[-113.7645,34.7472],[-113.6632,34.7441],[-113.5618,34.741],[-113.4605,34.7378],[-113.3592,34.7346],[-113.2578,34.7312],[-113.1565,34.7277],[-113.0552,34.7242],[-112.954,34.7206],[-112.8527,34.7169],[-112.7618,34.7135],[-112.6605,34.7096],[-112.5592,34.7057],[-112.4804,34.7026],[-112.3796,34.7119],[-112.2789,34.7211],[-112.1781,34.7303],[-112.0773,34.7394],[-111.9765,34.7484],[-111.8756,34.7573],[-111.7748,34.7661],[-111.6739,34.7749],[-111.573,34.7835],[-111.4721,34.7921],[-111.3711,34.8006],[-111.2702,34.809],[-111.1692,34.8174],[-111.0682,34.8256],[-110.9671,34.8338],[-110.8661,34.8419],[-110.765,34.8499],[-110.6639,34.8578],[-110.5628,34.8656],[-110.5114,34.8696],[-110.4103,34.8773],[-110.3092,34.8849],[-110.208,34.8924],[-110.1068,34.8998],[-110.0056,34.9072],[-109.9044,34.9145],[-109.8031,34.9217],[-109.7018,34.9288],[-109.6006,34.9358],[-109.4993,34.9428],[-109.3979,34.9496],[-109.2966,34.9564],[-109.1953,34.9631],[-109.1545,34.9658],[-109.053,34.9701],[-108.9514,34.9743],[-108.8498,34.9785],[-108.7483,34.9825],[-108.6467,34.9865],[-108.5451,34.9904],[-108.4435,34.9943],[-108.3418,34.998],[-108.2402,35.0016],[-108.1386,35.0052],[-108.0369,35.0087],[-107.9353,35.0121],[-107.8336,35.0154],[-107.7319,35.0186],[-107.6302,35.0217],[-107.5286,35.0248],[-107.4269,35.0278],[-107.3252,35.0306],[-107.2235,35.0334],[-107.1217,35.0362],[-107.02,35.0388],[-106.9183,35.0413],[-106.8165,35.0438],[-106.8163,35.0438],[-106.7148,35.0495],[-106.6132,35.0551],[-106.5116,35.0606],[-106.41,35.066],[-106.3084,35.0713],[-106.2068,35.0766],[-106.1052,35.0818],[-106.0036,35.0868],[-105.9019,35.0918],[-105.8002,35.0967],[-105.6985,35.1016],[-105.5969,35.1063],[-105.4952,35.111],[-105.3934,35.1156],[-105.2917,35.12],[-105.19,35.1244],[-105.0882,35.1288],[-104.9865,35.133],[-104.8847,35.1371],[-104.7829,35.1412],[-104.6811,35.1452],[-104.5793,35.1491],[-104.4775,35.1529],[-104.3757,35.1566],[-104.2739,35.1603],[-104.172,35.1638],[-104.0702,35.1673],[-103.9683,35.1707],[-103.8665,35.1739],[-103.7646,35.1772],[-103.6627,35.1803],[-103.5986,35.1822],[-103.4967,35.1858],[-103.3949,35.1893],[-103.293,35.1927],[-103.1911,35.1961],[-103.0892,35.1993],[-102.9873,35.2025],[-102.8854,35.2055],[-102.7835,35.2085],[-102.6815,35.2114],[-102.5796,35.2143],[-102.4777,35.217],[-102.3757,35.2196],[-102.2737,35.2222],[-102.1718,35.2247],[-102.0698,35.2271],[-101.9678,35.2294],[-101.8659,35.2316],[-101.7639,35.2338],[-101.699,35.2351],[-101.5972,35.2398],[-101.4953,35.2445],[-101.3934,35.2491],[-101.2915,35.2536],[-101.1896,35.258],[-101.0877,35.2623],[-100.9858,35.2666],[-100.8839,35.2707],[-100.7819,35.2748],[-100.68,35.2788],[-100.578,35.2827],[-100.476,35.2865],[-100.374,35.2903],[-100.272,35.2939],[-100.17,35.2975],[-100.068,35.3009],[-99.966,35.3043],[-99.864,35.3076],[-99.7619,35.3109],[-99.6599,35.314],[-99.5578,35.317],[-99.4558,35.32],[-99.3537,35.3229],[-99.2516,35.3257],[-99.1495,35.3284],[-99.0474,35.331],[-98.9453,35.3335],[-98.8662,35.3354],[-98.7641,35.3378],[-98.662,35.3401],[-98.5599,35.3423],[-98.4578,35.3444],[-98.3556,35.3464],[-98.2535,35.3483],[-98.1514,35.3502],[-98.0492,35.352],[-97.9471,35.3537],[-97.8449,35.3552],[-97.7428,35.3568],[-97.6406,35.3582],[-97.6092,35.3586]]}},{"type":"Feature","properties":{"ident":"J6","type":"CONV","run":2},"geometry":{"type":"LineString","coordinates":[[-81.7699,38.3497],[-81.667,38.3705],[-81.5641,38.3913],[-81.4611,38.4119],[-81.358,38.4325],[-81.2549,38.453],[-81.1517,38.4734],[-81.0484,38.4937],[-80.9451,38.5139],[-80.8418,38.534],[-80.7383,38.554],[-80.6349,38.574],[-80.5313,38.5938],[-80.4277,38.6136],[-80.3241,38.6332],[-80.2204,38.6528],[-80.1748,38.6614],[-80.071,38.6808],[-79.9672,38.7001],[-79.8633,38.7194],[-79.7593,38.7385],[-79.6553,38.7576],[-79.5513,38.7766],[-79.4471,38.7955],[-79.343,38.8142],[-79.2387,38.8329],[-79.1968,38.8404],[-79.1023,38.8794],[-79.0076,38.9184],[-78.9129,38.9573],[-78.8591,38.9792],[-78.7642,39.018],[-78.6691,39.0566],[-78.574,39.0952],[-78.4788,39.1337],[-78.3834,39.1722],[-78.288,39.2105],[-78.1924,39.2488],[-78.0967,39.287],[-78.001,39.3251],[-77.9051,39.3631],[-77.8484,39.3856],[-77.7569,39.4297],[-77.6653,39.4738],[-77.5736,39.5178],[-77.4818,39.5618],[-77.3899,39.6056],[-77.2978,39.6494],[-77.2251,39.6839],[-77.1328,39.7276],[-77.0405,39.7712],[-76.948,39.8147],[-76.8554,39.8581],[-76.7626,39.9015],[-76.7043,39.9288],[-76.6113,39.972],[-76.5183,40.0152],[-76.484,40.0311],[-76.3908,40.0741],[-76.2975,40.1171],[-76.2913,40.12],[-76.1985,40.1638],[-76.1057,40.2075],[-76.0127,40.2511],[-75.9196,40.2947],[-75.8273,40.3377],[-75.734,40.3811],[-75.6409,40.4243],[-75.5474,40.4675],[-75.4536,40.5107],[-75.4004,40.5352],[-75.3065,40.5783],[-75.2125,40.6213],[-75.1183,40.6642],[-75.0765,40.6832],[-74.9822,40.726],[-74.8877,40.7687],[-74.8218,40.7984],[-74.7534,40.8637],[-74.6847,40.9289],[-74.616,40.9941],[-74.5471,41.0592],[-74.5383,41.0675],[-74.5045,41.1469],[-74.4706,41.2262],[-74.462,41.2462],[-74.428,41.3255],[-74.3939,41.4048],[-74.3598,41.4841],[-74.3341,41.5435],[-74.2998,41.6228],[-74.2654,41.7021],[-74.2309,41.7813],[-74.1976,41.8575],[-74.163,41.9367],[-74.1283,42.016],[-74.0934,42.0952],[-74.0585,42.1744],[-74.0318,42.2348],[-73.9968,42.314],[-73.9616,42.3932],[-73.9264,42.4723],[-73.891,42.5515],[-73.8556,42.6306],[-73.8201,42.7097],[-73.8032,42.7473]]}},{"type":"Feature","properties":{"ident":"J60","type":"CONV","run":1},"geometry":{"type":"LineString","coordinates":[[-118.432,33.9332],[-118.3316,33.9318],[-118.2312,33.9304],[-118.1308,33.9289],[-118.0304,33.9274],[-117.93,33.9257],[-117.8295,33.924],[-117.7291,33.9222],[-117.6288,33.9203],[-117.53,33.9183],[-117.4592,33.9775],[-117.39,34.0353],[-117.319,34.0943],[-117.2479,34.1533],[-117.1767,34.2123],[-117.1055,34.2712],[-117.0341,34.3301],[-116.9627,34.389],[-116.9613,34.3901],[-116.8898,34.4489],[-116.8181,34.5076],[-116.7463,34.5664],[-116.6745,34.625],[-116.6025,34.6837],[-116.5304,34.7423],[-116.4629,34.797],[-116.3887,34.8539],[-116.3144,34.9107],[-116.24,34.9675],[-116.1655,35.0242],[-116.0909,35.0809],[-116.0162,35.1376],[-115.9414,35.1942],[-115.8665,35.2507],[-115.7915,35.3072],[-115.7163,35.3637],[-115.6411,35.4201],[-115.5658,35.4765],[-115.4903,35.5328],[-115.4148,35.5891],[-115.3391,35.6453],[-115.2634,35.7015],[-115.1875,35.7576],[-115.1115,35.8137],[-115.0354,35.8697],[-114.9592,35.9257],[-114.8829,35.9816],[-114.8636,35.9958],[-114.785,36.0497],[-114.7064,36.1036],[-114.6276,36.1574],[-114.5487,36.2112],[-114.4697,36.2649],[-114.3906,36.3185],[-114.3114,36.3721],[-114.2321,36.4257],[-114.1527,36.4792],[-114.0731,36.5326],[-113.9935,36.586],[-113.9137,36.6394],[-113.8339,36.6927],[-113.7539,36.7459],[-113.6738,36.7991],[-113.5936,36.8522],[-113.5133,36.9053],[-113.4329,36.9583],[-113.3523,37.0113],[-113.2717,37.0642],[-113.1909,37.117],[-113.1101,37.1698],[-113.0291,37.2226],[-112.948,37.2753],[-112.8668,37.3279],[-112.7854,37.3805],[-112.704,37.433],[-112.6224,37.4855],[-112.5408,37.5379],[-112.459,37.5903],[-112.3771,37.6426],[-112.3039,37.6892],[-112.2131,37.7314],[-112.1221,37.7735],[-112.0311,37.8155],[-111.9399,37.8575],[-111.8487,37.8994],[-111.7573,37.9412],[-111.6658,37.983],[-111.5743,38.0246],[-111.4826,38.0663],[-111.3908,38.1078],[-111.2989,38.1493],[-111.2069,38.1907],[-111.1148,38.232],[-111.0227,38.2733],[-110.9304,38.3144],[-110.8379,38.3556],[-110.7454,38.3966],[-110.6998,38.4168],[-110.5999,38.4456],[-110.5,38.4743],[-110.4,38.5029],[-110.3,38.5315],[-110.1998,38.5599],[-110.0996,38.5883],[-109.9993,38.6166],[-109.8989,38.6448],[-109.7985,38.6729],[-109.6979,38.7009],[-109.5973,38.7289],[-109.4966,38.7567],[-109.3959,38.7845],[-109.295,38.8122],[-109.1941,38.8398],[-109.0931,38.8673],[-108.992,38.8947],[-108.8908,38.922],[-108.7896,38.9493],[-108.6883,38.9764],[-108.5869,39.0035],[-108.4854,39.0305],[-108.3839,39.0574],[-108.2822,39.0842],[-108.1805,39.1109],[-108.0787,39.1375],[-107.9769,39.1641],[-107.8749,39.1905],[-107.7729,39.2169],[-107.6708,39.2431],[-107.5687,39.2693],[-107.4664,39.2954],[-107.3641,39.3214],[-107.2617,39.3473],[-107.1593,39.3732],[-107.0567,39.3989],[-106.9541,39.4246],[-106.8947,39.4394],[-106.7906,39.4613],[-106.6864,39.4832],[-106.5822,39.505],[-106.4779,39.5267],[-106.3736,39.5483],[-106.2691,39.5698],[-106.1647,39.5913],[-106.0601,39.6126],[-105.9555,39.6338],[-105.8508,39.655],[-105.7461,39.676],[-105.6413,39.6969],[-105.5364,39.7178],[-105.4315,39.7386],[-105.3265,39.7592],[-105.2214,39.7798],[-105.1163,39.8003],[-105.0111,39.8207],[-104.9059,39.841],[-104.8006,39.8611],[-104.6952,39.8812],[-104.6243,39.8947],[-104.5182,39.9125],[-104.4121,39.9302],[-104.3058,39.9479],[-104.1996,39.9654],[-104.0932,39.9828],[-103.9868,40.0001],[-103.8804,40.0174],[-103.7739,40.0345],[-103.6674,40.0516],[-103.5608,40.0685],[-103.4541,40.0853],[-103.3474,40.1021],[-103.2406,40.1187],[-103.1338,40.1353],[-103.027,40.1517],[-102.92,40.1681],[-102.8131,40.1843],[-102.7061,40.2005],[-102.599,40.2166],[-102.4919,40.2325],[-102.3847,40.2484],[-102.2775,40.2641],[-102.1702,40.2798],[-102.0629,40.2954],[-101.9555,40.3108],[-101.8481,40.3262],[-101.7406,40.3415],[-101.6331,40.3566],[-101.5256,40.3717],[-101.418,40.3867],[-101.3103,40.4015],[-101.2026,40.4163],[-101.0948,40.431],[-100.987,40.4455],[-100.9236,40.4541],[-100.8156,40.4682],[-100.7077,40.4822],[-100.5996,40.4961],[-100.4916,40.5099],[-100.3834,40.5236],[-100.2753,40.5373],[-100.1671,40.5508],[-100.0588,40.5642],[-99.9505,40.5775],[-99.8422,40.5907],[-99.7338,40.6038],[-99.6254,40.6168],[-99.5169,40.6297],[-99.4084,40.6425],[-99.2999,40.6552],[-99.1913,40.6678],[-99.0827,40.6803],[-98.974,40.6927],[-98.8653,40.705],[-98.7565,40.7172],[-98.6477,40.7293],[-98.5389,40.7413],[-98.43,40.7532],[-98.3747,40.7592],[-98.2658,40.7709],[-98.1568,40.7825],[-98.0478,40.7941],[-97.9388,40.8055],[-97.8297,40.8168],[-97.7206,40.828],[-97.6114,40.8391],[-97.5022,40.8501],[-97.393,40.861],[-97.2837,40.8718],[-97.1745,40.8825],[-97.0651,40.8931],[-96.9558,40.9036],[-96.8464,40.914],[-96.742,40.9238],[-96.6335,40.9389],[-96.525,40.9538],[-96.4164,40.9687],[-96.3078,40.9835],[-96.1991,40.9981],[-96.0904,41.0127],[-95.9816,41.0272],[-95.8728,41.0415],[-95.764,41.0558],[-95.655,41.0699],[-95.5461,41.084],[-95.4371,41.0979],[-95.328,41.1118],[-95.2189,41.1255],[-95.1098,41.1392],[-95.0006,41.1527],[-94.8914,41.1661],[-94.7821,41.1795],[-94.6728,41.1927],[-94.5634,41.2058],[-94.454,41.2188],[-94.3445,41.2318],[-94.235,41.2446],[-94.1255,41.2573],[-94.0159,41.2699],[-93.9063,41.2824],[-93.7966,41.2948],[-93.6869,41.3071],[-93.5772,41.3193],[-93.4674,41.3313],[-93.3575,41.3433],[-93.2477,41.3552],[-93.1378,41.367],[-93.0278,41.3786],[-92.9178,41.3902],[-92.8078,41.4017],[-92.6977,41.413],[-92.5876,41.4243],[-92.4901,41.4341],[-92.38,41.4452],[-92.2697,41.4561],[-92.1595,41.4669],[-92.0492,41.4776],[-91.9389,41.4883],[-91.8285,41.4988],[-91.7181,41.5092],[-91.6133,41.519],[-91.502,41.5214],[-91.3908,41.5238],[-91.2795,41.526],[-91.1682,41.5282],[-91.0569,41.5302],[-90.9457,41.5321],[-90.8344,41.534],[-90.7231,41.5357],[-90.6118,41.5373],[-90.5005,41.5388],[-90.3891,41.5402],[-90.2778,41.5415],[-90.1665,41.5426],[-90.0552,41.5437],[-89.9438,41.5447],[-89.8325,41.5455],[-89.7212,41.5463],[-89.6098,41.5469],[-89.4985,41.5474],[-89.3872,41.5479],[-89.3364,41.548],[-89.225,41.5483],[-89.1137,41.5484],[-89.0023,41.5485],[-88.891,41.5484],[-88.7797,41.5483],[-88.6683,41.548],[-88.557,41.5476],[-88.4456,41.5471],[-88.3343,41.5465],[-88.3184,41.5464]]}},{"type":"Feature","properties":{"ident":"J60","type":"CONV","run":2},"geometry":{"type":"LineString","coordinates":[[-82.162,41.3581],[-82.0517,41.3484],[-81.9415,41.3386],[-81.8313,41.3288],[-81.7211,41.3188],[-81.611,41.3087],[-81.5776,41.3056],[-81.4675,41.2954],[-81.3575,41.285],[-81.2475,41.2746],[-81.1375,41.264],[-81.0276,41.2534],[-80.9177,41.2426],[-80.8078,41.2318],[-80.698,41.2208],[-80.5882,41.2097],[-80.4784,41.1986],[-80.4161,41.1922],[-80.3064,41.1808],[-80.1968,41.1694],[-80.1563,41.1651],[-80.0467,41.1535],[-79.9372,41.1418],[-79.8276,41.13],[-79.7181,41.1181],[-79.6087,41.1061],[-79.4993,41.094],[-79.3899,41.0818],[-79.2806,41.0695],[-79.1713,41.0571],[-79.0621,41.0446],[-78.9529,41.0319],[-78.8437,41.0192],[-78.7346,41.0064],[-78.6255,40.9934],[-78.5165,40.9804],[-78.4276,40.9697],[-78.3186,40.9565],[-78.2097,40.9431],[-78.1008,40.9297],[-77.9927,40.9163],[-77.8842,40.9016],[-77.7757,40.8869],[-77.6899,40.8751],[-77.5814,40.8602],[-77.4731,40.8452],[-77.4347,40.8398],[-77.3264,40.8246],[-77.2182,40.8094],[-77.11,40.794],[-77.0018,40.7785],[-76.8937,40.7629],[-76.7857,40.7472],[-76.6777,40.7315],[-76.5698,40.7156],[-76.4619,40.6996],[-76.354,40.6835],[-76.2463,40.6673],[-76.2402,40.6664],[-76.1356,40.692],[-76.0309,40.7174],[-75.9261,40.7427],[-75.8213,40.7679],[-75.7164,40.7931],[-75.6114,40.8181],[-75.5063,40.8431],[-75.4012,40.8679],[-75.399,40.8684],[-75.2937,40.8932],[-75.1884,40.9178],[-75.1708,40.922],[-75.0654,40.9465],[-74.9599,40.971],[-74.9598,40.971],[-74.8543,40.9953],[-74.7486,41.0196],[-74.6429,41.0438],[-74.5383,41.0675]]}},{"type":"Feature","properties":{"ident":"J61","type":"CONV","run":1},"geometry":{"type":"LineString","coordinates":[[-76.9786,39.495],[-77.0298,39.5684],[-77.081,39.6418],[-77.1324,39.7151],[-77.184,39.7884],[-77.2356,39.8617],[-77.2873,39.935],[-77.2984,39.9507],[-77.3502,40.0239],[-77.4022,40.0971],[-77.4464,40.1592],[-77.4986,40.2324],[-77.5509,40.3055],[-77.6033,40.3787],[-77.6558,40.4518],[-77.7085,40.5248],[-77.7612,40.5979],[-77.8039,40.6569],[-77.8569,40.7299],[-77.91,40.8029],[-77.9632,40.8758],[-77.9927,40.9163]]}},{"type":"Feature","properties":{"ident":"J64","type":"CONV","run":1},"geometry":{"type":"LineString","coordinates":[[-118.432,33.9332],[-118.3323,33.9433],[-118.2326,33.9534],[-118.1329,33.9634],[-118.0331,33.9733],[-117.9333,33.9831],[-117.8335,33.9929],[-117.7906,33.9971],[-117.6908,34.0067],[-117.5909,34.0163],[-117.491,34.0258],[-117.3911,34.0352],[-117.39,34.0353],[-117.319,34.0943],[-117.2479,34.1533],[-117.1767,34.2123],[-117.1055,34.2712],[-117.0341,34.3301],[-116.9627,34.389],[-116.9613,34.3901],[-116.8898,34.4489],[-116.8181,34.5076],[-116.7463,34.5664],[-116.6745,34.625],[-116.6025,34.6837],[-116.5304,34.7423],[-116.4629,34.797],[-116.3676,34.8256],[-116.2722,34.8541],[-116.1767,34.8825],[-116.0812,34.9109],[-115.9856,34.9392],[-115.9676,34.9445],[-115.8718,34.9725],[-115.776,35.0004],[-115.6801,35.0283],[-115.5842,35.0561],[-115.4882,35.0838],[-115.3921,35.1115],[-115.2959,35.139],[-115.1997,35.1665],[-115.1035,35.1939],[-115.0071,35.2213],[-114.9107,35.2485],[-114.8142,35.2757],[-114.7177,35.3028],[-114.6211,35.3298],[-114.5244,35.3568],[-114.4277,35.3837],[-114.3309,35.4105],[-114.234,35.4372],[-114.1371,35.4639],[-114.0401,35.4904],[-113.9431,35.5169],[-113.846,35.5433],[-113.7488,35.5697],[-113.6515,35.5959],[-113.5542,35.6221],[-113.5445,35.6247],[-113.4458,35.6473],[-113.347,35.6698],[-113.2482,35.6922],[-113.1493,35.7145],[-113.0504,35.7367],[-112.9515,35.7589],[-112.8524,35.781],[-112.7533,35.803],[-112.6542,35.8249],[-112.555,35.8468],[-112.4558,35.8685],[-112.3564,35.8902],[-112.2571,35.9118],[-112.1577,35.9333],[-112.0582,35.9547],[-111.9587,35.9761],[-111.8591,35.9973],[-111.7595,36.0185],[-111.6598,36.0396],[-111.5601,36.0606],[-111.4603,36.0816],[-111.3604,36.1024],[-111.2696,36.1213],[-111.1698,36.1425],[-111.07,36.1636],[-110.9701,36.1846],[-110.8712,36.2053],[-110.7712,36.2262],[-110.6711,36.2469],[-110.571,36.2676],[-110.4709,36.2882],[-110.3707,36.3087],[-110.352,36.3125],[-110.2517,36.3329],[-110.1514,36.3533],[-110.051,36.3735],[-109.9506,36.3937],[-109.8501,36.4137],[-109.7495,36.4337],[-109.6489,36.4536],[-109.5483,36.4734],[-109.4476,36.4932],[-109.3469,36.5128],[-109.2461,36.5324],[-109.1452,36.5519],[-109.0443,36.5713],[-108.9434,36.5906],[-108.8424,36.6098],[-108.7413,36.6289],[-108.6402,36.648],[-108.5391,36.667],[-108.4379,36.6858],[-108.3366,36.7046],[-108.2354,36.7233],[-108.134,36.742],[-108.0989,36.7484],[-108.008,36.7889],[-107.917,36.8293],[-107.8258,36.8696],[-107.7346,36.9099],[-107.6433,36.9501],[-107.5519,36.9902],[-107.4604,37.0302],[-107.3688,37.0702],[-107.2771,37.1101],[-107.1853,37.15],[-107.0934,37.1898],[-107.0014,37.2295],[-106.9093,37.2691],[-106.8171,37.3086],[-106.7248,37.3481],[-106.6324,37.3875],[-106.54,37.4269],[-106.4474,37.4662],[-106.3547,37.5053],[-106.2619,37.5445],[-106.1691,37.5835],[-106.0761,37.6225],[-105.9831,37.6614],[-105.8899,37.7002],[-105.7966,37.739],[-105.7033,37.7777],[-105.6098,37.8163],[-105.5163,37.8548],[-105.4226,37.8933],[-105.3289,37.9317],[-105.2351,37.97],[-105.1411,38.0083],[-105.0471,38.0464],[-104.9529,38.0845],[-104.8587,38.1225],[-104.7644,38.1605],[-104.6699,38.1983],[-104.5754,38.2361],[-104.4808,38.2738],[-104.4295,38.2943],[-104.3283,38.3196],[-104.227,38.3448],[-104.1257,38.3699],[-104.0243,38.395],[-103.9229,38.4199],[-103.8213,38.4448],[-103.7197,38.4696],[-103.6181,38.4943],[-103.5163,38.5189],[-103.4145,38.5434],[-103.3126,38.5678],[-103.2107,38.5921],[-103.1087,38.6164],[-103.0066,38.6406],[-102.9044,38.6646],[-102.8022,38.6886],[-102.6999,38.7125],[-102.5976,38.7363],[-102.4951,38.76],[-102.3926,38.7837],[-102.2901,38.8072],[-102.1874,38.8307],[-102.0847,38.854],[-101.982,38.8773],[-101.8791,38.9005],[-101.7763,38.9236],[-101.6733,38.9466],[-101.5703,38.9695],[-101.4672,38.9923],[-101.364,39.015],[-101.2608,39.0376],[-101.1575,39.0602],[-101.0541,39.0826],[-100.9507,39.105],[-100.8472,39.1273],[-100.7436,39.1495],[-100.64,39.1715],[-100.5363,39.1935],[-100.4325,39.2154],[-100.3287,39.2372],[-100.2259,39.2588]]}},{"type":"Feature","properties":{"ident":"J64","type":"CONV","run":2},"geometry":{"type":"LineString","coordinates":[[-85.1881,40.9791],[-85.0777,40.978],[-84.9673,40.9768],[-84.857,40.9755],[-84.7466,40.9741],[-84.6363,40.9726],[-84.5259,40.971],[-84.4156,40.9693],[-84.3052,40.9675],[-84.2008,40.9657],[-84.0905,40.9636],[-83.9802,40.9615],[-83.8699,40.9593],[-83.7596,40.9569],[-83.6493,40.9545],[-83.539,40.9519],[-83.4287,40.9492],[-83.3185,40.9465],[-83.2082,40.9436],[-83.098,40.9406],[-82.9877,40.9375],[-82.8775,40.9344],[-82.7673,40.9311],[-82.6571,40.9277],[-82.5469,40.9242],[-82.4367,40.9206],[-82.4307,40.9204],[-82.3206,40.9167],[-82.2104,40.9128],[-82.1003,40.9089],[-81.9901,40.9049],[-81.88,40.9008],[-81.7699,40.8966],[-81.688,40.8934],[-81.5779,40.8889],[-81.4679,40.8843],[-81.3578,40.8796],[-81.2478,40.8749],[-81.1443,40.8703],[-81.0343,40.8653],[-80.9244,40.8603],[-80.8144,40.8551],[-80.7044,40.8498],[-80.5945,40.8445],[-80.4846,40.839],[-80.3747,40.8334],[-80.2648,40.8277],[-80.2115,40.8249],[-80.1018,40.8184],[-79.992,40.8117],[-79.8823,40.805],[-79.7726,40.7981],[-79.6629,40.7911],[-79.5532,40.784],[-79.4436,40.7769],[-79.334,40.7696],[-79.2244,40.7622],[-79.1148,40.7547],[-79.0053,40.7471],[-78.8958,40.7394],[-78.7863,40.7316],[-78.6768,40.7237],[-78.5674,40.7157],[-78.458,40.7076],[-78.3486,40.6993],[-78.2392,40.691],[-78.1299,40.6826],[-78.0206,40.6741],[-77.9113,40.6654],[-77.8039,40.6569],[-77.6947,40.648],[-77.5855,40.639],[-77.5706,40.6378],[-77.4615,40.6288],[-77.4385,40.6268],[-77.3294,40.6176],[-77.2203,40.6083],[-77.1112,40.5989],[-77.0022,40.5894],[-76.8932,40.5798],[-76.7842,40.5701],[-76.6753,40.5603],[-76.5994,40.5534],[-76.492,40.5365],[-76.3847,40.5195],[-76.2774,40.5024],[-76.1702,40.4852],[-76.063,40.4679],[-75.9728,40.4533],[-75.8879,40.4393]]}},{"type":"Feature","properties":{"ident":"J65","type":"CONV","run":1},"geometry":{"type":"LineString","coordinates":[[-98.4613,29.644],[-98.5189,29.7107],[-98.5765,29.7773],[-98.6342,29.8439],[-98.692,29.9105],[-98.7499,29.9771],[-98.8078,30.0436],[-98.8658,30.1101],[-98.9239,30.1766],[-98.9821,30.243],[-99.0404,30.3095],[-99.0987,30.3759],[-99.1571,30.4422],[-99.2156,30.5086],[-99.2742,30.5749],[-99.3329,30.6412],[-99.3916,30.7075],[-99.4504,30.7737],[-99.5093,30.84],[-99.5683,30.9061],[-99.6273,30.9723],[-99.6865,31.0385],[-99.7457,31.1046],[-99.805,31.1706],[-99.8634,31.2356],[-99.8634,31.319],[-99.8634,31.4023],[-99.8634,31.4856],[-99.8634,31.5689],[-99.8634,31.6523],[-99.8634,31.7356],[-99.8634,31.8189],[-99.8634,31.9023],[-99.8634,31.9856],[-99.8635,32.0689],[-99.8635,32.1523],[-99.8635,32.2356],[-99.8635,32.3189],[-99.8635,32.4022],[-99.8635,32.4813],[-99.9596,32.5006],[-100.0557,32.5198],[-100.1519,32.5389],[-100.2482,32.5579],[-100.3445,32.5769],[-100.4408,32.5958],[-100.5372,32.6146],[-100.6336,32.6333],[-100.73,32.652],[-100.8265,32.6706],[-100.923,32.6891],[-101.0196,32.7075],[-101.1162,32.7259],[-101.2129,32.7442],[-101.3095,32.7624],[-101.4063,32.7806],[-101.503,32.7986],[-101.5998,32.8166],[-101.6967,32.8345],[-101.7936,32.8524],[-101.8905,32.8702],[-101.9874,32.8879],[-102.0844,32.9055],[-102.1815,32.923],[-102.2785,32.9405],[-102.3757,32.9579],[-102.4728,32.9752],[-102.57,32.9925],[-102.6672,33.0097],[-102.7645,33.0268],[-102.8618,33.0438],[-102.9591,33.0607],[-103.0565,33.0776],[-103.1539,33.0944],[-103.2514,33.1111],[-103.3489,33.1278],[-103.4464,33.1443],[-103.544,33.1608],[-103.6416,33.1772],[-103.7392,33.1936],[-103.8369,33.2099],[-103.9346,33.226],[-104.0323,33.2421],[-104.1301,33.2582],[-104.2279,33.2741],[-104.3258,33.29],[-104.4237,33.3058],[-104.5216,33.3216],[-104.6195,33.3372],[-104.6213,33.3375],[-104.721,33.3364],[-104.8207,33.3353],[-104.9205,33.3341],[-105.0202,33.3328],[-105.1199,33.3315],[-105.2196,33.3301],[-105.3193,33.3285],[-105.4191,33.3269],[-105.5188,33.3253],[-105.6185,33.3235],[-105.7182,33.3217],[-105.8179,33.3198],[-105.9176,33.3178],[-106.0172,33.3157],[-106.1169,33.3135],[-106.2166,33.3113],[-106.3163,33.309],[-106.416,33.3066],[-106.5156,33.3041],[-106.6153,33.3016],[-106.7149,33.299],[-106.8146,33.2962],[-106.9142,33.2935],[-107.0138,33.2906],[-107.1135,33.2876],[-107.2131,33.2846],[-107.2806,33.2825],[-107.3801,33.2875],[-107.4796,33.2925],[-107.5791,33.2974],[-107.6786,33.3021],[-107.7782,33.3069],[-107.8777,33.3115],[-107.9773,33.316],[-108.0458,33.3191],[-108.1454,33.3235],[-108.245,33.3279],[-108.3446,33.3322],[-108.4442,33.3363],[-108.5438,33.3404],[-108.6434,33.3445],[-108.7431,33.3484],[-108.8427,33.3523],[-108.9424,33.3561],[-109.042,33.3598],[-109.1417,33.3634],[-109.2414,33.367],[-109.3411,33.3704],[-109.4408,33.3738],[-109.5405,33.3771],[-109.6402,33.3804],[-109.7399,33.3835],[-109.8397,33.3866],[-109.9394,33.3896],[-110.0392,33.3925],[-110.1389,33.3953],[-110.2387,33.3981],[-110.3384,33.4007],[-110.4382,33.4033],[-110.538,33.4059],[-110.6377,33.4083],[-110.7375,33.4106],[-110.8373,33.4129],[-110.9371,33.4151],[-111.0369,33.4172],[-111.1367,33.4193],[-111.1738,33.42],[-111.2736,33.4219],[-111.3734,33.4237],[-111.4733,33.4255],[-111.5731,33.4272],[-111.6729,33.4288],[-111.7727,33.4303],[-111.8726,33.4317],[-111.9702,33.433],[-112.07,33.4357],[-112.1698,33.4384],[-112.2696,33.441],[-112.3695,33.4434],[-112.4693,33.4459],[-112.5691,33.4482],[-112.6689,33.4504],[-112.7688,33.4526],[-112.8686,33.4547],[-112.9685,33.4567],[-113.0683,33.4586],[-113.1682,33.4605],[-113.2681,33.4622],[-113.3489,33.4636],[-113.4481,33.4734],[-113.5473,33.4832],[-113.6466,33.4929],[-113.7458,33.5025],[-113.8451,33.512],[-113.8889,33.5162],[-113.9882,33.5256],[-114.0875,33.5349],[-114.1869,33.5442],[-114.2863,33.5534],[-114.3857,33.5624],[-114.4851,33.5715],[-114.5845,33.5804],[-114.684,33.5892],[-114.7613,33.5961],[-114.8543,33.6268],[-114.9474,33.6575],[-115.0405,33.688],[-115.1337,33.7186],[-115.227,33.749],[-115.3203,33.7794],[-115.4137,33.8097],[-115.4566,33.8236],[-115.5501,33.8538],[-115.6437,33.8839],[-115.7374,33.9139],[-115.8311,33.9439],[-115.9248,33.9738],[-116.0187,34.0036],[-116.1126,34.0334],[-116.2066,34.0631],[-116.3006,34.0927],[-116.3947,34.1223],[-116.4889,34.1517],[-116.5831,34.1811],[-116.6774,34.2105],[-116.7718,34.2397],[-116.8662,34.2689],[-116.9607,34.298],[-117.039,34.3221],[-117.1336,34.3511],[-117.2282,34.38],[-117.323,34.4089],[-117.4178,34.4377],[-117.5126,34.4664],[-117.6076,34.495],[-117.7026,34.5236],[-117.7976,34.5521],[-117.8927,34.5805],[-117.9879,34.6089],[-118.0638,34.6314],[-118.1413,34.6852],[-118.2188,34.7389],[-118.2964,34.7925],[-118.3741,34.8461],[-118.4519,34.8997],[-118.5298,34.9532],[-118.6079,35.0066],[-118.6164,35.0124],[-118.6813,35.0766],[-118.7463,35.1407],[-118.8115,35.2048],[-118.8767,35.2689],[-118.9421,35.333],[-119.0075,35.397],[-119.073,35.4609],[-119.0973,35.4846]]}},{"type":"Feature","properties":{"ident":"J65","type":"CONV","run":2},"geometry":{"type":"LineString","coordinates":[[-121.5517,38.4437],[-121.5838,38.5232],[-121.6159,38.6026],[-121.6482,38.6821],[-121.6805,38.7615],[-121.7129,38.8409],[-121.7454,38.9203],[-121.7779,38.9997],[-121.8105,39.0791],[-121.8432,39.1585],[-121.8759,39.2379],[-121.9088,39.3172],[-121.9417,39.3966],[-121.9746,39.4759],[-122.0077,39.5552],[-122.0408,39.6346],[-122.074,39.7139],[-122.1073,39.7932],[-122.1407,39.8725],[-122.1741,39.9518],[-122.2076,40.031],[-122.2364,40.0989],[-122.2167,40.1809],[-122.1969,40.2628],[-122.1771,40.3448],[-122.1573,40.4267],[-122.1374,40.5087],[-122.1175,40.5906],[-122.0975,40.6726],[-122.0775,40.7545],[-122.0574,40.8364],[-122.0373,40.9184],[-122.0171,41.0003],[-121.9969,41.0822],[-121.9766,41.1641],[-121.9562,41.246],[-121.9359,41.3279],[-121.9154,41.4098],[-121.8949,41.4917],[-121.8744,41.5736],[-121.8538,41.6555],[-121.8332,41.7374],[-121.8125,41.8193],[-121.7917,41.9012],[-121.7709,41.9831],[-121.7501,42.065],[-121.7292,42.1468],[-121.7275,42.1531],[-121.7359,42.2362],[-121.7443,42.3193],[-121.7527,42.4024],[-121.7612,42.4855],[-121.7696,42.5686],[-121.7781,42.6517],[-121.7866,42.7348],[-121.7952,42.8179],[-121.8037,42.901],[-121.8123,42.9841],[-121.8209,43.0672],[-121.8295,43.1503],[-121.8382,43.2334],[-121.8469,43.3165],[-121.8556,43.3996],[-121.8643,43.4826],[-121.873,43.5657],[-121.8818,43.6488],[-121.8906,43.7319],[-121.8994,43.815],[-121.9082,43.8981],[-121.9171,43.9812],[-121.926,44.0643],[-121.9349,44.1473],[-121.9439,44.2304],[-121.9528,44.3135],[-121.9618,44.3966],[-121.9708,44.4797],[-121.9799,44.5627],[-121.9889,44.6458],[-121.998,44.7289],[-122.0072,44.812],[-122.0163,44.8951],[-122.0255,44.9781],[-122.0347,45.0612],[-122.0439,45.1443],[-122.0532,45.2274],[-122.0625,45.3104],[-122.0718,45.3935],[-122.0811,45.4766],[-122.0905,45.5597],[-122.0999,45.6427],[-122.1093,45.7258],[-122.1187,45.8089],[-122.1282,45.8919],[-122.1377,45.975],[-122.1472,46.0581],[-122.1568,46.1411],[-122.1664,46.2242],[-122.176,46.3073],[-122.1857,46.3903],[-122.1953,46.4734],[-122.205,46.5564],[-122.2148,46.6395],[-122.2245,46.7226],[-122.2343,46.8056],[-122.2442,46.8887],[-122.254,46.9717],[-122.2639,47.0548],[-122.2738,47.1379],[-122.2838,47.2209],[-122.2938,47.304],[-122.3038,47.387],[-122.3096,47.4354]]}},{"type":"Feature","properties":{"ident":"J66","type":"CONV","run":1},"geometry":{"type":"LineString","coordinates":[[-106.2725,31.9518],[-106.1751,31.9625],[-106.0776,31.9731],[-105.9802,31.9836],[-105.8827,31.994],[-105.7852,32.0044],[-105.6877,32.0147],[-105.5901,32.0249],[-105.4926,32.035],[-105.395,32.0451],[-105.2974,32.0551],[-105.1998,32.065],[-105.1021,32.0749],[-105.0045,32.0846],[-104.9068,32.0943],[-104.8091,32.104],[-104.7113,32.1135],[-104.6136,32.123],[-104.5158,32.1324],[-104.418,32.1417],[-104.3202,32.1509],[-104.2224,32.1601],[-104.1245,32.1692],[-104.0267,32.1782],[-103.9288,32.1872],[-103.8309,32.196],[-103.7329,32.2048],[-103.635,32.2135],[-103.537,32.2222],[-103.439,32.2308],[-103.341,32.2392],[-103.243,32.2477],[-103.145,32.256],[-103.0469,32.2643],[-102.9489,32.2725],[-102.8508,32.2806],[-102.7527,32.2886],[-102.6545,32.2966],[-102.5564,32.3044],[-102.4582,32.3123],[-102.36,32.32],[-102.2619,32.3276],[-102.1636,32.3352],[-102.0654,32.3427],[-101.9672,32.3502],[-101.8689,32.3575],[-101.7706,32.3648],[-101.6723,32.372],[-101.574,32.3791],[-101.4837,32.3856],[-101.3853,32.392],[-101.2869,32.3983],[-101.1885,32.4046],[-101.0901,32.4108],[-100.9916,32.4169],[-100.8932,32.4229],[-100.7947,32.4289],[-100.6962,32.4347],[-100.5977,32.4405],[-100.4992,32.4463],[-100.4007,32.4519],[-100.3021,32.4575],[-100.2036,32.463],[-100.105,32.4684],[-100.0065,32.4737],[-99.9079,32.479],[-99.8635,32.4813],[-99.7665,32.4971],[-99.6694,32.5129],[-99.5724,32.5285],[-99.4753,32.5441],[-99.3781,32.5596],[-99.281,32.5751],[-99.1838,32.5904],[-99.0865,32.6057],[-98.9893,32.621],[-98.892,32.6361],[-98.7946,32.6512],[-98.6973,32.6661],[-98.5999,32.6811],[-98.5025,32.6959],[-98.405,32.7107],[-98.3075,32.7253],[-98.21,32.74],[-98.1124,32.7545],[-98.0148,32.769],[-97.9172,32.7833],[-97.8196,32.7976],[-97.7219,32.8119],[-97.6242,32.826],[-97.5264,32.8401],[-97.4286,32.8541],[-97.3308,32.8681],[-97.233,32.8819],[-97.1794,32.8895],[-97.1029,32.9425],[-97.0263,32.9956],[-96.9496,33.0486],[-96.8728,33.1015],[-96.7959,33.1544],[-96.7189,33.2072],[-96.6418,33.26],[-96.5647,33.3128],[-96.4874,33.3655],[-96.4101,33.4181],[-96.3326,33.4707],[-96.2551,33.5233],[-96.2341,33.5375],[-96.1401,33.5658],[-96.046,33.5941],[-95.9518,33.6223],[-95.8576,33.6504],[-95.7633,33.6784],[-95.669,33.7064],[-95.5746,33.7343],[-95.4801,33.7621],[-95.3856,33.7898],[-95.2957,33.8161],[-95.2011,33.8437],[-95.1064,33.8713],[-95.1042,33.8719],[-95.0094,33.8994],[-94.9146,33.9267],[-94.8197,33.9541],[-94.7247,33.9813],[-94.6297,34.0085],[-94.5346,34.0356],[-94.4395,34.0626],[-94.3443,34.0895],[-94.249,34.1164],[-94.1537,34.1432],[-94.0583,34.1699],[-93.9629,34.1966],[-93.8674,34.2232],[-93.7718,34.2497],[-93.6762,34.2761],[-93.5805,34.3025],[-93.5236,34.3181],[-93.4313,34.3519],[-93.339,34.3856],[-93.2466,34.4192],[-93.1541,34.4527],[-93.0616,34.4862],[-92.9689,34.5196],[-92.8762,34.553],[-92.7834,34.5862],[-92.6906,34.6194],[-92.5977,34.6526],[-92.5047,34.6856],[-92.4116,34.7186],[-92.3184,34.7516],[-92.2252,34.7844],[-92.1521,34.8101],[-92.0514,34.8205],[-91.9506,34.8308],[-91.8499,34.841],[-91.7491,34.8512],[-91.6483,34.8613],[-91.5475,34.8712],[-91.4466,34.8811],[-91.3457,34.8909],[-91.2448,34.9007],[-91.1439,34.9103],[-91.0429,34.9199],[-90.942,34.9294],[-90.841,34.9388],[-90.74,34.9481],[-90.6389,34.9573],[-90.5378,34.9664],[-90.4368,34.9755],[-90.3357,34.9845],[-90.2345,34.9934],[-90.1334,35.0022],[-90.0322,35.0109],[-89.9832,35.0151],[-89.883,35.0006],[-89.7829,34.986],[-89.6828,34.9713],[-89.5827,34.9565],[-89.4827,34.9416],[-89.3827,34.9267],[-89.2827,34.9117],[-89.1828,34.8965],[-89.0829,34.8814],[-88.9831,34.8661],[-88.8832,34.8507],[-88.7835,34.8353],[-88.6837,34.8198],[-88.584,34.8042],[-88.4844,34.7885],[-88.3847,34.7728],[-88.2852,34.7569],[-88.1856,34.741],[-88.0861,34.725],[-87.9866,34.7089],[-87.8872,34.6927],[-87.7878,34.6765],[-87.6884,34.6602],[-87.6866,34.6599],[-87.5873,34.6434],[-87.488,34.6269],[-87.4352,34.6181],[-87.3364,34.5996],[-87.2377,34.5811],[-87.1391,34.5625],[-87.0405,34.5438],[-86.9419,34.5251],[-86.8434,34.5062],[-86.745,34.4873],[-86.6465,34.4683],[-86.5482,34.4493],[-86.4881,34.4376],[-86.3898,34.4184],[-86.2916,34.3991],[-86.1933,34.3798],[-86.0952,34.3603],[-86.0194,34.3453],[-85.9213,34.3257],[-85.8232,34.3061],[-85.7252,34.2864],[-85.6273,34.2666],[-85.5293,34.2467],[-85.4315,34.2268],[-85.3337,34.2067],[-85.2359,34.1866],[-85.1382,34.1665],[-85.1194,34.1626]]}},{"type":"Feature","properties":{"ident":"J67","type":"CONV","run":1},"geometry":{"type":"LineString","coordinates":[[-121.0039,38.0746],[-120.9951,38.1576],[-120.9863,38.2407],[-120.9775,38.3237],[-120.9687,38.4068],[-120.9599,38.4898],[-120.951,38.5728],[-120.9421,38.6559],[-120.9332,38.7389],[-120.9243,38.822],[-120.9153,38.905],[-120.9064,38.988],[-120.8974,39.0711],[-120.8884,39.1541],[-120.8793,39.2371],[-120.8703,39.3202],[-120.8612,39.4032],[-120.8521,39.4862],[-120.843,39.5693],[-120.8339,39.6523],[-120.8247,39.7353],[-120.8155,39.8184],[-120.8063,39.9014],[-120.7971,39.9844],[-120.7878,40.0675],[-120.7786,40.1505],[-120.7693,40.2335],[-120.76,40.3165],[-120.7506,40.3996],[-120.7413,40.4826],[-120.7319,40.5656],[-120.7225,40.6486],[-120.713,40.7317],[-120.7036,40.8147],[-120.6941,40.8977],[-120.6846,40.9807],[-120.6751,41.0637],[-120.6655,41.1468],[-120.6559,41.2298],[-120.6463,41.3128],[-120.6367,41.3958],[-120.627,41.4788],[-120.6174,41.5618],[-120.6077,41.6449],[-120.5979,41.7279],[-120.5882,41.8109],[-120.5784,41.8939],[-120.5686,41.9769],[-120.5588,42.0599],[-120.5489,42.1429],[-120.5391,42.2259],[-120.5292,42.3089],[-120.5192,42.3919],[-120.5093,42.475],[-120.5071,42.4928],[-120.5531,42.569],[-120.5992,42.6451],[-120.6454,42.7212],[-120.6917,42.7973],[-120.7381,42.8733],[-120.7846,42.9494],[-120.8313,43.0254],[-120.878,43.1014],[-120.9249,43.1774],[-120.9719,43.2534],[-121.019,43.3293],[-121.0662,43.4052],[-121.1136,43.4811],[-121.1611,43.557],[-121.2086,43.6329],[-121.2564,43.7087],[-121.3042,43.7846],[-121.3521,43.8604],[-121.4002,43.9362],[-121.4484,44.0119],[-121.4967,44.0877],[-121.5452,44.1634],[-121.5937,44.2391],[-121.6424,44.3148],[-121.6912,44.3905],[-121.7402,44.4661],[-121.7893,44.5417],[-121.8385,44.6174],[-121.8878,44.6929],[-121.9372,44.7685],[-121.9868,44.844],[-122.0366,44.9195],[-122.0864,44.995],[-122.1364,45.0705],[-122.1865,45.146],[-122.2367,45.2214],[-122.2871,45.2968],[-122.3376,45.3722],[-122.3883,45.4476],[-122.439,45.5229],[-122.49,45.5982],[-122.541,45.6735],[-122.5916,45.7478]]}},{"type":"Feature","properties":{"ident":"J68","type":"CONV","run":1},"geometry":{"type":"LineString","coordinates":[[-93.3732,45.1457],[-93.2616,45.1184],[-93.1501,45.091],[-93.0387,45.0636],[-92.9274,45.036],[-92.8162,45.0083],[-92.7051,44.9805],[-92.5941,44.9525],[-92.4833,44.9245],[-92.3725,44.8964],[-92.2619,44.8682],[-92.1513,44.8398],[-92.0409,44.8114],[-91.9306,44.7828],[-91.8251,44.7554],[-91.7332,44.7035],[-91.6416,44.6516],[-91.5501,44.5996],[-91.4587,44.5476],[-91.3675,44.4954],[-91.2765,44.4432],[-91.1857,44.391],[-91.095,44.3386],[-91.0045,44.2862],[-90.9141,44.2337],[-90.8239,44.1811],[-90.7338,44.1285],[-90.644,44.0758],[-90.5542,44.023],[-90.4647,43.9702],[-90.3753,43.9173],[-90.286,43.8643],[-90.1969,43.8112],[-90.108,43.7581],[-90.0192,43.7049],[-89.9306,43.6517],[-89.8422,43.5983],[-89.7636,43.5508],[-89.6567,43.5203],[-89.5498,43.4897],[-89.4431,43.4589],[-89.3365,43.4281],[-89.23,43.3972],[-89.1235,43.3662],[-89.0172,43.335],[-88.9111,43.3038],[-88.805,43.2725],[-88.699,43.2411],[-88.5931,43.2095],[-88.4874,43.1779],[-88.3817,43.1462],[-88.2844,43.1169],[-88.1704,43.1224],[-88.0565,43.1279],[-87.9426,43.1332],[-87.8286,43.1385],[-87.7146,43.1436],[-87.6006,43.1486],[-87.4866,43.1535],[-87.3725,43.1582],[-87.2585,43.1629],[-87.1444,43.1675],[-87.0303,43.1719],[-86.9162,43.1762],[-86.8021,43.1804],[-86.6879,43.1845],[-86.5738,43.1885],[-86.4596,43.1924],[-86.3454,43.1961],[-86.2733,43.1984],[-86.1597,43.1893],[-86.0461,43.18],[-85.9326,43.1705],[-85.8191,43.161],[-85.7056,43.1514],[-85.5922,43.1416],[-85.4788,43.1318],[-85.3654,43.1218],[-85.2521,43.1117],[-85.1388,43.1015],[-85.0256,43.0912],[-84.9124,43.0808],[-84.7992,43.0702],[-84.6861,43.0596],[-84.573,43.0488],[-84.46,43.038],[-84.347,43.027],[-84.234,43.0159],[-84.1211,43.0047],[-84.0082,42.9934],[-83.8953,42.982],[-83.7826,42.9704],[-83.747,42.9668]]}},{"type":"Feature","properties":{"ident":"J7","type":"CONV","run":1},"geometry":{"type":"LineString","coordinates":[[-118.432,33.9332],[-118.4982,33.9959],[-118.5644,34.0586],[-118.6308,34.1212],[-118.6972,34.1838],[-118.7637,34.2464],[-118.8304,34.309],[-118.8813,34.3567],[-118.9386,34.4253],[-118.996,34.4939],[-119.0535,34.5625],[-119.111,34.631],[-119.1343,34.6587],[-119.192,34.7272],[-119.2498,34.7957],[-119.3077,34.8642],[-119.3657,34.9326],[-119.4238,35.001],[-119.482,35.0693],[-119.5403,35.1377],[-119.5987,35.206],[-119.6415,35.2559],[-119.6384,35.3392],[-119.6354,35.4225],[-119.6323,35.5058],[-119.6292,35.5891],[-119.6262,35.6724],[-119.6231,35.7557],[-119.62,35.839],[-119.6169,35.9222],[-119.6147,35.9814],[-119.6133,36.0647],[-119.6119,36.148],[-119.6105,36.2314],[-119.6091,36.3147],[-119.6076,36.398],[-119.6062,36.4813],[-119.6048,36.5646],[-119.6034,36.648],[-119.6019,36.7313],[-119.6005,36.8146],[-119.599,36.8979],[-119.5976,36.9813],[-119.5962,37.0646],[-119.5955,37.1044],[-119.5975,37.1877],[-119.5995,37.2711],[-119.6015,37.3544],[-119.6035,37.4377],[-119.6056,37.521],[-119.6076,37.6043],[-119.6097,37.6876],[-119.6117,37.7709],[-119.6138,37.8543],[-119.6158,37.9376],[-119.6179,38.0209],[-119.6199,38.1042],[-119.622,38.1875],[-119.6241,38.2708],[-119.6262,38.3541],[-119.6283,38.4375],[-119.6303,38.5208],[-119.6324,38.6041],[-119.6345,38.6874],[-119.6352,38.7151],[-119.6373,38.7984],[-119.6395,38.8818],[-119.6416,38.9651],[-119.6437,39.0484],[-119.6458,39.1317],[-119.648,39.215],[-119.6501,39.2983],[-119.6522,39.3816],[-119.6544,39.465],[-119.6561,39.5313],[-119.6135,39.6079],[-119.5708,39.6844],[-119.528,39.761],[-119.4851,39.8375],[-119.4421,39.9141],[-119.399,39.9906],[-119.3559,40.0671],[-119.3126,40.1435],[-119.2692,40.22],[-119.2258,40.2964],[-119.1822,40.3729],[-119.1385,40.4493],[-119.0948,40.5257],[-119.0684,40.5717],[-119.0244,40.648],[-118.9804,40.7244],[-118.9363,40.8007],[-118.892,40.877],[-118.8477,40.9533],[-118.8033,41.0296],[-118.7587,41.1059],[-118.7141,41.1821],[-118.6693,41.2584],[-118.6245,41.3346],[-118.5795,41.4108],[-118.5344,41.4869],[-118.4893,41.5631],[-118.444,41.6392],[-118.3986,41.7154],[-118.3531,41.7915],[-118.3075,41.8676],[-118.2618,41.9436],[-118.216,42.0197],[-118.1701,42.0957],[-118.124,42.1717],[-118.0779,42.2477],[-118.0316,42.3237],[-117.9852,42.3997],[-117.9388,42.4756],[-117.8922,42.5515],[-117.8682,42.5906],[-117.7798,42.6427],[-117.6913,42.6947],[-117.6026,42.7467],[-117.5138,42.7986],[-117.4249,42.8504],[-117.3357,42.9022],[-117.2465,42.9539],[-117.1571,43.0055],[-117.0675,43.0571],[-116.9778,43.1085],[-116.8879,43.16],[-116.7979,43.2113],[-116.7078,43.2626],[-116.6175,43.3138],[-116.527,43.3649],[-116.4364,43.416],[-116.3456,43.467],[-116.2547,43.5179],[-116.1921,43.5528],[-116.1107,43.6117],[-116.0291,43.6705],[-115.9473,43.7292],[-115.8654,43.7879],[-115.7833,43.8465],[-115.7011,43.905],[-115.6186,43.9635],[-115.5361,44.022],[-115.4533,44.0803],[-115.3704,44.1387],[-115.2874,44.1969],[-115.2041,44.2551],[-115.1207,44.3132],[-115.0372,44.3713],[-114.9535,44.4293],[-114.8696,44.4873],[-114.7855,44.5452],[-114.7013,44.603],[-114.6169,44.6608],[-114.5323,44.7185],[-114.4476,44.7761],[-114.3627,44.8337],[-114.2776,44.8912],[-114.1924,44.9487],[-114.107,45.0061],[-114.0842,45.0213],[-114.0144,45.0884],[-113.9443,45.1555],[-113.8741,45.2226],[-113.8037,45.2896],[-113.7331,45.3565],[-113.6624,45.4234],[-113.5915,45.4903],[-113.5204,45.5571],[-113.4492,45.6239],[-113.3778,45.6906],[-113.3062,45.7573],[-113.2345,45.824],[-113.1626,45.8906],[-113.0905,45.9571],[-113.0182,46.0236],[-112.9458,46.0901],[-112.8732,46.1565],[-112.8004,46.2229],[-112.7274,46.2892],[-112.6543,46.3555],[-112.581,46.4217],[-112.5075,46.4879],[-112.4338,46.554],[-112.36,46.6201],[-112.2859,46.6861],[-112.2117,46.7521],[-112.1373,46.8181],[-112.0627,46.884],[-111.988,46.9498],[-111.913,47.0156],[-111.8379,47.0814],[-111.7626,47.1471],[-111.6871,47.2127],[-111.6114,47.2783],[-111.5355,47.3439],[-111.4594,47.4094],[-111.4122,47.45],[-111.334,47.5144],[-111.2557,47.5788],[-111.1772,47.6432],[-111.0984,47.7075],[-111.0195,47.7717],[-110.9404,47.8359],[-110.8611,47.9],[-110.7816,47.9641],[-110.7019,48.0282],[-110.622,48.0921],[-110.5419,48.156],[-110.4615,48.2199],[-110.381,48.2837],[-110.3003,48.3474],[-110.2194,48.4111],[-110.1383,48.4747],[-110.057,48.5383],[-109.9755,48.6018],[-109.8938,48.6653],[-109.8118,48.7287],[-109.7297,48.792],[-109.6474,48.8553],[-109.5648,48.9185],[-109.482,48.9817],[-109.458,49.0]]}},{"type":"Feature","properties":{"ident":"J70","type":"CONV","run":1},"geometry":{"type":"LineString","coordinates":[[-124.1493,46.947],[-124.0361,46.9782],[-123.9227,47.0093],[-123.8092,47.0402],[-123.6956,47.0711],[-123.5818,47.1018],[-123.4679,47.1324],[-123.4096,47.148],[-123.2955,47.1785],[-123.1813,47.2088],[-123.0669,47.239],[-122.9524,47.2691],[-122.8378,47.2991],[-122.7231,47.329],[-122.6082,47.3587],[-122.4932,47.3884],[-122.3781,47.4179],[-122.3096,47.4354],[-122.1864,47.4344],[-122.0633,47.4333],[-121.9401,47.4321],[-121.8169,47.4307],[-121.7212,47.4296],[-121.5981,47.428],[-121.4749,47.4262],[-121.3518,47.4244],[-121.2287,47.4224],[-121.1056,47.4202],[-120.9824,47.418],[-120.8593,47.4156],[-120.7363,47.4131],[-120.6132,47.4104],[-120.4901,47.4076],[-120.4182,47.4059],[-120.2952,47.4029],[-120.1721,47.3998],[-120.0491,47.3965],[-119.9261,47.3932],[-119.8032,47.3896],[-119.6802,47.386],[-119.5573,47.3822],[-119.4343,47.3783],[-119.424,47.3779],[-119.3011,47.3825],[-119.1782,47.3868],[-119.0553,47.3911],[-118.9324,47.3952],[-118.8094,47.3993],[-118.6864,47.4031],[-118.5634,47.4069],[-118.4404,47.4105],[-118.3174,47.4139],[-118.1943,47.4173],[-118.0713,47.4205],[-117.9482,47.4236],[-117.8251,47.4265],[-117.702,47.4294],[-117.5789,47.432],[-117.4558,47.4346],[-117.3326,47.437],[-117.2095,47.4393],[-117.0863,47.4415],[-116.9631,47.4435],[-116.8399,47.4454],[-116.7168,47.4471],[-116.5936,47.4488],[-116.4704,47.4503],[-116.3471,47.4516],[-116.2239,47.4529],[-116.1007,47.454],[-115.9775,47.455],[-115.8542,47.4558],[-115.731,47.4565],[-115.6461,47.4569],[-115.523,47.4519],[-115.4001,47.4468],[-115.2771,47.4415],[-115.1541,47.4361],[-115.0312,47.4305],[-114.9083,47.4249],[-114.7855,47.4191],[-114.6626,47.4131],[-114.5398,47.4071],[-114.4171,47.4009],[-114.2943,47.3945],[-114.1716,47.3881],[-114.0489,47.3815],[-113.9262,47.3748],[-113.8036,47.3679],[-113.681,47.361],[-113.5585,47.3538],[-113.4359,47.3466],[-113.3134,47.3392],[-113.191,47.3317],[-113.0686,47.3241],[-112.9462,47.3163],[-112.8238,47.3084],[-112.7015,47.3004],[-112.5792,47.2923],[-112.457,47.284],[-112.3348,47.2756],[-112.2126,47.267],[-112.0905,47.2583],[-111.9684,47.2495],[-111.8464,47.2406],[-111.7244,47.2315],[-111.6024,47.2224],[-111.4805,47.213],[-111.3586,47.2036],[-111.2368,47.194],[-111.115,47.1843],[-110.9933,47.1745],[-110.8716,47.1645],[-110.7499,47.1544],[-110.6283,47.1442],[-110.5068,47.1338],[-110.3853,47.1233],[-110.2638,47.1127],[-110.1424,47.102],[-110.021,47.0911],[-109.8997,47.0801],[-109.7785,47.069],[-109.6572,47.0578],[-109.6062,47.053],[-109.4839,47.0531],[-109.3616,47.0531],[-109.2393,47.053],[-109.117,47.0527],[-108.9947,47.0523],[-108.8723,47.0518],[-108.7501,47.0511],[-108.6278,47.0503],[-108.5055,47.0494],[-108.3832,47.0484],[-108.2609,47.0472],[-108.1386,47.0459],[-108.0163,47.0445],[-107.8941,47.0429],[-107.7718,47.0412],[-107.6496,47.0394],[-107.5273,47.0374],[-107.4051,47.0353],[-107.2829,47.0331],[-107.1607,47.0308],[-107.0385,47.0283],[-106.9163,47.0257],[-106.7941,47.023],[-106.672,47.0201],[-106.5498,47.0171],[-106.4277,47.014],[-106.3056,47.0107],[-106.1834,47.0073],[-106.0614,47.0038],[-105.9393,47.0002],[-105.8172,46.9964],[-105.6952,46.9925],[-105.5732,46.9885],[-105.4512,46.9843],[-105.3292,46.98],[-105.2072,46.9756],[-105.0853,46.971],[-104.9634,46.9664],[-104.8415,46.9615],[-104.7196,46.9566],[-104.5977,46.9515],[-104.4759,46.9463],[-104.3541,46.941],[-104.2323,46.9356],[-104.1106,46.93],[-103.9888,46.9243],[-103.8671,46.9184],[-103.7454,46.9124],[-103.6238,46.9063],[-103.5022,46.9001],[-103.3806,46.8937],[-103.259,46.8873],[-103.1375,46.8806],[-103.016,46.8739],[-102.8945,46.867],[-102.7735,46.86],[-102.662,46.8265],[-102.5506,46.7928],[-102.4394,46.7591],[-102.3283,46.7252],[-102.2173,46.6912],[-102.1065,46.6571],[-101.9958,46.623],[-101.8853,46.5887],[-101.7749,46.5542],[-101.6646,46.5197],[-101.5545,46.4851],[-101.4445,46.4504],[-101.3347,46.4156],[-101.225,46.3806],[-101.1154,46.3456],[-101.006,46.3105],[-100.8967,46.2752],[-100.7876,46.2399],[-100.6786,46.2044],[-100.5697,46.1688],[-100.461,46.1332],[-100.3524,46.0974],[-100.244,46.0616],[-100.1357,46.0256],[-100.0275,45.9895],[-99.9195,45.9533],[-99.8117,45.9171],[-99.7039,45.8807],[-99.5963,45.8442],[-99.4889,45.8076],[-99.3816,45.771],[-99.2744,45.7342],[-99.1674,45.6973],[-99.0605,45.6603],[-98.9538,45.6232],[-98.8472,45.5861],[-98.7407,45.5488],[-98.6344,45.5114],[-98.5282,45.4739],[-98.4222,45.4364],[-98.3687,45.4174],[-98.2501,45.4135],[-98.1316,45.4094],[-98.013,45.4053],[-97.8945,45.401],[-97.776,45.3966],[-97.6575,45.3921],[-97.539,45.3875],[-97.4206,45.3827],[-97.3022,45.3778],[-97.1837,45.3728],[-97.0653,45.3677],[-96.947,45.3625],[-96.8286,45.3571],[-96.7103,45.3516],[-96.592,45.346],[-96.4737,45.3402],[-96.3555,45.3344],[-96.2372,45.3284],[-96.119,45.3223],[-96.0009,45.3161],[-95.8827,45.3097],[-95.7646,45.3033],[-95.6465,45.2967],[-95.5284,45.2899],[-95.4104,45.2831],[-95.2924,45.2762],[-95.1744,45.2691],[-95.0564,45.2619],[-94.9385,45.2546],[-94.8206,45.2471],[-94.7028,45.2396],[-94.5849,45.2319],[-94.4671,45.2241],[-94.3494,45.2161],[-94.2316,45.2081],[-94.1139,45.1999],[-93.9963,45.1916],[-93.8786,45.1832],[-93.761,45.1747],[-93.6435,45.1661],[-93.526,45.1573],[-93.4085,45.1484],[-93.3732,45.1457],[-93.2616,45.1184],[-93.1501,45.091],[-93.0387,45.0636],[-92.9274,45.036],[-92.8162,45.0083],[-92.7051,44.9805],[-92.5941,44.9525],[-92.4833,44.9245],[-92.3725,44.8964],[-92.2619,44.8682],[-92.1513,44.8398],[-92.0409,44.8114],[-91.9306,44.7828],[-91.8251,44.7554],[-91.715,44.7266],[-91.605,44.6977],[-91.4951,44.6687],[-91.3853,44.6397],[-91.2757,44.6105],[-91.1661,44.5812],[-91.0567,44.5518],[-90.9473,44.5223],[-90.8381,44.4927],[-90.729,44.4629],[-90.62,44.4331],[-90.6012,44.428],[-90.4923,44.398],[-90.3836,44.368],[-90.2749,44.3378],[-90.1664,44.3076],[-90.1348,44.2988],[-90.0468,44.2443],[-89.9589,44.1897],[-89.8712,44.1351],[-89.7837,44.0803],[-89.6963,44.0256],[-89.6091,43.9707],[-89.522,43.9158],[-89.4351,43.8609],[-89.3484,43.8058],[-89.2618,43.7507],[-89.1754,43.6955],[-89.0892,43.6403],[-89.0031,43.585],[-88.9171,43.5296],[-88.8313,43.4742],[-88.7457,43.4187],[-88.6602,43.3632],[-88.5749,43.3076],[-88.4898,43.2519],[-88.4048,43.1961],[-88.3199,43.1403],[-88.2844,43.1169],[-88.1781,43.0864],[-88.072,43.0559],[-87.966,43.0252],[-87.86,42.9945],[-87.7542,42.9636],[-87.6485,42.9327],[-87.5429,42.9016],[-87.4374,42.8705],[-87.3321,42.8393],[-87.2268,42.8079],[-87.1216,42.7765],[-87.0165,42.745],[-86.9116,42.7134],[-86.8067,42.6817],[-86.702,42.6498],[-86.5974,42.6179],[-86.4928,42.5859],[-86.3884,42.5539],[-86.2841,42.5217],[-86.1799,42.4894],[-86.1048,42.466],[-85.9919,42.4646],[-85.8789,42.4631],[-85.766,42.4615],[-85.6531,42.4598],[-85.5401,42.4579],[-85.4272,42.4559],[-85.3143,42.4539],[-85.2014,42.4517],[-85.0885,42.4494],[-84.9756,42.447],[-84.8628,42.4445],[-84.7499,42.4419],[-84.637,42.4391],[-84.5242,42.4363],[-84.5099,42.4359],[-84.3971,42.433],[-84.2843,42.4299],[-84.1942,42.4274],[-84.0814,42.4241],[-83.9687,42.4207],[-83.8559,42.4172],[-83.7431,42.4136],[-83.6304,42.4099],[-83.5939,42.4086],[-83.4811,42.4054],[-83.3684,42.402],[-83.2556,42.3984],[-83.1429,42.3948],[-83.0302,42.3911],[-82.9175,42.3872],[-82.8179,42.3837],[-82.6888,42.3791],[-82.595,42.3755],[-82.4824,42.371],[-82.3698,42.3664],[-82.2572,42.3618],[-82.1446,42.357],[-82.032,42.3521],[-81.9195,42.3471],[-81.807,42.342],[-81.6944,42.3367],[-81.5819,42.3314],[-81.3726,42.3214],[-81.1634,42.3109],[-80.9542,42.3002],[-80.7451,42.289],[-80.6328,42.2828],[-80.5205,42.2765],[-80.4082,42.2701],[-80.296,42.2635],[-80.1837,42.2569],[-80.0715,42.2502],[-79.9593,42.2433],[-79.8472,42.2363],[-79.735,42.2293],[-79.6229,42.2221],[-79.5108,42.2148],[-79.3988,42.2074],[-79.2867,42.1999],[-79.1747,42.1923],[-79.1213,42.1886],[-79.0147,42.1621],[-78.9082,42.1355],[-78.8018,42.1087],[-78.6955,42.0819],[-78.5892,42.055],[-78.4831,42.028],[-78.377,42.0009],[-78.2711,41.9737],[-78.1652,41.9464],[-78.0594,41.919],[-77.9537,41.8914],[-77.8526,41.865],[-77.7471,41.8373],[-77.6417,41.8095],[-77.5519,41.7858],[-77.4467,41.7578],[-77.3415,41.7297],[-77.2364,41.7016],[-77.1528,41.6791],[-77.0479,41.6507],[-76.9431,41.6223],[-76.8383,41.5937],[-76.7337,41.5651],[-76.6292,41.5364],[-76.5965,41.5274],[-76.4921,41.4986],[-76.3878,41.4696],[-76.2836,41.4406],[-76.1794,41.4115],[-76.0754,41.3822],[-75.9715,41.3529],[-75.8676,41.3235],[-75.7639,41.294],[-75.6895,41.2728],[-75.5881,41.239],[-75.4869,41.2052],[-75.3858,41.1712],[-75.3314,41.1529],[-75.2304,41.1189],[-75.1296,41.0847],[-75.0899,41.0712],[-74.9892,41.0369],[-74.8886,41.0025],[-74.869,40.9958],[-74.7626,40.9737],[-74.6562,40.9515],[-74.5499,40.9293],[-74.4437,40.9069],[-74.3376,40.8844],[-74.2315,40.8618],[-74.1255,40.8391],[-74.0195,40.8164],[-73.9137,40.7935],[-73.8686,40.7837],[-73.8203,40.7089],[-73.7721,40.634],[-73.7714,40.6329]]}},{"type":"Feature","properties":{"ident":"J70","type":"CONV","run":2},"geometry":{"type":"LineString","coordinates":[[-82.6888,42.3791],[-82.8015,42.3832],[-82.8179,42.3837]]}},{"type":"Feature","properties":{"ident":"J71","type":"CONV","run":1},"geometry":{"type":"LineString","coordinates":[[-89.9832,35.0151],[-89.9642,35.097],[-89.9452,35.1788],[-89.9262,35.2607],[-89.9071,35.3426],[-89.888,35.4244],[-89.8688,35.5063],[-89.8496,35.5881],[-89.8304,35.67],[-89.8111,35.7518],[-89.7918,35.8337],[-89.7724,35.9155],[-89.753,35.9974],[-89.7335,36.0792],[-89.7141,36.161],[-89.6945,36.2428],[-89.675,36.3247],[-89.6554,36.4065],[-89.6357,36.4883],[-89.616,36.5701],[-89.6022,36.6276],[-89.5824,36.7094],[-89.5626,36.7913],[-89.5428,36.8731],[-89.5408,36.8813],[-89.5209,36.9631],[-89.501,37.0449],[-89.481,37.1267],[-89.461,37.2085],[-89.4409,37.2903],[-89.4208,37.372],[-89.4006,37.4538],[-89.3804,37.5356],[-89.3602,37.6174],[-89.3399,37.6991],[-89.3196,37.7809],[-89.2992,37.8627],[-89.2787,37.9444],[-89.2583,38.0262],[-89.2378,38.1079],[-89.2172,38.1897],[-89.1966,38.2714],[-89.1759,38.3531],[-89.159,38.42],[-89.1239,38.4987],[-89.0888,38.5773],[-89.0535,38.656],[-89.0506,38.6625],[-89.0153,38.7411],[-88.9799,38.8198],[-88.9712,38.8392],[-88.9357,38.9178],[-88.9001,38.9964],[-88.8645,39.075],[-88.8287,39.1536],[-88.7929,39.2322],[-88.7719,39.2782],[-88.736,39.3567],[-88.6999,39.4353],[-88.6638,39.5138],[-88.6276,39.5923],[-88.6276,39.5924],[-88.5913,39.6709],[-88.5549,39.7494],[-88.5185,39.8279],[-88.512,39.8418],[-88.4756,39.9203],[-88.439,39.9987],[-88.4024,40.0772],[-88.4012,40.0797],[-88.3644,40.1582],[-88.3276,40.2366],[-88.2906,40.315],[-88.2536,40.3934],[-88.2165,40.4718],[-88.1793,40.5502],[-88.1643,40.5817],[-88.1538,40.6647],[-88.1432,40.7476],[-88.1327,40.8306],[-88.1221,40.9135],[-88.1115,40.9964],[-88.1009,41.0794],[-88.0902,41.1623],[-88.0795,41.2453],[-88.0688,41.3282],[-88.0581,41.4111],[-88.0473,41.4941],[-88.0365,41.577],[-88.0257,41.66],[-88.0148,41.7429],[-88.004,41.8258],[-87.9931,41.9088],[-87.9821,41.9917],[-87.9712,42.0746],[-87.9602,42.1576],[-87.9517,42.2214]]}},{"type":"Feature","properties":{"ident":"J713","type":"CONV","run":1},"geometry":{"type":"LineString","coordinates":[[-108.6247,45.8086],[-108.6127,45.7257],[-108.6008,45.6427],[-108.5889,45.5598],[-108.5771,45.4769],[-108.5653,45.394],[-108.5535,45.3111],[-108.5418,45.2282],[-108.5301,45.1452],[-108.5184,45.0623],[-108.5067,44.9794],[-108.4951,44.8965],[-108.4836,44.8135],[-108.472,44.7306],[-108.4605,44.6477],[-108.4491,44.5648],[-108.4376,44.4818],[-108.4262,44.3989],[-108.4148,44.316],[-108.4035,44.233],[-108.3922,44.1501],[-108.3809,44.0672],[-108.3697,43.9842],[-108.3585,43.9013],[-108.3473,43.8183],[-108.3361,43.7354],[-108.325,43.6525],[-108.3139,43.5695],[-108.3028,43.4866],[-108.2997,43.4632],[-108.3958,43.4176],[-108.4917,43.3719],[-108.5875,43.3262],[-108.6832,43.2804],[-108.7787,43.2345],[-108.874,43.1885],[-108.9693,43.1425],[-109.0643,43.0963],[-109.1593,43.0501],[-109.254,43.0038],[-109.3487,42.9575],[-109.4432,42.911],[-109.5375,42.8645],[-109.6318,42.8179],[-109.7258,42.7712],[-109.8198,42.7245],[-109.9135,42.6776],[-110.0072,42.6307],[-110.1007,42.5837],[-110.1092,42.5795],[-110.1813,42.5152],[-110.2531,42.4509],[-110.3249,42.3866],[-110.3965,42.3222],[-110.4679,42.2578],[-110.5392,42.1933],[-110.6103,42.1288],[-110.6814,42.0642],[-110.7522,41.9996],[-110.8229,41.935],[-110.8935,41.8703],[-110.9639,41.8055],[-111.0342,41.7408],[-111.1044,41.6759],[-111.1744,41.6111],[-111.2442,41.5462],[-111.314,41.4812],[-111.3836,41.4162],[-111.453,41.3512],[-111.5223,41.2861],[-111.5915,41.221],[-111.6605,41.1559],[-111.7294,41.0907],[-111.7982,41.0254],[-111.8668,40.9602],[-111.9353,40.8948],[-111.9819,40.8503]]}},{"type":"Feature","properties":{"ident":"J72","type":"CONV","run":1},"geometry":{"type":"LineString","coordinates":[[-114.8636,35.9958],[-114.7661,35.969],[-114.6687,35.9421],[-114.5713,35.9151],[-114.474,35.8881],[-114.3768,35.8609],[-114.2796,35.8337],[-114.1825,35.8064],[-114.0854,35.7791],[-113.9885,35.7516],[-113.8916,35.7241],[-113.7947,35.6965],[-113.698,35.6688],[-113.6013,35.6411],[-113.5445,35.6247],[-113.442,35.6234],[-113.3395,35.622],[-113.237,35.6205],[-113.1345,35.6189],[-113.032,35.6173],[-112.9295,35.6155],[-112.827,35.6137],[-112.7246,35.6118],[-112.6221,35.6097],[-112.5196,35.6076],[-112.4172,35.6055],[-112.3833,35.6047],[-112.2809,35.6018],[-112.1785,35.5988],[-112.0761,35.5957],[-111.9737,35.5925],[-111.8805,35.5895],[-111.778,35.5876],[-111.6756,35.5856],[-111.5731,35.5835],[-111.5013,35.582],[-111.3989,35.579],[-111.2965,35.5758],[-111.1941,35.5726],[-111.0917,35.5693],[-110.9894,35.5659],[-110.887,35.5624],[-110.7847,35.5588],[-110.6824,35.5552],[-110.58,35.5514],[-110.4777,35.5476],[-110.3754,35.5437],[-110.2731,35.5396],[-110.1709,35.5355],[-110.0686,35.5314],[-110.0654,35.5312],[-109.9631,35.527],[-109.8609,35.5226],[-109.7586,35.5182],[-109.6564,35.5136],[-109.5542,35.509],[-109.452,35.5043],[-109.3498,35.4995],[-109.2476,35.4946],[-109.1455,35.4897],[-109.0433,35.4846],[-108.9412,35.4795],[-108.8726,35.476],[-108.7733,35.456],[-108.674,35.436],[-108.5748,35.4158],[-108.4756,35.3956],[-108.3765,35.3753],[-108.2774,35.3549],[-108.1784,35.3345],[-108.0794,35.3139],[-107.9804,35.2933],[-107.8816,35.2726],[-107.7827,35.2518],[-107.684,35.231],[-107.5852,35.21],[-107.4865,35.189],[-107.3879,35.1679],[-107.2893,35.1467],[-107.2782,35.1443],[-107.1796,35.123],[-107.0812,35.1017],[-106.9828,35.0802],[-106.8844,35.0587],[-106.8163,35.0438],[-106.7156,35.0316],[-106.615,35.0193],[-106.5144,35.0069],[-106.4138,34.9945],[-106.3132,34.982],[-106.2127,34.9693],[-106.1142,34.9569],[-106.0137,34.9441],[-105.9133,34.9312],[-105.8129,34.9183],[-105.7125,34.9052],[-105.6122,34.8921],[-105.5119,34.8789],[-105.4116,34.8656],[-105.3114,34.8522],[-105.2112,34.8388],[-105.111,34.8253],[-105.0109,34.8117],[-104.9107,34.798],[-104.8107,34.7842],[-104.7106,34.7703],[-104.6106,34.7564],[-104.5107,34.7424],[-104.4107,34.7283],[-104.3108,34.7141],[-104.211,34.6998],[-104.1111,34.6854],[-104.0113,34.671],[-103.9116,34.6565],[-103.8118,34.6419],[-103.7121,34.6272],[-103.6125,34.6125],[-103.5128,34.5976],[-103.4133,34.5827],[-103.3137,34.5677],[-103.2142,34.5527],[-103.1147,34.5375],[-103.0153,34.5223],[-102.9159,34.5069],[-102.8397,34.4951],[-102.7393,34.4849],[-102.639,34.4746],[-102.5387,34.4642],[-102.4385,34.4537],[-102.3383,34.4431],[-102.238,34.4324],[-102.1379,34.4217],[-102.0377,34.4109],[-101.9376,34.4],[-101.8375,34.389],[-101.7374,34.3779],[-101.6373,34.3668],[-101.5373,34.3556],[-101.4373,34.3443],[-101.3373,34.3329],[-101.2374,34.3214],[-101.1375,34.3098],[-101.0608,34.3009],[-100.961,34.2892],[-100.8611,34.2775],[-100.7613,34.2656],[-100.6615,34.2537],[-100.5618,34.2417],[-100.4621,34.2296],[-100.3624,34.2174],[-100.2627,34.2052],[-100.2545,34.2042],[-100.1549,34.1918],[-100.0553,34.1794],[-99.9557,34.1669],[-99.8562,34.1543],[-99.7566,34.1416],[-99.6572,34.1289],[-99.5577,34.1161],[-99.4583,34.1031],[-99.3589,34.0902],[-99.2595,34.0771],[-99.1602,34.0639],[-99.0609,34.0507],[-98.9616,34.0374],[-98.8623,34.024],[-98.7631,34.0105],[-98.6639,33.997],[-98.5935,33.9873]]}},{"type":"Feature","properties":{"ident":"J73","type":"CONV","run":1},"geometry":{"type":"LineString","coordinates":[[-85.2062,33.0491],[-85.242,33.1269],[-85.2779,33.2046],[-85.3139,33.2823],[-85.3499,33.36],[-85.3859,33.4377],[-85.4221,33.5154],[-85.4583,33.5931],[-85.4945,33.6708],[-85.5309,33.7484],[-85.5673,33.8261],[-85.6037,33.9037],[-85.6403,33.9813],[-85.6769,34.0589],[-85.7135,34.1365],[-85.7503,34.2141],[-85.7871,34.2917],[-85.8239,34.3693],[-85.8609,34.4468],[-85.8979,34.5244],[-85.9349,34.6019],[-85.9721,34.6794],[-86.0093,34.7569],[-86.0466,34.8345],[-86.0839,34.9119],[-86.1213,34.9894],[-86.1588,35.0669],[-86.1964,35.1443],[-86.234,35.2218],[-86.2717,35.2992],[-86.3095,35.3766],[-86.3474,35.4541],[-86.3853,35.5315],[-86.4233,35.6088],[-86.4614,35.6862],[-86.4995,35.7636],[-86.5377,35.8409],[-86.576,35.9183],[-86.6144,35.9956],[-86.6529,36.0729],[-86.6848,36.137],[-86.729,36.2123],[-86.7732,36.2876],[-86.8176,36.3629],[-86.862,36.4381],[-86.9065,36.5134],[-86.9512,36.5886],[-86.9959,36.6638],[-87.0407,36.739],[-87.0855,36.8142],[-87.1305,36.8893],[-87.1755,36.9645],[-87.2207,37.0396],[-87.2659,37.1147],[-87.3112,37.1898],[-87.3566,37.2649],[-87.4021,37.34],[-87.4477,37.415],[-87.4934,37.49],[-87.5392,37.565],[-87.5851,37.64],[-87.631,37.715],[-87.6771,37.7899],[-87.7232,37.8649],[-87.7624,37.9283],[-87.7658,38.0116],[-87.7693,38.0949],[-87.7728,38.1782],[-87.7763,38.2615],[-87.7797,38.3448],[-87.7832,38.428],[-87.7867,38.5113],[-87.7903,38.5946],[-87.7938,38.6779],[-87.7973,38.7612],[-87.8008,38.8445],[-87.8044,38.9277],[-87.8079,39.011],[-87.8115,39.0943],[-87.8151,39.1776],[-87.8186,39.2609],[-87.8222,39.3442],[-87.8258,39.4274],[-87.8288,39.4956],[-87.8324,39.5789],[-87.836,39.6621],[-87.8396,39.7454],[-87.8432,39.8287],[-87.8468,39.912],[-87.8505,39.9953],[-87.8541,40.0786],[-87.8578,40.1618],[-87.8615,40.2451],[-87.8635,40.2904],[-87.8672,40.3737],[-87.8709,40.457],[-87.8746,40.5403],[-87.8783,40.6235],[-87.882,40.7068],[-87.8858,40.7901],[-87.8895,40.8734],[-87.8933,40.9567],[-87.8971,41.0399],[-87.9009,41.1232],[-87.9047,41.2065],[-87.9085,41.2898],[-87.9123,41.3731],[-87.9161,41.4563],[-87.9199,41.5396],[-87.9238,41.6229],[-87.9276,41.7062],[-87.9315,41.7895],[-87.9354,41.8727],[-87.9392,41.956],[-87.9431,42.0393],[-87.947,42.1226],[-87.9509,42.2059],[-87.9517,42.2214]]}},{"type":"Feature","properties":{"ident":"J74","type":"CONV","run":1},"geometry":{"type":"LineString","coordinates":[[-118.432,33.9332],[-118.3316,33.9318],[-118.2312,33.9304],[-118.1308,33.9289],[-118.0304,33.9274],[-117.93,33.9257],[-117.8295,33.924],[-117.7291,33.9222],[-117.6288,33.9203],[-117.53,33.9183],[-117.4297,33.9143],[-117.3294,33.9103],[-117.2291,33.9061],[-117.1289,33.9019],[-117.0286,33.8975],[-116.9284,33.8931],[-116.8281,33.8887],[-116.7279,33.8841],[-116.6277,33.8794],[-116.5275,33.8747],[-116.4298,33.87],[-116.3308,33.8839],[-116.2318,33.8976],[-116.1327,33.9113],[-116.0337,33.9249],[-115.9346,33.9384],[-115.8354,33.9518],[-115.7363,33.9652],[-115.6371,33.9785],[-115.5378,33.9917],[-115.4386,34.0048],[-115.3393,34.0178],[-115.24,34.0308],[-115.1406,34.0436],[-115.0412,34.0564],[-114.9418,34.0691],[-114.8424,34.0818],[-114.7429,34.0943],[-114.6821,34.102],[-114.5819,34.11],[-114.4817,34.118],[-114.3815,34.1259],[-114.2813,34.1337],[-114.181,34.1414],[-114.0825,34.1489],[-113.9822,34.1565],[-113.8819,34.164],[-113.7816,34.1714],[-113.6812,34.1788],[-113.5809,34.186],[-113.4805,34.1932],[-113.3802,34.2003],[-113.2798,34.2073],[-113.1793,34.2143],[-113.0789,34.2211],[-112.9785,34.2279],[-112.878,34.2346],[-112.7775,34.2412],[-112.677,34.2477],[-112.5765,34.2541],[-112.476,34.2605],[-112.3754,34.2668],[-112.2749,34.273],[-112.1743,34.2791],[-112.0737,34.2851],[-111.9731,34.2911],[-111.8725,34.2969],[-111.7719,34.3027],[-111.6712,34.3084],[-111.5706,34.314],[-111.4699,34.3196],[-111.3692,34.325],[-111.315,34.3279],[-111.2143,34.3333],[-111.1136,34.3385],[-111.0128,34.3436],[-110.9121,34.3487],[-110.8113,34.3537],[-110.795,34.3545],[-110.6943,34.3593],[-110.5935,34.3642],[-110.4927,34.3689],[-110.4712,34.3699],[-110.3704,34.3745],[-110.2696,34.379],[-110.1688,34.3835],[-110.068,34.3878],[-109.9671,34.3921],[-109.8663,34.3963],[-109.7654,34.4005],[-109.6645,34.4045],[-109.5636,34.4085],[-109.4627,34.4123],[-109.3618,34.4161],[-109.2609,34.4198],[-109.16,34.4235],[-109.1435,34.424],[-109.0425,34.4238],[-108.9415,34.4234],[-108.8405,34.423],[-108.7395,34.4224],[-108.6384,34.4218],[-108.5374,34.4211],[-108.4364,34.4204],[-108.3354,34.4195],[-108.2344,34.4186],[-108.1362,34.4176],[-108.0352,34.4165],[-107.9342,34.4153],[-107.8332,34.414],[-107.7322,34.4127],[-107.6313,34.4112],[-107.5303,34.4097],[-107.4293,34.4081],[-107.3283,34.4064],[-107.2273,34.4046],[-107.1264,34.4028],[-107.0254,34.4009],[-106.9244,34.3988],[-106.8235,34.3967],[-106.7225,34.3946],[-106.6966,34.394],[-106.5957,34.3917],[-106.4947,34.3893],[-106.3938,34.3869],[-106.2929,34.3843],[-106.1919,34.3817],[-106.091,34.379],[-105.9901,34.3762],[-105.8892,34.3733],[-105.7883,34.3703],[-105.6874,34.3673],[-105.678,34.367],[-105.5773,34.3727],[-105.4766,34.3783],[-105.3758,34.3838],[-105.275,34.3892],[-105.1743,34.3946],[-105.0735,34.3998],[-104.9727,34.405],[-104.8719,34.4101],[-104.7711,34.4151],[-104.6702,34.4201],[-104.5694,34.4249],[-104.4685,34.4297],[-104.3676,34.4344],[-104.2668,34.439],[-104.1659,34.4435],[-104.065,34.4479],[-103.964,34.4523],[-103.8631,34.4565],[-103.7622,34.4607],[-103.6612,34.4648],[-103.5603,34.4689],[-103.4593,34.4728],[-103.3583,34.4766],[-103.2574,34.4804],[-103.1564,34.4841],[-103.0554,34.4877],[-102.9544,34.4912],[-102.8533,34.4947],[-102.8397,34.4951],[-102.7411,34.5137],[-102.6425,34.5321],[-102.5438,34.5505],[-102.4451,34.5688],[-102.3463,34.587],[-102.2475,34.6051],[-102.1486,34.6232],[-102.0498,34.6411],[-101.9508,34.659],[-101.8518,34.6768],[-101.7528,34.6946],[-101.6538,34.7122],[-101.5547,34.7298],[-101.4555,34.7473],[-101.3563,34.7647],[-101.2571,34.782],[-101.1578,34.7993],[-101.0585,34.8164],[-100.9592,34.8335],[-100.8598,34.8505],[-100.7603,34.8675],[-100.6609,34.8843],[-100.5613,34.9011],[-100.4618,34.9178],[-100.3622,34.9344],[-100.2626,34.9509],[-100.1629,34.9673],[-100.0632,34.9837],[-99.9634,35.0],[-99.8636,35.0161],[-99.7638,35.0323],[-99.6639,35.0483],[-99.564,35.0642],[-99.464,35.0801],[-99.364,35.0959],[-99.264,35.1116],[-99.1639,35.1272],[-99.0638,35.1428],[-98.9637,35.1582],[-98.8635,35.1736],[-98.7633,35.1889],[-98.663,35.2041],[-98.5627,35.2192],[-98.4624,35.2343],[-98.362,35.2492],[-98.2616,35.2641],[-98.1611,35.2789],[-98.0607,35.2936],[-97.9601,35.3082],[-97.8596,35.3228],[-97.759,35.3372],[-97.6584,35.3516],[-97.6092,35.3586]]}},{"type":"Feature","properties":{"ident":"J76","type":"CONV","run":1},"geometry":{"type":"LineString","coordinates":[[-115.1598,36.0797],[-115.0567,36.0797],[-114.9536,36.0795],[-114.8505,36.0793],[-114.7474,36.079],[-114.6443,36.0786],[-114.5412,36.0781],[-114.4381,36.0775],[-114.335,36.0769],[-114.2319,36.0761],[-114.1288,36.0753],[-114.0257,36.0743],[-113.9226,36.0733],[-113.8195,36.0722],[-113.7164,36.071],[-113.6384,36.07],[-113.5353,36.0687],[-113.4322,36.0672],[-113.3292,36.0657],[-113.2261,36.0641],[-113.123,36.0624],[-113.02,36.0606],[-112.9924,36.0601],[-112.8895,36.0645],[-112.7865,36.0687],[-112.6836,36.0729],[-112.5806,36.077],[-112.4776,36.081],[-112.4004,36.084],[-112.2974,36.0878],[-112.1944,36.0916],[-112.0913,36.0952],[-111.9883,36.0988],[-111.8853,36.1023],[-111.7822,36.1057],[-111.6791,36.109],[-111.5761,36.1122],[-111.473,36.1154],[-111.3699,36.1184],[-111.2696,36.1213],[-111.1666,36.1162],[-111.0637,36.1109],[-110.9608,36.1056],[-110.8578,36.1001],[-110.7549,36.0946],[-110.6521,36.089],[-110.5492,36.0833],[-110.4463,36.0775],[-110.3435,36.0717],[-110.2407,36.0657],[-110.1378,36.0596],[-110.035,36.0535],[-109.9323,36.0473],[-109.8295,36.041],[-109.7268,36.0346],[-109.624,36.0281],[-109.5213,36.0215],[-109.4186,36.0149],[-109.3159,36.0081],[-109.2133,36.0013],[-109.1106,35.9944],[-109.008,35.9874],[-108.9054,35.9803],[-108.8028,35.9731],[-108.7002,35.9658],[-108.5977,35.9584],[-108.4952,35.951],[-108.3927,35.9435],[-108.2902,35.9358],[-108.1877,35.9281],[-108.0852,35.9203],[-107.9828,35.9125],[-107.8804,35.9045],[-107.778,35.8964],[-107.6756,35.8883],[-107.5733,35.8801],[-107.471,35.8718],[-107.4285,35.8683],[-107.3262,35.8598],[-107.2239,35.8513],[-107.1217,35.8427],[-107.0195,35.834],[-106.9173,35.8252],[-106.8151,35.8163],[-106.7129,35.8073],[-106.6108,35.7982],[-106.5087,35.7891],[-106.4066,35.7799],[-106.3045,35.7706],[-106.2025,35.7612],[-106.1004,35.7517],[-105.9985,35.7421],[-105.8965,35.7324],[-105.7945,35.7227],[-105.6926,35.7129],[-105.5907,35.7029],[-105.4889,35.6929],[-105.387,35.6828],[-105.2852,35.6727],[-105.1834,35.6624],[-105.1356,35.6576],[-105.0395,35.6286],[-104.9434,35.5995],[-104.8474,35.5703],[-104.7515,35.5411],[-104.6556,35.5118],[-104.5599,35.4824],[-104.4642,35.453],[-104.3685,35.4235],[-104.2729,35.3939],[-104.1774,35.3642],[-104.082,35.3344],[-103.9866,35.3046],[-103.8914,35.2747],[-103.7961,35.2447],[-103.701,35.2147],[-103.6059,35.1845],[-103.5986,35.1822],[-103.5,35.161],[-103.4015,35.1396],[-103.303,35.1182],[-103.2046,35.0968],[-103.1062,35.0752],[-103.0079,35.0536],[-102.9097,35.0319],[-102.8114,35.0101],[-102.7133,34.9882],[-102.6152,34.9662],[-102.5171,34.9442],[-102.4191,34.9221],[-102.3212,34.8999],[-102.2233,34.8776],[-102.1255,34.8553],[-102.0277,34.8328],[-101.9299,34.8103],[-101.8322,34.7878],[-101.7346,34.7651],[-101.637,34.7424],[-101.5395,34.7195],[-101.4421,34.6966],[-101.3446,34.6737],[-101.2473,34.6506],[-101.15,34.6275],[-101.0527,34.6043],[-100.9555,34.581],[-100.8584,34.5576],[-100.7613,34.5342],[-100.6643,34.5107],[-100.5673,34.4871],[-100.4704,34.4634],[-100.3735,34.4397],[-100.2767,34.4159],[-100.18,34.392],[-100.0833,34.368],[-99.9866,34.344],[-99.89,34.3199],[-99.7935,34.2957],[-99.697,34.2714],[-99.6006,34.247],[-99.5905,34.2445],[-99.4941,34.22],[-99.3978,34.1955],[-99.3016,34.1709],[-99.2054,34.1463],[-99.1092,34.1215],[-99.0132,34.0967],[-98.9171,34.0718],[-98.8212,34.0469],[-98.7253,34.0218],[-98.6294,33.9967],[-98.5935,33.9873]]}},{"type":"Feature","properties":{"ident":"J78","type":"CONV","run":1},"geometry":{"type":"LineString","coordinates":[[-118.432,33.9332],[-118.3414,33.8973],[-118.2508,33.8614],[-118.1603,33.8254],[-118.0699,33.7893],[-118.0548,33.7833],[-117.9549,33.7759],[-117.8551,33.7683],[-117.7553,33.7607],[-117.6555,33.753],[-117.5557,33.7453],[-117.4559,33.7374],[-117.3562,33.7295],[-117.2564,33.7215],[-117.1567,33.7134],[-117.057,33.7052],[-116.9574,33.697],[-116.8577,33.6887],[-116.7581,33.6803],[-116.6585,33.6718],[-116.5589,33.6632],[-116.4593,33.6546],[-116.3597,33.6458],[-116.2602,33.637],[-116.1607,33.6281],[-116.1602,33.6281],[-116.0671,33.6586],[-115.9739,33.6891],[-115.8806,33.7195],[-115.7873,33.7498],[-115.6939,33.7801],[-115.6004,33.8103],[-115.5069,33.8404],[-115.4133,33.8704],[-115.3196,33.9004],[-115.2259,33.9303],[-115.1321,33.9601],[-115.0383,33.9899],[-114.9443,34.0196],[-114.8503,34.0492],[-114.7563,34.0787],[-114.6821,34.102],[-114.5868,34.1289],[-114.4915,34.1558],[-114.3962,34.1827],[-114.3008,34.2094],[-114.2053,34.2361],[-114.1098,34.2627],[-114.0921,34.2676],[-113.9964,34.2941],[-113.9008,34.3206],[-113.8051,34.347],[-113.7093,34.3732],[-113.6134,34.3995],[-113.5175,34.4256],[-113.4215,34.4517],[-113.3255,34.4777],[-113.2294,34.5036],[-113.1333,34.5294],[-113.0371,34.5552],[-112.9408,34.5809],[-112.8445,34.6065],[-112.7481,34.6321],[-112.6517,34.6575],[-112.5552,34.6829],[-112.4804,34.7026],[-112.3796,34.7119],[-112.2789,34.7211],[-112.1781,34.7303],[-112.0773,34.7394],[-111.9765,34.7484],[-111.8756,34.7573],[-111.7748,34.7661],[-111.6739,34.7749],[-111.573,34.7835],[-111.4721,34.7921],[-111.3711,34.8006],[-111.2702,34.809],[-111.1692,34.8174],[-111.0682,34.8256],[-110.9671,34.8338],[-110.8661,34.8419],[-110.765,34.8499],[-110.6639,34.8578],[-110.5628,34.8656],[-110.5114,34.8696],[-110.4103,34.8773],[-110.3092,34.8849],[-110.208,34.8924],[-110.1068,34.8998],[-110.0056,34.9072],[-109.9044,34.9145],[-109.8031,34.9217],[-109.7018,34.9288],[-109.6006,34.9358],[-109.4993,34.9428],[-109.3979,34.9496],[-109.2966,34.9564],[-109.1953,34.9631],[-109.1545,34.9658],[-109.053,34.9701],[-108.9514,34.9743],[-108.8498,34.9785],[-108.7483,34.9825],[-108.6467,34.9865],[-108.5451,34.9904],[-108.4435,34.9943],[-108.3418,34.998],[-108.2402,35.0016],[-108.1386,35.0052],[-108.0369,35.0087],[-107.9353,35.0121],[-107.8336,35.0154],[-107.7319,35.0186],[-107.6302,35.0217],[-107.5286,35.0248],[-107.4269,35.0278],[-107.3252,35.0306],[-107.2235,35.0334],[-107.1217,35.0362],[-107.02,35.0388],[-106.9183,35.0413],[-106.8165,35.0438],[-106.8163,35.0438],[-106.7148,35.0495],[-106.6132,35.0551],[-106.5116,35.0606],[-106.41,35.066],[-106.3084,35.0713],[-106.2068,35.0766],[-106.1052,35.0818],[-106.0036,35.0868],[-105.9019,35.0918],[-105.8002,35.0967],[-105.6985,35.1016],[-105.5969,35.1063],[-105.4952,35.111],[-105.3934,35.1156],[-105.2917,35.12],[-105.19,35.1244],[-105.0882,35.1288],[-104.9865,35.133],[-104.8847,35.1371],[-104.7829,35.1412],[-104.6811,35.1452],[-104.5793,35.1491],[-104.4775,35.1529],[-104.3757,35.1566],[-104.2739,35.1603],[-104.172,35.1638],[-104.0702,35.1673],[-103.9683,35.1707],[-103.8665,35.1739],[-103.7646,35.1772],[-103.6627,35.1803],[-103.5986,35.1822],[-103.4967,35.1858],[-103.3949,35.1893],[-103.293,35.1927],[-103.1911,35.1961],[-103.0892,35.1993],[-102.9873,35.2025],[-102.8854,35.2055],[-102.7835,35.2085],[-102.6815,35.2114],[-102.5796,35.2143],[-102.4777,35.217],[-102.3757,35.2196],[-102.2737,35.2222],[-102.1718,35.2247],[-102.0698,35.2271],[-101.9678,35.2294],[-101.8659,35.2316],[-101.7639,35.2338],[-101.699,35.2351],[-101.5972,35.2398],[-101.4953,35.2445],[-101.3934,35.2491],[-101.2915,35.2536],[-101.1896,35.258],[-101.0877,35.2623],[-100.9858,35.2666],[-100.8839,35.2707],[-100.7819,35.2748],[-100.68,35.2788],[-100.578,35.2827],[-100.476,35.2865],[-100.374,35.2903],[-100.272,35.2939],[-100.17,35.2975],[-100.068,35.3009],[-99.966,35.3043],[-99.864,35.3076],[-99.7619,35.3109],[-99.6599,35.314],[-99.5578,35.317],[-99.4558,35.32],[-99.3537,35.3229],[-99.2516,35.3257],[-99.1495,35.3284],[-99.0474,35.331],[-98.9453,35.3335],[-98.8662,35.3354],[-98.7641,35.3378],[-98.662,35.3401],[-98.5599,35.3423],[-98.4578,35.3444],[-98.3556,35.3464],[-98.2535,35.3483],[-98.1514,35.3502],[-98.0492,35.352],[-97.9471,35.3537],[-97.8449,35.3552],[-97.7428,35.3568],[-97.6406,35.3582],[-97.6092,35.3586],[-97.5208,35.4003],[-97.4322,35.442],[-97.3436,35.4836],[-97.2548,35.5252],[-97.166,35.5666],[-97.0771,35.608],[-96.9881,35.6494],[-96.899,35.6907],[-96.8098,35.7319],[-96.7205,35.773],[-96.6311,35.8141],[-96.5416,35.8551],[-96.4521,35.8961],[-96.3624,35.937],[-96.2727,35.9778],[-96.1828,36.0185],[-96.0929,36.0592],[-96.0029,36.0998],[-95.9127,36.1404],[-95.8225,36.1808],[-95.7881,36.1963],[-95.6911,36.2248],[-95.594,36.2533],[-95.4968,36.2817],[-95.3996,36.31],[-95.3022,36.3382],[-95.2049,36.3663],[-95.1074,36.3944],[-95.0099,36.4224],[-94.9123,36.4503],[-94.8146,36.4782],[-94.7169,36.5059],[-94.6191,36.5336],[-94.5212,36.5612],[-94.4233,36.5887],[-94.3253,36.6161],[-94.2272,36.6435],[-94.129,36.6708],[-94.0308,36.6979],[-93.9325,36.7251],[-93.8341,36.7521],[-93.7357,36.779],[-93.6372,36.8059],[-93.5386,36.8327],[-93.44,36.8594],[-93.3413,36.886],[-93.2425,36.9126],[-93.1437,36.939],[-93.0448,36.9654],[-92.9458,36.9917],[-92.8467,37.0179],[-92.7476,37.0441],[-92.6484,37.0701],[-92.5492,37.0961],[-92.4499,37.122],[-92.3505,37.1478],[-92.251,37.1735],[-92.1515,37.1991],[-92.0519,37.2247],[-91.9522,37.2501],[-91.8525,37.2755],[-91.7527,37.3008],[-91.6529,37.326],[-91.5529,37.3512],[-91.4529,37.3762],[-91.3529,37.4012],[-91.2527,37.4261],[-91.1525,37.4509],[-91.0523,37.4756],[-90.952,37.5002],[-90.8516,37.5247],[-90.7511,37.5492],[-90.6506,37.5736],[-90.55,37.5979],[-90.4493,37.6221],[-90.3486,37.6462],[-90.2478,37.6702],[-90.2341,37.6735],[-90.1298,37.6852],[-90.0255,37.6968],[-89.9212,37.7083],[-89.8169,37.7197],[-89.7125,37.731],[-89.6081,37.7423],[-89.5037,37.7534],[-89.3992,37.7645],[-89.2947,37.7754],[-89.1902,37.7863],[-89.0856,37.7971],[-88.981,37.8078],[-88.9632,37.8096],[-88.8586,37.8204],[-88.754,37.8312],[-88.6493,37.8418],[-88.5447,37.8524],[-88.44,37.8629],[-88.3352,37.8733],[-88.2305,37.8835],[-88.1257,37.8937],[-88.0208,37.9038],[-87.916,37.9138],[-87.8111,37.9238],[-87.7624,37.9283],[-87.6574,37.9377],[-87.5524,37.947],[-87.4474,37.9561],[-87.3423,37.9652],[-87.2372,37.9742],[-87.1321,37.9831],[-87.027,37.9919],[-86.9218,38.0006],[-86.8166,38.0092],[-86.7114,38.0177],[-86.6062,38.0262],[-86.5009,38.0345],[-86.3956,38.0427],[-86.2903,38.0509],[-86.185,38.0589],[-86.0796,38.0669],[-85.9742,38.0747],[-85.8688,38.0825],[-85.7634,38.0902],[-85.658,38.0977],[-85.5774,38.1035],[-85.4721,38.112],[-85.3667,38.1204],[-85.2613,38.1287],[-85.1559,38.1369],[-85.0504,38.145],[-84.945,38.1531],[-84.8395,38.161],[-84.734,38.1689],[-84.6284,38.1766],[-84.5229,38.1843],[-84.4173,38.1918],[-84.3117,38.1993],[-84.241,38.2042],[-84.1354,38.2115],[-84.0297,38.2187],[-83.9241,38.2258],[-83.8184,38.2328],[-83.7126,38.2397],[-83.6069,38.2466],[-83.5011,38.2533],[-83.3953,38.2599],[-83.2895,38.2664],[-83.1837,38.2729],[-83.0779,38.2792],[-82.972,38.2855],[-82.8661,38.2916],[-82.7602,38.2977],[-82.6543,38.3036],[-82.5484,38.3095],[-82.4425,38.3153],[-82.3365,38.321],[-82.2305,38.3265],[-82.1245,38.332],[-82.0185,38.3374],[-81.9125,38.3427],[-81.8064,38.3479],[-81.7699,38.3497]]}},{"type":"Feature","properties":{"ident":"J8","type":"CONV","run":1},"geometry":{"type":"LineString","coordinates":[[-114.4741,34.766],[-114.3743,34.7808],[-114.2744,34.7955],[-114.1745,34.8101],[-114.0745,34.8246],[-113.9746,34.839],[-113.8745,34.8534],[-113.7745,34.8676],[-113.6744,34.8818],[-113.5743,34.8959],[-113.4741,34.91],[-113.3739,34.9239],[-113.2737,34.9378],[-113.1734,34.9516],[-113.0731,34.9653],[-112.9754,34.9785],[-112.875,34.9921],[-112.7746,35.0055],[-112.6742,35.0189],[-112.5737,35.0322],[-112.4732,35.0454],[-112.3727,35.0585],[-112.2722,35.0715],[-112.1716,35.0844],[-112.0709,35.0973],[-111.9703,35.1101],[-111.8696,35.1228],[-111.7689,35.1354],[-111.6742,35.1472],[-111.5735,35.1602],[-111.4728,35.1731],[-111.3721,35.1859],[-111.2713,35.1986],[-111.1705,35.2113],[-111.0697,35.2239],[-110.9688,35.2363],[-110.8679,35.2487],[-110.767,35.2611],[-110.666,35.2733],[-110.565,35.2854],[-110.464,35.2975],[-110.363,35.3095],[-110.2619,35.3214],[-110.1608,35.3332],[-110.0596,35.3449],[-109.9585,35.3565],[-109.8573,35.3681],[-109.7561,35.3796],[-109.6548,35.391],[-109.5535,35.4023],[-109.4522,35.4135],[-109.3509,35.4246],[-109.2495,35.4357],[-109.1481,35.4467],[-109.0467,35.4575],[-108.9453,35.4683],[-108.8726,35.476],[-108.7706,35.4825],[-108.6686,35.4889],[-108.5665,35.4953],[-108.4645,35.5015],[-108.3624,35.5077],[-108.2603,35.5138],[-108.1582,35.5197],[-108.056,35.5256],[-107.9966,35.529],[-107.8944,35.5348],[-107.7922,35.5405],[-107.6901,35.5461],[-107.5879,35.5516],[-107.4857,35.557],[-107.3834,35.5624],[-107.2812,35.5676],[-107.179,35.5728],[-107.0767,35.5779],[-106.9744,35.5829],[-106.8721,35.5878],[-106.7698,35.5926],[-106.6675,35.5974],[-106.58,35.6014],[-106.4776,35.6059],[-106.3753,35.6104],[-106.2729,35.6148],[-106.1706,35.619],[-106.0682,35.6233],[-105.9658,35.6274],[-105.8634,35.6314],[-105.761,35.6353],[-105.6586,35.6392],[-105.5561,35.643],[-105.4537,35.6467],[-105.3512,35.6503],[-105.2488,35.6538],[-105.1463,35.6572],[-105.1356,35.6576]]}},{"type":"Feature","properties":{"ident":"J8","type":"CONV","run":2},"geometry":{"type":"LineString","coordinates":[[-93.3341,37.356],[-93.2478,37.4034],[-93.1615,37.4508],[-93.0751,37.4981],[-92.9885,37.5453],[-92.9019,37.5925],[-92.8151,37.6396],[-92.7282,37.6867],[-92.6412,37.7337],[-92.5541,37.7806],[-92.4669,37.8274],[-92.3796,37.8742],[-92.2922,37.921],[-92.2046,37.9676],[-92.1995,37.9704],[-92.1118,38.017],[-92.0241,38.0635],[-91.9362,38.11],[-91.8482,38.1564],[-91.7601,38.2027],[-91.6719,38.249],[-91.5835,38.2952],[-91.4951,38.3413],[-91.4065,38.3874],[-91.3179,38.4334],[-91.2291,38.4793],[-91.1402,38.5252],[-91.0512,38.571],[-90.962,38.6167],[-90.8728,38.6624],[-90.7835,38.708],[-90.694,38.7535],[-90.6044,38.799],[-90.5147,38.8444],[-90.4824,38.8607],[-90.3769,38.8468],[-90.2714,38.8327],[-90.166,38.8185],[-90.0606,38.8043],[-89.9553,38.7899],[-89.85,38.7755],[-89.7448,38.7609],[-89.6396,38.7463],[-89.5345,38.7316],[-89.4294,38.7167],[-89.3243,38.7018],[-89.2193,38.6868],[-89.1143,38.6717],[-89.0506,38.6625],[-88.9457,38.6472],[-88.8409,38.6319],[-88.736,38.6165],[-88.6313,38.6009],[-88.5266,38.5853],[-88.4219,38.5696],[-88.3172,38.5537],[-88.2127,38.5378],[-88.1081,38.5218],[-88.0036,38.5057],[-87.9568,38.4985],[-87.8524,38.4823],[-87.748,38.4659],[-87.6437,38.4495],[-87.5394,38.433],[-87.4352,38.4164],[-87.331,38.3997],[-87.2269,38.3829],[-87.1228,38.366],[-87.083,38.3596],[-86.979,38.3425],[-86.875,38.3254],[-86.7711,38.3082],[-86.6673,38.2909],[-86.5634,38.2736],[-86.4597,38.2561],[-86.3559,38.2385],[-86.2523,38.2209],[-86.1486,38.2031],[-86.0451,38.1853],[-85.9416,38.1673],[-85.8381,38.1493],[-85.7347,38.1312],[-85.6313,38.113],[-85.5774,38.1035],[-85.4721,38.112],[-85.3667,38.1204],[-85.2613,38.1287],[-85.1559,38.1369],[-85.0504,38.145],[-84.945,38.1531],[-84.8395,38.161],[-84.734,38.1689],[-84.6284,38.1766],[-84.5229,38.1843],[-84.4173,38.1918],[-84.3117,38.1993],[-84.241,38.2042],[-84.1354,38.2115],[-84.0297,38.2187],[-83.9241,38.2258],[-83.8184,38.2328],[-83.7126,38.2397],[-83.6069,38.2466],[-83.5011,38.2533],[-83.3953,38.2599],[-83.2895,38.2664],[-83.1837,38.2729],[-83.0779,38.2792],[-82.972,38.2855],[-82.8661,38.2916],[-82.7602,38.2977],[-82.6543,38.3036],[-82.5484,38.3095],[-82.4425,38.3153],[-82.3365,38.321],[-82.2305,38.3265],[-82.1245,38.332],[-82.0185,38.3374],[-81.9125,38.3427],[-81.8064,38.3479],[-81.7699,38.3497],[-81.6637,38.3465],[-81.5576,38.3433],[-81.4514,38.3399],[-81.3453,38.3364],[-81.2391,38.3329],[-81.133,38.3293],[-81.0269,38.3255],[-80.9208,38.3217],[-80.8147,38.3177],[-80.7086,38.3137],[-80.6025,38.3096],[-80.4965,38.3054],[-80.3904,38.3011],[-80.3014,38.2974],[-80.1954,38.2929],[-80.0894,38.2883],[-79.9834,38.2837],[-79.8774,38.2789],[-79.7714,38.2741],[-79.7312,38.2722],[-79.6253,38.2672],[-79.5193,38.262],[-79.4134,38.2568],[-79.379,38.2551],[-79.2784,38.2815],[-79.1776,38.3078],[-79.0768,38.3341],[-78.9759,38.3602],[-78.875,38.3863],[-78.774,38.4123],[-78.6729,38.4382],[-78.5717,38.464],[-78.4705,38.4897],[-78.3691,38.5153],[-78.2677,38.5409],[-78.1663,38.5664],[-78.0648,38.5917],[-77.9631,38.617],[-77.8655,38.6412]]}},{"type":"Feature","properties":{"ident":"J80","type":"CONV","run":1},"geometry":{"type":"LineString","coordinates":[[-117.7705,38.0033],[-117.6653,38.0124],[-117.5602,38.0215],[-117.455,38.0305],[-117.3498,38.0394],[-117.2446,38.0482],[-117.1394,38.0569],[-117.0341,38.0655],[-116.9288,38.074],[-116.8235,38.0825],[-116.7182,38.0908],[-116.6128,38.099],[-116.5074,38.1072],[-116.402,38.1152],[-116.2965,38.1232],[-116.1911,38.131],[-116.0856,38.1388],[-115.9801,38.1465],[-115.8746,38.154],[-115.769,38.1615],[-115.6635,38.1689],[-115.5579,38.1762],[-115.4523,38.1834],[-115.3466,38.1905],[-115.241,38.1975],[-115.1353,38.2044],[-115.0296,38.2112],[-114.9239,38.218],[-114.8182,38.2246],[-114.7124,38.2311],[-114.6066,38.2376],[-114.5009,38.2439],[-114.395,38.2502],[-114.3942,38.2502],[-114.2887,38.2592],[-114.1832,38.2681],[-114.0777,38.2769],[-113.9721,38.2856],[-113.8665,38.2942],[-113.7609,38.3028],[-113.6552,38.3112],[-113.5496,38.3195],[-113.4439,38.3278],[-113.3381,38.3359],[-113.2324,38.344],[-113.1266,38.3519],[-113.0208,38.3598],[-113.0132,38.3604],[-112.9098,38.3795],[-112.8063,38.3985],[-112.7027,38.4175],[-112.5991,38.4363],[-112.4955,38.4551],[-112.3917,38.4738],[-112.288,38.4923],[-112.1841,38.5108],[-112.0803,38.5292],[-111.9763,38.5475],[-111.8724,38.5658],[-111.7683,38.5839],[-111.6642,38.6019],[-111.5601,38.6198],[-111.4559,38.6377],[-111.3516,38.6554],[-111.2473,38.6731],[-111.143,38.6907],[-111.0386,38.7081],[-110.9342,38.7255],[-110.8296,38.7428],[-110.7251,38.76],[-110.6205,38.7771],[-110.5158,38.7941],[-110.4111,38.811],[-110.3064,38.8279],[-110.2713,38.8335],[-110.1664,38.8502],[-110.0616,38.8668],[-109.9567,38.8833],[-109.8517,38.8997],[-109.7467,38.916],[-109.6416,38.9322],[-109.5365,38.9483],[-109.4314,38.9644],[-109.3261,38.9803],[-109.2209,38.9961],[-109.1156,39.0119],[-109.0102,39.0276],[-108.9049,39.0431],[-108.7994,39.0586],[-108.7926,39.0596],[-108.6889,39.0812],[-108.5852,39.1028],[-108.4814,39.1242],[-108.3776,39.1456],[-108.2737,39.1669],[-108.1697,39.1881],[-108.0657,39.2092],[-107.9616,39.2302],[-107.8575,39.2511],[-107.7533,39.2719],[-107.649,39.2926],[-107.5447,39.3132],[-107.4403,39.3338],[-107.3689,39.3477],[-107.2644,39.3681],[-107.1599,39.3884],[-107.0552,39.4086],[-106.9506,39.4287],[-106.8947,39.4394],[-106.7881,39.4521],[-106.6814,39.4648],[-106.5747,39.4774],[-106.4679,39.4899],[-106.3612,39.5023],[-106.2543,39.5147],[-106.1475,39.5269],[-106.0406,39.539],[-105.9336,39.551],[-105.8267,39.5629],[-105.7197,39.5747],[-105.6126,39.5864],[-105.5055,39.5981],[-105.3984,39.6096],[-105.2913,39.621],[-105.1841,39.6323],[-105.0769,39.6436],[-104.9696,39.6547],[-104.8623,39.6657],[-104.755,39.6766],[-104.6476,39.6875],[-104.621,39.6901],[-104.5134,39.6804],[-104.4059,39.6705],[-104.2985,39.6606],[-104.191,39.6505],[-104.0836,39.6404],[-103.9762,39.6301],[-103.8689,39.6198],[-103.7616,39.6093],[-103.6543,39.5988],[-103.547,39.5881],[-103.4398,39.5774],[-103.3326,39.5665],[-103.2255,39.5556],[-103.1183,39.5446],[-103.0113,39.5334],[-102.9042,39.5222],[-102.7972,39.5109],[-102.6902,39.4994],[-102.5833,39.4879],[-102.4764,39.4763],[-102.3695,39.4645],[-102.2626,39.4527],[-102.1558,39.4408],[-102.0491,39.4288],[-101.9424,39.4167],[-101.8357,39.4044],[-101.729,39.3921],[-101.6923,39.3879],[-101.5851,39.3791],[-101.4779,39.3702],[-101.3708,39.3612],[-101.2636,39.3521],[-101.1565,39.3429],[-101.0495,39.3336],[-100.9424,39.3242],[-100.8687,39.3177],[-100.7617,39.3081],[-100.6547,39.2985],[-100.5478,39.2887],[-100.4409,39.2789],[-100.334,39.2689],[-100.2272,39.2589],[-100.2259,39.2588],[-100.1183,39.2618],[-100.0107,39.2647],[-99.9032,39.2675],[-99.7956,39.2702],[-99.688,39.2728],[-99.5804,39.2753],[-99.4728,39.2777],[-99.3652,39.28],[-99.2576,39.2822],[-99.15,39.2843],[-99.0423,39.2863],[-98.9347,39.2882],[-98.8271,39.29],[-98.7194,39.2917],[-98.6118,39.2934],[-98.5041,39.2949],[-98.3964,39.2963],[-98.2888,39.2976],[-98.1811,39.2988],[-98.0734,39.2999],[-97.9657,39.301],[-97.8581,39.3019],[-97.7504,39.3027],[-97.6427,39.3034],[-97.535,39.304],[-97.528,39.3041],[-97.4203,39.3046],[-97.3126,39.305],[-97.2049,39.3053],[-97.0972,39.3055],[-96.9895,39.3057],[-96.8818,39.3057],[-96.7741,39.3056],[-96.6665,39.3054],[-96.5588,39.3052],[-96.4511,39.3048],[-96.3434,39.3043],[-96.2357,39.3037],[-96.1538,39.3032],[-96.0461,39.3025],[-95.9384,39.3016],[-95.8308,39.3006],[-95.7231,39.2996],[-95.6154,39.2984],[-95.5078,39.2972],[-95.4001,39.2958],[-95.2924,39.2944],[-95.1848,39.2928],[-95.0771,39.2912],[-94.9695,39.2894],[-94.8618,39.2876],[-94.7542,39.2856],[-94.7371,39.2853],[-94.6309,39.2993],[-94.5247,39.3132],[-94.4185,39.327],[-94.3123,39.3407],[-94.2059,39.3543],[-94.0996,39.3678],[-93.9932,39.3813],[-93.8868,39.3946],[-93.7803,39.4078],[-93.6738,39.4209],[-93.5672,39.434],[-93.4606,39.4469],[-93.354,39.4598],[-93.2864,39.4678],[-93.1797,39.4805],[-93.0729,39.4931],[-92.9662,39.5056],[-92.8593,39.5179],[-92.7525,39.5302],[-92.6456,39.5424],[-92.5387,39.5545],[-92.4317,39.5665],[-92.3247,39.5783],[-92.2177,39.5901],[-92.1106,39.6018],[-92.0035,39.6134],[-91.8964,39.6249],[-91.7892,39.6363],[-91.682,39.6476],[-91.5747,39.6588],[-91.4674,39.6699],[-91.4431,39.6724],[-91.3358,39.6833],[-91.2284,39.6941],[-91.121,39.7049],[-91.0796,39.709],[-90.9722,39.7196],[-90.8647,39.7301],[-90.7572,39.7406],[-90.6497,39.7509],[-90.5421,39.7612],[-90.4345,39.7713],[-90.3269,39.7813],[-90.2192,39.7913],[-90.1115,39.8011],[-90.0038,39.8109],[-89.896,39.8205],[-89.7882,39.8301],[-89.6804,39.8395],[-89.6777,39.8397],[-89.5692,39.8404],[-89.4607,39.841],[-89.3522,39.8415],[-89.2436,39.8419],[-89.1351,39.8421],[-89.0266,39.8423],[-88.9181,39.8424],[-88.8095,39.8424],[-88.701,39.8422],[-88.5925,39.842],[-88.512,39.8418],[-88.4035,39.8413],[-88.295,39.8408],[-88.2547,39.8405],[-88.1462,39.8399],[-88.0377,39.8391],[-87.9292,39.8383],[-87.8207,39.8373],[-87.7121,39.8362],[-87.6036,39.8351],[-87.4951,39.8338],[-87.3866,39.8325],[-87.2781,39.831],[-87.1696,39.8294],[-87.0612,39.8278],[-86.9527,39.826],[-86.8442,39.8241],[-86.7357,39.8222],[-86.6273,39.8201],[-86.5188,39.8179],[-86.4104,39.8157],[-86.3675,39.8147],[-86.2593,39.8212],[-86.1512,39.8276],[-86.043,39.8339],[-85.9347,39.8401],[-85.8265,39.8462],[-85.7182,39.8522],[-85.61,39.8581],[-85.5017,39.8639],[-85.3934,39.8696],[-85.285,39.8752],[-85.1767,39.8806],[-85.0683,39.886],[-84.9599,39.8913],[-84.8515,39.8965],[-84.7431,39.9016],[-84.6347,39.9066],[-84.6305,39.9068],[-84.5221,39.9116],[-84.4136,39.9164],[-84.3087,39.9209],[-84.2002,39.9255],[-84.0917,39.93],[-83.9832,39.9343],[-83.8747,39.9386],[-83.7661,39.9428],[-83.6576,39.9468],[-83.549,39.9508],[-83.4404,39.9547],[-83.3318,39.9584],[-83.2232,39.9621],[-83.1869,39.9633],[-83.0783,39.9653],[-83.0324,39.9661],[-82.9237,39.9696],[-82.8151,39.973],[-82.7064,39.9763],[-82.5978,39.9794],[-82.4891,39.9825],[-82.3804,39.9855],[-82.2717,39.9884],[-82.163,39.9911],[-82.0543,39.9938],[-81.9456,39.9964],[-81.8368,39.9989],[-81.7281,40.0012],[-81.6194,40.0035],[-81.5329,40.0052],[-81.4241,40.0074],[-81.3154,40.0096],[-81.2309,40.0111],[-81.1222,40.0128],[-81.0134,40.0144],[-80.9046,40.0159],[-80.8172,40.017]]}},{"type":"Feature","properties":{"ident":"J82","type":"CONV","run":1},"geometry":{"type":"LineString","coordinates":[[-122.5916,45.7478],[-122.474,45.7332],[-122.3565,45.7186],[-122.2391,45.7037],[-122.1217,45.6888],[-122.0044,45.6738],[-121.8871,45.6586],[-121.7699,45.6433],[-121.6528,45.6279],[-121.5358,45.6124],[-121.4188,45.5967],[-121.3018,45.581],[-121.185,45.5651],[-121.0682,45.5491],[-120.9515,45.5329],[-120.8348,45.5167],[-120.7182,45.5003],[-120.6017,45.4838],[-120.4852,45.4672],[-120.3689,45.4505],[-120.2525,45.4337],[-120.1363,45.4167],[-120.0201,45.3997],[-119.904,45.3825],[-119.788,45.3652],[-119.672,45.3477],[-119.5561,45.3302],[-119.4403,45.3125],[-119.3245,45.2948],[-119.2089,45.2769],[-119.0933,45.2589],[-118.9777,45.2407],[-118.8623,45.2225],[-118.7469,45.2041],[-118.6316,45.1857],[-118.5164,45.1671],[-118.4012,45.1484],[-118.2861,45.1295],[-118.1711,45.1106],[-118.0562,45.0915],[-117.9413,45.0724],[-117.8266,45.0531],[-117.7119,45.0337],[-117.5973,45.0142],[-117.4827,44.9946],[-117.3682,44.9748],[-117.2539,44.955],[-117.1396,44.935],[-117.0253,44.9149],[-116.9112,44.8947],[-116.7971,44.8744],[-116.6832,44.854],[-116.5693,44.8334],[-116.4554,44.8128],[-116.3417,44.792],[-116.228,44.7711],[-116.2063,44.7671],[-116.0915,44.7498],[-115.9768,44.7323],[-115.8621,44.7148],[-115.7475,44.6971],[-115.633,44.6793],[-115.5186,44.6614],[-115.4042,44.6434],[-115.2899,44.6253],[-115.1757,44.607],[-115.0616,44.5887],[-114.9475,44.5702],[-114.8335,44.5516],[-114.7195,44.5329],[-114.6057,44.5141],[-114.4919,44.4952],[-114.3782,44.4761],[-114.2645,44.457],[-114.151,44.4377],[-114.0375,44.4183],[-113.9241,44.3989],[-113.8107,44.3793],[-113.6975,44.3595],[-113.5843,44.3397],[-113.4712,44.3198],[-113.3581,44.2997],[-113.2452,44.2796],[-113.1323,44.2593],[-113.0195,44.2389],[-112.9068,44.2184],[-112.7941,44.1978],[-112.6816,44.1771],[-112.5691,44.1563],[-112.4567,44.1354],[-112.3444,44.1143],[-112.2321,44.0932],[-112.2094,44.0889],[-112.0933,44.0899],[-111.9773,44.0909],[-111.8613,44.0917],[-111.7453,44.0925],[-111.6293,44.0931],[-111.5133,44.0935],[-111.3972,44.0939],[-111.2812,44.0942],[-111.1652,44.0943],[-111.0492,44.0943],[-110.9331,44.0942],[-110.8171,44.094],[-110.7011,44.0937],[-110.5851,44.0932],[-110.469,44.0926],[-110.353,44.0919],[-110.237,44.0911],[-110.121,44.0902],[-110.005,44.0892],[-109.889,44.088],[-109.773,44.0868],[-109.657,44.0854],[-109.541,44.0838],[-109.425,44.0822],[-109.309,44.0805],[-109.1931,44.0786],[-109.0771,44.0766],[-108.9611,44.0745],[-108.8452,44.0723],[-108.7293,44.07],[-108.6133,44.0676],[-108.4974,44.065],[-108.3815,44.0623],[-108.2656,44.0595],[-108.1497,44.0566],[-108.0339,44.0536],[-107.918,44.0504],[-107.8021,44.0471],[-107.6863,44.0438],[-107.5705,44.0403],[-107.4547,44.0366],[-107.3389,44.0329],[-107.2231,44.029],[-107.1073,44.0251],[-106.9916,44.021],[-106.8759,44.0168],[-106.7602,44.0125],[-106.6445,44.008],[-106.5288,44.0035],[-106.4357,43.9997],[-106.3199,44.0006],[-106.2041,44.0014],[-106.0882,44.002],[-105.9724,44.0025],[-105.8565,44.0029],[-105.7407,44.0032],[-105.6248,44.0034],[-105.509,44.0034],[-105.3931,44.0033],[-105.2773,44.0032],[-105.1614,44.0029],[-105.0456,44.0024],[-104.9298,44.0019],[-104.8139,44.0013],[-104.6981,44.0005],[-104.5822,43.9996],[-104.4664,43.9986],[-104.3506,43.9975],[-104.2348,43.9962],[-104.1189,43.9949],[-104.0031,43.9934],[-103.8873,43.9918],[-103.7715,43.9901],[-103.6557,43.9883],[-103.5399,43.9864],[-103.4242,43.9843],[-103.3084,43.9821],[-103.1926,43.9798],[-103.0769,43.9774],[-103.0123,43.976],[-102.8966,43.9731],[-102.7809,43.97],[-102.6652,43.9669],[-102.5495,43.9636],[-102.4339,43.9601],[-102.3182,43.9566],[-102.2026,43.953],[-102.0869,43.9492],[-101.9713,43.9453],[-101.8557,43.9413],[-101.7401,43.9372],[-101.6246,43.933],[-101.509,43.9286],[-101.3935,43.9242],[-101.278,43.9196],[-101.1625,43.9149],[-101.047,43.9101],[-100.9315,43.9051],[-100.8161,43.9001],[-100.7007,43.8949],[-100.5853,43.8897],[-100.4699,43.8843],[-100.3545,43.8788],[-100.2392,43.8731],[-100.1239,43.8674],[-100.0086,43.8615],[-99.9876,43.8605],[-99.8724,43.8545],[-99.7571,43.8483],[-99.6419,43.8421],[-99.5267,43.8357],[-99.4115,43.8293],[-99.2964,43.8227],[-99.1813,43.816],[-99.0662,43.8092],[-98.9511,43.8022],[-98.8361,43.7952],[-98.7211,43.788],[-98.6061,43.7807],[-98.4911,43.7733],[-98.3762,43.7658],[-98.2613,43.7582],[-98.1465,43.7505],[-98.0316,43.7426],[-97.9168,43.7346],[-97.802,43.7266],[-97.6873,43.7184],[-97.5726,43.7101],[-97.4579,43.7016],[-97.3433,43.6931],[-97.2286,43.6844],[-97.1141,43.6756],[-96.9995,43.6668],[-96.885,43.6578],[-96.7811,43.6495]]}},{"type":"Feature","properties":{"ident":"J82","type":"CONV","run":2},"geometry":{"type":"LineString","coordinates":[[-90.7091,42.4015],[-90.5965,42.3955],[-90.484,42.3895],[-90.3715,42.3833],[-90.259,42.3771],[-90.1465,42.3707],[-90.0341,42.3642],[-89.9217,42.3576],[-89.8093,42.3509],[-89.6969,42.3441],[-89.5846,42.3372],[-89.4722,42.3301],[-89.3599,42.323],[-89.3122,42.3199],[-89.234,42.26],[-89.1558,42.2],[-89.0779,42.14],[-89.0,42.0799],[-88.9224,42.0197],[-88.8448,41.9596],[-88.7675,41.8993],[-88.6902,41.839],[-88.6131,41.7787],[-88.5362,41.7183],[-88.4594,41.6578],[-88.3827,41.5973],[-88.3184,41.5464]]}},{"type":"Feature","properties":{"ident":"J83","type":"CONV","run":1},"geometry":{"type":"LineString","coordinates":[[-81.927,35.0336],[-81.937,35.1166],[-81.9471,35.1995],[-81.9572,35.2824],[-81.9673,35.3653],[-81.9774,35.4482],[-81.9875,35.5312],[-81.9977,35.6141],[-82.0078,35.697],[-82.018,35.7799],[-82.0282,35.8628],[-82.0385,35.9458],[-82.0487,36.0287],[-82.059,36.1116],[-82.0693,36.1945],[-82.0796,36.2774],[-82.09,36.3603],[-82.1004,36.4432],[-82.1108,36.5261],[-82.1212,36.6091],[-82.1316,36.692],[-82.1421,36.7749],[-82.1525,36.8578],[-82.163,36.9407],[-82.1736,37.0236],[-82.1841,37.1065],[-82.1947,37.1894],[-82.2053,37.2723],[-82.2159,37.3552],[-82.2266,37.4381],[-82.2372,37.521],[-82.2479,37.6039],[-82.2586,37.6868],[-82.2694,37.7697],[-82.2801,37.8526],[-82.2909,37.9355],[-82.3017,38.0184],[-82.3126,38.1013],[-82.3234,38.1842],[-82.3246,38.1935],[-82.3355,38.2764],[-82.3464,38.3593],[-82.3573,38.4422],[-82.3683,38.5251],[-82.3792,38.6079],[-82.3902,38.6908],[-82.4013,38.7737],[-82.4123,38.8566],[-82.4234,38.9395],[-82.4345,39.0224],[-82.4456,39.1052],[-82.4568,39.1881],[-82.4679,39.271],[-82.4791,39.3539],[-82.4904,39.4368],[-82.5016,39.5196],[-82.5129,39.6025],[-82.5242,39.6854],[-82.5356,39.7683],[-82.5469,39.8511],[-82.5583,39.934],[-82.5697,40.0169],[-82.5812,40.0997],[-82.5883,40.1511],[-82.5603,40.2316],[-82.5323,40.3122],[-82.5042,40.3927],[-82.4761,40.4732],[-82.4479,40.5537],[-82.4196,40.6343],[-82.4195,40.6345],[-82.3911,40.715],[-82.3627,40.7955],[-82.3342,40.876],[-82.3056,40.9565],[-82.277,41.037],[-82.2483,41.1174],[-82.2195,41.1979],[-82.1906,41.2784],[-82.162,41.3581]]}},{"type":"Feature","properties":{"ident":"J84","type":"CONV","run":1},"geometry":{"type":"LineString","coordinates":[[-122.2236,37.7259],[-122.1247,37.7548],[-122.0258,37.7835],[-121.9268,37.8122],[-121.8277,37.8408],[-121.7285,37.8694],[-121.6293,37.8978],[-121.53,37.9261],[-121.4306,37.9544],[-121.3311,37.9826],[-121.2316,38.0107],[-121.1319,38.0387],[-121.0322,38.0667],[-121.0039,38.0746],[-120.9006,38.093],[-120.7973,38.1114],[-120.694,38.1296],[-120.5906,38.1478],[-120.4886,38.1656],[-120.3851,38.1836],[-120.2815,38.2014],[-120.1779,38.2192],[-120.0742,38.2369],[-119.9705,38.2546],[-119.8668,38.2721],[-119.763,38.2895],[-119.6591,38.3068],[-119.5552,38.3241],[-119.4845,38.3358],[-119.3805,38.3528],[-119.2765,38.3698],[-119.1724,38.3867],[-119.0683,38.4036],[-118.9641,38.4203],[-118.8599,38.4369],[-118.7556,38.4535],[-118.6513,38.4699],[-118.5469,38.4863],[-118.4425,38.5025],[-118.3846,38.5115],[-118.2801,38.5276],[-118.1755,38.5436],[-118.071,38.5595],[-118.0329,38.5653],[-117.9284,38.5818],[-117.8239,38.5982],[-117.7193,38.6145],[-117.6147,38.6308],[-117.51,38.6469],[-117.4053,38.663],[-117.3006,38.6789],[-117.1957,38.6948],[-117.0909,38.7105],[-116.986,38.7262],[-116.8811,38.7418],[-116.7761,38.7572],[-116.671,38.7726],[-116.566,38.7879],[-116.4608,38.8031],[-116.3557,38.8182],[-116.2504,38.8332],[-116.1452,38.8481],[-116.0399,38.863],[-115.9345,38.8777],[-115.8292,38.8923],[-115.7237,38.9069],[-115.6182,38.9213],[-115.5127,38.9357],[-115.4072,38.9499],[-115.3016,38.9641],[-115.1959,38.9781],[-115.0902,38.9921],[-114.9845,39.006],[-114.8787,39.0197],[-114.7729,39.0334],[-114.6671,39.047],[-114.5612,39.0605],[-114.4552,39.0739],[-114.3493,39.0872],[-114.2433,39.1004],[-114.1372,39.1135],[-114.0311,39.1265],[-113.925,39.1394],[-113.8188,39.1522],[-113.7126,39.1649],[-113.6064,39.1776],[-113.5001,39.1901],[-113.4398,39.1971],[-113.3335,39.2095],[-113.2271,39.2218],[-113.1207,39.2339],[-113.0142,39.246],[-112.9077,39.258],[-112.8012,39.2698],[-112.6946,39.2816],[-112.588,39.2933],[-112.5056,39.3023],[-112.4009,39.322],[-112.2962,39.3416],[-112.1914,39.3611],[-112.0866,39.3805],[-111.9817,39.3998],[-111.8768,39.419],[-111.7718,39.4382],[-111.6667,39.4572],[-111.5616,39.4761],[-111.4564,39.495],[-111.3512,39.5137],[-111.2459,39.5324],[-111.1406,39.5509],[-111.0352,39.5694],[-110.9297,39.5878],[-110.8242,39.6061],[-110.7186,39.6242],[-110.613,39.6423],[-110.5073,39.6603],[-110.4016,39.6782],[-110.2958,39.696],[-110.19,39.7137],[-110.0841,39.7313],[-109.9781,39.7488],[-109.8721,39.7662],[-109.7661,39.7835],[-109.66,39.8008],[-109.5538,39.8179],[-109.4476,39.8349],[-109.3413,39.8518],[-109.235,39.8687],[-109.1286,39.8854],[-109.0222,39.902],[-108.9157,39.9186],[-108.8092,39.935],[-108.7026,39.9514],[-108.596,39.9676],[-108.4893,39.9838],[-108.3826,39.9998],[-108.2758,40.0158],[-108.169,40.0316],[-108.0621,40.0474],[-107.9552,40.063],[-107.925,40.0674],[-107.8208,40.0917],[-107.7165,40.1158],[-107.6122,40.1399],[-107.5077,40.1639],[-107.4032,40.1877],[-107.2987,40.2115],[-107.194,40.2352],[-107.0893,40.2588],[-106.9845,40.2823],[-106.8797,40.3057],[-106.7748,40.329],[-106.6698,40.3522],[-106.5647,40.3753],[-106.4595,40.3983],[-106.3543,40.4212],[-106.249,40.4441],[-106.1437,40.4668],[-106.0382,40.4894],[-105.9327,40.512],[-105.8948,40.52],[-105.7892,40.5424],[-105.6835,40.5647],[-105.5777,40.5869],[-105.4719,40.609],[-105.366,40.631],[-105.2601,40.6529],[-105.154,40.6746],[-105.0479,40.6963],[-104.9418,40.718],[-104.8355,40.7395],[-104.7292,40.7609],[-104.6229,40.7822],[-104.5164,40.8034],[-104.4099,40.8245],[-104.3033,40.8455],[-104.1967,40.8664],[-104.09,40.8873],[-103.9832,40.908],[-103.8763,40.9286],[-103.7694,40.9491],[-103.6625,40.9696],[-103.5554,40.9899],[-103.4483,41.0101],[-103.3411,41.0302],[-103.2339,41.0503],[-103.1266,41.0702],[-103.0192,41.09],[-102.983,41.0967]]}},{"type":"Feature","properties":{"ident":"J84","type":"CONV","run":2},"geometry":{"type":"LineString","coordinates":[[-90.7091,42.4015],[-90.5965,42.3955],[-90.484,42.3895],[-90.3715,42.3833],[-90.259,42.3771],[-90.1465,42.3707],[-90.0341,42.3642],[-89.9217,42.3576],[-89.8093,42.3509],[-89.6969,42.3441],[-89.5846,42.3372],[-89.4722,42.3301],[-89.3599,42.323],[-89.3122,42.3199],[-89.2,42.3124],[-89.0878,42.3048],[-88.9756,42.2971],[-88.8635,42.2892],[-88.7513,42.2813],[-88.6392,42.2732],[-88.5272,42.2651],[-88.4151,42.2568],[-88.3031,42.2484],[-88.1911,42.2399],[-88.0792,42.2313],[-87.9673,42.2226],[-87.9517,42.2214]]}},{"type":"Feature","properties":{"ident":"J85","type":"CONV","run":1},"geometry":{"type":"LineString","coordinates":[[-81.927,35.0336],[-81.9232,35.1169],[-81.9194,35.2002],[-81.9156,35.2834],[-81.9118,35.3667],[-81.908,35.45],[-81.9042,35.5333],[-81.9004,35.6165],[-81.8965,35.6998],[-81.8927,35.7831],[-81.8888,35.8664],[-81.885,35.9496],[-81.8811,36.0329],[-81.8772,36.1162],[-81.8733,36.1994],[-81.8694,36.2827],[-81.8655,36.366],[-81.8616,36.4492],[-81.8577,36.5325],[-81.8538,36.6158],[-81.8498,36.6991],[-81.8459,36.7823],[-81.8419,36.8656],[-81.838,36.9489],[-81.834,37.0321],[-81.83,37.1154],[-81.826,37.1987],[-81.822,37.2819],[-81.818,37.3652],[-81.814,37.4485],[-81.81,37.5318],[-81.8068,37.5961],[-81.8028,37.6794],[-81.7987,37.7627],[-81.7947,37.8459],[-81.7906,37.9292],[-81.7865,38.0125],[-81.7824,38.0957],[-81.7783,38.179],[-81.7742,38.2623],[-81.7701,38.3455],[-81.7699,38.3497],[-81.7755,38.4329],[-81.781,38.5161],[-81.7866,38.5993],[-81.7922,38.6825],[-81.7976,38.7637],[-81.8032,38.8469],[-81.8089,38.9301],[-81.8145,39.0133],[-81.8201,39.0965],[-81.8258,39.1797],[-81.8315,39.263],[-81.8372,39.3462],[-81.8429,39.4294],[-81.8486,39.5126],[-81.8543,39.5958],[-81.8601,39.679],[-81.8623,39.7108],[-81.8769,39.7933],[-81.8916,39.8759],[-81.9043,39.947],[-81.9191,40.0296],[-81.9339,40.1121],[-81.9488,40.1947],[-81.9637,40.2772],[-81.9727,40.3274],[-81.9877,40.41],[-81.9949,40.4496],[-82.0098,40.5322],[-82.0129,40.5488],[-82.0279,40.6313],[-82.043,40.7139],[-82.0581,40.7964],[-82.0732,40.879],[-82.0884,40.9615],[-82.1037,41.044],[-82.1189,41.1266],[-82.1342,41.2091],[-82.1496,41.2916],[-82.162,41.3581]]}},{"type":"Feature","properties":{"ident":"J86","type":"CONV","run":1},"geometry":{"type":"LineString","coordinates":[[-116.7477,36.8006],[-116.6693,36.7458],[-116.5911,36.6909],[-116.513,36.636],[-116.435,36.581],[-116.3571,36.5259],[-116.2793,36.4709],[-116.2016,36.4157],[-116.1241,36.3605],[-116.0466,36.3053],[-115.9693,36.25],[-115.9003,36.2006],[-115.7999,36.1812],[-115.6995,36.1617],[-115.5992,36.1421],[-115.4989,36.1225],[-115.3987,36.1027],[-115.2986,36.0829],[-115.1984,36.063],[-115.0984,36.043],[-114.9984,36.023],[-114.8984,36.0028],[-114.8636,35.9958],[-114.7661,35.969],[-114.6687,35.9421],[-114.5713,35.9151],[-114.474,35.8881],[-114.3768,35.8609],[-114.2796,35.8337],[-114.1825,35.8064],[-114.0854,35.7791],[-113.9885,35.7516],[-113.8916,35.7241],[-113.7947,35.6965],[-113.698,35.6688],[-113.6013,35.6411],[-113.5445,35.6247],[-113.442,35.6234],[-113.3395,35.622],[-113.237,35.6205],[-113.1345,35.6189],[-113.032,35.6173],[-112.9295,35.6155],[-112.827,35.6137],[-112.7246,35.6118],[-112.6221,35.6097],[-112.5196,35.6076],[-112.4172,35.6055],[-112.3833,35.6047],[-112.2809,35.6018],[-112.1785,35.5988],[-112.0761,35.5957],[-111.9737,35.5925],[-111.8805,35.5895],[-111.7922,35.5472],[-111.704,35.5048],[-111.616,35.4624],[-111.528,35.4199],[-111.4401,35.3773],[-111.3523,35.3347],[-111.2646,35.292],[-111.177,35.2493],[-111.0895,35.2065],[-111.002,35.1636],[-110.9147,35.1206],[-110.8275,35.0776],[-110.795,35.0616],[-110.7165,35.0086],[-110.6381,34.9555],[-110.5598,34.9024],[-110.5114,34.8696],[-110.4333,34.8164],[-110.3552,34.7631],[-110.2773,34.7098],[-110.1995,34.6565],[-110.1217,34.6031],[-110.0441,34.5496],[-109.9665,34.4961],[-109.8891,34.4426],[-109.8117,34.389],[-109.7345,34.3353],[-109.6573,34.2817],[-109.6272,34.2607],[-109.547,34.2103],[-109.4685,34.1609],[-109.3921,34.1067],[-109.3157,34.0524],[-109.2395,33.9981],[-109.1633,33.9437],[-109.0873,33.8893],[-109.0113,33.8349],[-108.9355,33.7804],[-108.8597,33.7258],[-108.7841,33.6712],[-108.7085,33.6166],[-108.633,33.5619],[-108.5576,33.5071],[-108.4824,33.4523],[-108.4072,33.3975],[-108.3321,33.3426],[-108.2571,33.2877],[-108.1822,33.2327],[-108.1636,33.2191],[-108.0885,33.1644],[-108.0134,33.1097],[-107.9385,33.055],[-107.8636,33.0002],[-107.7888,32.9453],[-107.7141,32.8904],[-107.6395,32.8355],[-107.565,32.7805],[-107.4906,32.7255],[-107.4163,32.6704],[-107.3421,32.6153],[-107.2679,32.5601],[-107.1939,32.5049],[-107.1199,32.4497],[-107.0461,32.3944],[-106.9723,32.3391],[-106.8987,32.2837],[-106.8251,32.2283],[-106.7516,32.1729],[-106.6782,32.1174],[-106.6048,32.0618],[-106.5316,32.0063],[-106.4585,31.9506],[-106.3854,31.895],[-106.3124,31.8393],[-106.2819,31.8159],[-106.1877,31.7927],[-106.0936,31.7694],[-105.9995,31.7461],[-105.9055,31.7227],[-105.8115,31.6992],[-105.7176,31.6756],[-105.6237,31.652],[-105.5298,31.6283],[-105.4361,31.6045],[-105.3819,31.5908],[-105.2882,31.5669],[-105.1945,31.543],[-105.1009,31.5189],[-105.0073,31.4949],[-104.9138,31.4707],[-104.8203,31.4465],[-104.7269,31.4222],[-104.6335,31.3979],[-104.5402,31.3734],[-104.4469,31.349],[-104.3537,31.3244],[-104.2605,31.2998],[-104.1674,31.2751],[-104.0743,31.2503],[-103.9813,31.2255],[-103.8883,31.2006],[-103.7953,31.1757],[-103.7024,31.1506],[-103.6096,31.1256],[-103.5168,31.1004],[-103.4241,31.0752],[-103.3314,31.0499],[-103.2387,31.0245],[-103.1461,30.9991],[-103.0536,30.9736],[-102.9757,30.9521],[-102.8792,30.9425],[-102.7827,30.9327],[-102.6863,30.9229],[-102.5898,30.9131],[-102.4934,30.9031],[-102.397,30.8931],[-102.3006,30.8831],[-102.2042,30.8729],[-102.1079,30.8627],[-102.0115,30.8524],[-101.9152,30.842],[-101.8189,30.8316],[-101.7227,30.8211],[-101.6264,30.8105],[-101.5302,30.7999],[-101.434,30.7891],[-101.3378,30.7783],[-101.2417,30.7675],[-101.1455,30.7565],[-101.0494,30.7455],[-100.9533,30.7345],[-100.8573,30.7233],[-100.8318,30.7203],[-100.7358,30.7091],[-100.6397,30.6978],[-100.5437,30.6864],[-100.4478,30.675],[-100.3518,30.6635],[-100.2559,30.6519],[-100.16,30.6402],[-100.0641,30.6285],[-99.9682,30.6167],[-99.8724,30.6049],[-99.8175,30.598],[-99.7217,30.586],[-99.6259,30.5739],[-99.5302,30.5617],[-99.4345,30.5494],[-99.3388,30.5371],[-99.2431,30.5247],[-99.1475,30.5122],[-99.0519,30.4997],[-98.9563,30.487],[-98.8607,30.4744],[-98.7652,30.4616],[-98.6697,30.4488],[-98.5742,30.4359],[-98.4787,30.4229],[-98.3833,30.4099],[-98.3496,30.4053],[-98.2542,30.3922],[-98.1588,30.379],[-98.0635,30.3657],[-97.9681,30.3524],[-97.8728,30.339],[-97.7776,30.3255],[-97.6823,30.312],[-97.5871,30.2984],[-97.4919,30.2847],[-97.3967,30.2709],[-97.3016,30.2571],[-97.2065,30.2432],[-97.1114,30.2293],[-97.0756,30.224],[-96.9805,30.21],[-96.8855,30.1959],[-96.7905,30.1817],[-96.6955,30.1674],[-96.6006,30.1531],[-96.5057,30.1387],[-96.4108,30.1242],[-96.3159,30.1097],[-96.2211,30.0951],[-96.1263,30.0804],[-96.0634,30.0707],[-95.9686,30.0559],[-95.8739,30.041],[-95.7792,30.0261],[-95.6845,30.0111],[-95.5899,29.9961],[-95.4952,29.981],[-95.4007,29.9658],[-95.3457,29.9569],[-95.2506,29.9447],[-95.1555,29.9324],[-95.0604,29.92],[-94.9653,29.9076],[-94.8703,29.895],[-94.7753,29.8825],[-94.6803,29.8698],[-94.5853,29.8571],[-94.4904,29.8443],[-94.4681,29.8413],[-94.3732,29.8284],[-94.2783,29.8155],[-94.1835,29.8025],[-94.0886,29.7894],[-93.9938,29.7763],[-93.899,29.7631],[-93.8043,29.7498],[-93.7096,29.7364],[-93.6148,29.723],[-93.5202,29.7095],[-93.4255,29.696],[-93.3309,29.6824],[-93.2363,29.6687],[-93.1417,29.6549],[-93.0471,29.6411],[-92.9526,29.6272],[-92.924,29.623],[-92.8295,29.609],[-92.735,29.595],[-92.6406,29.5809],[-92.5462,29.5667],[-92.4518,29.5525],[-92.3574,29.5381],[-92.2631,29.5238],[-92.1688,29.5093],[-92.0745,29.4948],[-91.9803,29.4802],[-91.886,29.4656],[-91.7918,29.4509],[-91.6977,29.4361],[-91.6035,29.4212],[-91.5094,29.4063],[-91.4153,29.3913],[-91.3212,29.3763],[-91.2272,29.3612],[-91.1332,29.346],[-91.0392,29.3308],[-90.9453,29.3155],[-90.8514,29.3001],[-90.7575,29.2846],[-90.6636,29.2691],[-90.5698,29.2536],[-90.476,29.2379],[-90.3822,29.2222],[-90.2884,29.2065],[-90.1947,29.1906],[-90.104,29.1752]]}},{"type":"Feature","properties":{"ident":"J87","type":"CONV","run":1},"geometry":{"type":"LineString","coordinates":[[-95.3457,29.9569],[-95.4303,29.9966],[-95.515,30.0362],[-95.5997,30.0758],[-95.6845,30.1153],[-95.7693,30.1548],[-95.8543,30.1942],[-95.9393,30.2336],[-96.0243,30.2729],[-96.0582,30.2885],[-96.0873,30.368],[-96.1164,30.4474],[-96.1456,30.5269],[-96.1748,30.6063],[-96.2041,30.6858],[-96.2334,30.7652],[-96.256,30.8263],[-96.2854,30.9057],[-96.3148,30.9851],[-96.3443,31.0645],[-96.3739,31.1439],[-96.3816,31.1645],[-96.4112,31.2439],[-96.4407,31.3229],[-96.4704,31.4023],[-96.5002,31.4817],[-96.5147,31.5204],[-96.5374,31.6014],[-96.5602,31.6825],[-96.5829,31.7635],[-96.6057,31.8446],[-96.6286,31.9256],[-96.6515,32.0067],[-96.6744,32.0877],[-96.6974,32.1687],[-96.7204,32.2497],[-96.7435,32.3308],[-96.7666,32.4118],[-96.7897,32.4928],[-96.8106,32.5658],[-96.8133,32.5749],[-96.8365,32.6559],[-96.8598,32.7369],[-96.8831,32.8179],[-96.904,32.8903],[-96.8779,32.9707],[-96.8518,33.0511],[-96.8256,33.1315],[-96.7994,33.2119],[-96.7731,33.2923],[-96.7468,33.3727],[-96.7204,33.453],[-96.694,33.5334],[-96.6675,33.6137],[-96.641,33.6941],[-96.6144,33.7744],[-96.5878,33.8548],[-96.5611,33.9351],[-96.5344,34.0155],[-96.5077,34.0958],[-96.4808,34.1761],[-96.454,34.2564],[-96.427,34.3367],[-96.4001,34.417],[-96.373,34.4973],[-96.346,34.5776],[-96.3188,34.6579],[-96.2917,34.7382],[-96.2644,34.8184],[-96.2371,34.8987],[-96.2098,34.979],[-96.1824,35.0592],[-96.1549,35.1395],[-96.1274,35.2197],[-96.0999,35.2999],[-96.0723,35.3802],[-96.0446,35.4604],[-96.0169,35.5406],[-95.9891,35.6208],[-95.9613,35.701],[-95.9334,35.7812],[-95.9054,35.8614],[-95.8774,35.9416],[-95.8494,36.0218],[-95.8213,36.1019],[-95.7931,36.1821],[-95.7881,36.1963],[-95.7426,36.2711],[-95.6971,36.3459],[-95.6514,36.4207],[-95.6057,36.4954],[-95.5598,36.5702],[-95.5139,36.6449],[-95.5002,36.6672],[-95.4542,36.7419],[-95.408,36.8166],[-95.3618,36.8913],[-95.3155,36.9659],[-95.2691,37.0406],[-95.2226,37.1152],[-95.176,37.1898],[-95.1294,37.2644],[-95.0826,37.3389],[-95.0357,37.4135],[-94.9888,37.488],[-94.9417,37.5625],[-94.8946,37.637],[-94.8473,37.7115],[-94.8,37.7859],[-94.7526,37.8604],[-94.7051,37.9348],[-94.6574,38.0092],[-94.6097,38.0836],[-94.5619,38.1579],[-94.514,38.2323],[-94.4883,38.2721],[-94.4236,38.3382],[-94.3589,38.4043],[-94.294,38.4703],[-94.229,38.5363],[-94.1639,38.6023],[-94.0986,38.6682],[-94.0836,38.6834],[-94.0177,38.7489],[-93.9517,38.8145],[-93.8855,38.88],[-93.8192,38.9454],[-93.7528,39.0108],[-93.6863,39.0762],[-93.6196,39.1415],[-93.575,39.1853],[-93.5084,39.2507],[-93.4417,39.3161],[-93.3749,39.3815],[-93.3079,39.4468],[-93.2864,39.4678],[-93.2192,39.5331],[-93.1519,39.5983],[-93.0845,39.6635],[-93.017,39.7286],[-92.9493,39.7937],[-92.8815,39.8588],[-92.8136,39.9238],[-92.7455,39.9888],[-92.6773,40.0537],[-92.609,40.1186],[-92.5917,40.135],[-92.5074,40.1878],[-92.4229,40.2405],[-92.3382,40.2932],[-92.2535,40.3458],[-92.1686,40.3983],[-92.0835,40.4508],[-91.9984,40.5032],[-91.9131,40.5556],[-91.8276,40.6079],[-91.7421,40.6601],[-91.6564,40.7123],[-91.5706,40.7644],[-91.4846,40.8164],[-91.3985,40.8684],[-91.3122,40.9203],[-91.2309,40.9691],[-91.1444,41.0209],[-91.0578,41.0726],[-90.971,41.1242],[-90.8841,41.1758],[-90.797,41.2273],[-90.7098,41.2788],[-90.6382,41.3209],[-90.5284,41.3327],[-90.4185,41.3444],[-90.3085,41.3559],[-90.1986,41.3674],[-90.0886,41.3787],[-89.9785,41.39],[-89.8684,41.4011],[-89.7583,41.4121],[-89.6481,41.4231],[-89.5379,41.4339],[-89.4277,41.4446],[-89.3174,41.4552],[-89.2071,41.4657],[-89.0968,41.4761],[-88.9864,41.4864],[-88.876,41.4966],[-88.7656,41.5067],[-88.6551,41.5167],[-88.5446,41.5266],[-88.434,41.5363],[-88.3234,41.546],[-88.3184,41.5464],[-88.2768,41.6237],[-88.2352,41.701],[-88.1934,41.7783],[-88.1515,41.8556],[-88.1095,41.9328],[-88.0674,42.01],[-88.0252,42.0873],[-87.9829,42.1645],[-87.9517,42.2214]]}},{"type":"Feature","properties":{"ident":"J88","type":"CONV","run":1},"geometry":{"type":"LineString","coordinates":[[-118.432,33.9332],[-118.5208,33.9721],[-118.6097,34.011],[-118.6987,34.0498],[-118.7878,34.0885],[-118.8769,34.1272],[-118.9662,34.1658],[-119.0555,34.2043],[-119.1449,34.2428],[-119.2343,34.2812],[-119.3239,34.3196],[-119.4135,34.3579],[-119.5033,34.3961],[-119.5931,34.4342],[-119.6829,34.4723],[-119.771,34.5095],[-119.8278,34.5785],[-119.8847,34.6474],[-119.9417,34.7163],[-119.9988,34.7852],[-120.0559,34.8541],[-120.1132,34.9229],[-120.1706,34.9917],[-120.2281,35.0604],[-120.2856,35.1292],[-120.3433,35.1979],[-120.401,35.2666],[-120.4589,35.3353],[-120.4878,35.3695],[-120.5458,35.4381],[-120.6039,35.5067],[-120.6621,35.5753],[-120.7204,35.6438],[-120.7788,35.7123],[-120.8373,35.7808],[-120.8959,35.8493],[-120.9546,35.9177],[-121.0095,35.9815],[-121.0684,36.0498],[-121.1274,36.1182],[-121.1865,36.1865],[-121.2457,36.2548],[-121.305,36.323],[-121.3644,36.3912],[-121.424,36.4594],[-121.424,36.4595],[-121.4836,36.5276],[-121.5434,36.5957],[-121.6032,36.6638],[-121.6628,36.7321],[-121.7225,36.8003],[-121.7824,36.8685],[-121.8423,36.9367],[-121.9023,37.0048],[-121.9625,37.0729],[-122.0228,37.141],[-122.0831,37.2091],[-122.1436,37.2771],[-122.2042,37.3451],[-122.2649,37.413],[-122.3257,37.4809],[-122.3866,37.5488],[-122.4476,37.6167],[-122.5088,37.6845],[-122.57,37.7523],[-122.6314,37.8201],[-122.6928,37.8878],[-122.7544,37.9555],[-122.8161,38.0232],[-122.8678,38.0798]]}},{"type":"Feature","properties":{"ident":"J89","type":"CONV","run":1},"geometry":{"type":"LineString","coordinates":[[-85.5774,38.1035],[-85.6218,38.1792],[-85.6662,38.2548],[-85.7107,38.3305],[-85.7554,38.4061],[-85.8001,38.4817],[-85.8449,38.5573],[-85.8898,38.6329],[-85.9348,38.7085],[-85.9799,38.784],[-86.025,38.8595],[-86.0703,38.935],[-86.0927,38.9722],[-86.1381,39.0477],[-86.1836,39.1231],[-86.2292,39.1986],[-86.275,39.274],[-86.3208,39.3494],[-86.3667,39.4248],[-86.4127,39.5002],[-86.4588,39.5756],[-86.505,39.6509],[-86.5514,39.7262],[-86.5978,39.8015],[-86.6443,39.8768],[-86.6909,39.9521],[-86.723,40.0037],[-86.7698,40.0789],[-86.8167,40.1541],[-86.8637,40.2293],[-86.876,40.2491],[-86.9232,40.3243],[-86.9704,40.3994],[-87.0178,40.4745],[-87.0653,40.5497],[-87.0694,40.5562],[-87.1094,40.6338],[-87.1494,40.7114],[-87.1896,40.7889],[-87.196,40.8012],[-87.2363,40.8787],[-87.2768,40.9563],[-87.3174,41.0338],[-87.358,41.1113],[-87.3877,41.1678],[-87.4285,41.2453],[-87.4694,41.3227],[-87.5104,41.4002],[-87.5515,41.4776],[-87.5927,41.555],[-87.634,41.6324],[-87.6753,41.7098],[-87.7168,41.7871],[-87.7584,41.8645],[-87.8001,41.9418],[-87.8419,42.0192],[-87.8838,42.0965],[-87.9258,42.1738],[-87.9517,42.2214],[-87.9812,42.3018],[-88.0107,42.3822],[-88.0403,42.4626],[-88.07,42.543],[-88.0998,42.6234],[-88.1297,42.7038],[-88.1596,42.7842],[-88.1896,42.8646],[-88.2197,42.9449],[-88.2499,43.0253],[-88.2801,43.1056],[-88.2844,43.1169],[-88.3509,43.1846],[-88.4175,43.2523],[-88.4843,43.32],[-88.5512,43.3876],[-88.6183,43.4552],[-88.6856,43.5228],[-88.753,43.5903],[-88.8205,43.6578],[-88.8882,43.7252],[-88.9561,43.7926],[-89.0241,43.86],[-89.0922,43.9273],[-89.1606,43.9945],[-89.229,44.0618],[-89.2977,44.129],[-89.3664,44.1961],[-89.4342,44.2621],[-89.5033,44.3291],[-89.5725,44.3961],[-89.6419,44.4631],[-89.7115,44.5301],[-89.7812,44.597],[-89.8511,44.6638],[-89.9212,44.7306],[-89.9914,44.7974],[-90.0618,44.8641],[-90.1324,44.9308],[-90.2031,44.9974],[-90.2739,45.064],[-90.345,45.1306],[-90.4162,45.1971],[-90.4876,45.2636],[-90.5591,45.33],[-90.6308,45.3964],[-90.7027,45.4627],[-90.7747,45.529],[-90.8469,45.5952],[-90.9193,45.6614],[-90.9919,45.7276],[-91.0646,45.7937],[-91.1375,45.8597],[-91.2106,45.9257],[-91.2838,45.9917],[-91.3573,46.0576],[-91.4309,46.1235],[-91.5046,46.1893],[-91.5786,46.255],[-91.6527,46.3208],[-91.727,46.3865],[-91.8015,46.4521],[-91.8762,46.5177],[-91.951,46.5832],[-92.0261,46.6487],[-92.1013,46.7141],[-92.1767,46.7795],[-92.2029,46.8022]]}},{"type":"Feature","properties":{"ident":"J9","type":"CONV","run":1},"geometry":{"type":"LineString","coordinates":[[-118.432,33.9332],[-118.3492,33.9803],[-118.2662,34.0274],[-118.1832,34.0744],[-118.1001,34.1214],[-118.0169,34.1683],[-117.9336,34.2152],[-117.8502,34.262],[-117.7667,34.3087],[-117.6831,34.3554],[-117.5994,34.402],[-117.5157,34.4486],[-117.4318,34.4951],[-117.3479,34.5416],[-117.2638,34.588],[-117.1797,34.6343],[-117.0954,34.6806],[-117.0111,34.7269],[-116.9267,34.773],[-116.8421,34.8191],[-116.7575,34.8652],[-116.6728,34.9112],[-116.588,34.9571],[-116.5782,34.9625],[-116.5056,35.0208],[-116.4329,35.0791],[-116.4039,35.1024],[-116.331,35.1606],[-116.258,35.2188],[-116.185,35.277],[-116.1118,35.3351],[-116.0385,35.3932],[-115.9651,35.4512],[-115.8917,35.5092],[-115.8181,35.5671],[-115.7444,35.625],[-115.6798,35.6757],[-115.6059,35.7335],[-115.5319,35.7913],[-115.4577,35.849],[-115.3835,35.9067],[-115.3092,35.9643],[-115.2347,36.0219],[-115.1602,36.0794],[-115.1598,36.0797],[-115.0861,36.138],[-115.0123,36.1963],[-114.9384,36.2545],[-114.8644,36.3127],[-114.8048,36.3594],[-114.7299,36.417],[-114.6549,36.4745],[-114.5799,36.532],[-114.5047,36.5894],[-114.4294,36.6467],[-114.354,36.7041],[-114.2811,36.7593],[-114.2264,36.8302],[-114.1716,36.9011],[-114.1167,36.9719],[-114.0617,37.0427],[-114.0066,37.1135],[-113.9513,37.1843],[-113.896,37.255],[-113.8406,37.3257],[-113.7851,37.3964],[-113.7294,37.467],[-113.6737,37.5377],[-113.6179,37.6083],[-113.5619,37.6788],[-113.5059,37.7494],[-113.4497,37.8199],[-113.3934,37.8904],[-113.3857,37.9001],[-113.3291,37.9704],[-113.2725,38.0408],[-113.2157,38.1111],[-113.1587,38.1814],[-113.1017,38.2516],[-113.0446,38.3219],[-113.0132,38.3604],[-112.9717,38.4371],[-112.93,38.5137],[-112.8882,38.5904],[-112.8464,38.667],[-112.8044,38.7437],[-112.7624,38.8203],[-112.7203,38.8969],[-112.6781,38.9735],[-112.6358,39.0501],[-112.5934,39.1266],[-112.5509,39.2032],[-112.5083,39.2797],[-112.4656,39.3562],[-112.4229,39.4327],[-112.38,39.5092],[-112.3371,39.5856],[-112.294,39.6621],[-112.2509,39.7385],[-112.2076,39.8149],[-112.1643,39.8913],[-112.1209,39.9677],[-112.1191,39.9708],[-112.0746,40.0468],[-112.03,40.1229],[-111.9854,40.1989],[-111.9406,40.2749],[-111.9405,40.2749],[-111.9465,40.3581],[-111.9524,40.4413],[-111.9584,40.5245],[-111.9644,40.6077],[-111.9704,40.6909],[-111.9764,40.7741],[-111.9819,40.8503],[-111.9875,40.9335],[-111.9931,41.0167],[-111.9986,41.0999],[-112.0042,41.1832],[-112.0099,41.2664],[-112.0155,41.3496],[-112.0211,41.4328],[-112.0268,41.516],[-112.0325,41.5993],[-112.0382,41.6825],[-112.0439,41.7657],[-112.0496,41.8489],[-112.0553,41.9322],[-112.0611,42.0154],[-112.0668,42.0986],[-112.0726,42.1818],[-112.0784,42.265],[-112.0842,42.3483],[-112.09,42.4315],[-112.0959,42.5147],[-112.1017,42.5979],[-112.1076,42.6811],[-112.1135,42.7643],[-112.1194,42.8476],[-112.1253,42.9308],[-112.1312,43.014],[-112.1372,43.0972],[-112.1431,43.1804],[-112.1491,43.2636],[-112.1551,43.3469],[-112.1611,43.4301],[-112.1672,43.5133],[-112.1732,43.5965],[-112.1793,43.6797],[-112.1854,43.7629],[-112.1915,43.8461],[-112.1976,43.9294],[-112.2037,44.0126],[-112.2094,44.0889],[-112.2327,44.1705],[-112.2561,44.2521],[-112.2795,44.3337],[-112.3031,44.4154],[-112.3267,44.497],[-112.3503,44.5786],[-112.374,44.6602],[-112.3978,44.7418],[-112.4217,44.8234],[-112.4456,44.9049],[-112.4696,44.9865],[-112.4937,45.0681],[-112.5178,45.1497],[-112.542,45.2312],[-112.5471,45.2486],[-112.5082,45.3273],[-112.4692,45.406],[-112.43,45.4846],[-112.3907,45.5633],[-112.3514,45.6419],[-112.3119,45.7206],[-112.2723,45.7992],[-112.2326,45.8778],[-112.1927,45.9564],[-112.1528,46.035],[-112.1127,46.1135],[-112.0726,46.1921],[-112.0323,46.2706],[-111.9919,46.3491],[-111.9514,46.4276],[-111.9108,46.5061],[-111.87,46.5846],[-111.8291,46.663],[-111.7882,46.7415],[-111.7471,46.8199],[-111.7058,46.8983],[-111.6645,46.9767],[-111.623,47.0551],[-111.5814,47.1335],[-111.5397,47.2119],[-111.4979,47.2902],[-111.4559,47.3685],[-111.4139,47.4468],[-111.4122,47.45]]}},{"type":"Feature","properties":{"ident":"J90","type":"CONV","run":1},"geometry":{"type":"LineString","coordinates":[[-122.3096,47.4354],[-122.1864,47.4344],[-122.0633,47.4333],[-121.9401,47.4321],[-121.8169,47.4307],[-121.7212,47.4296],[-121.5981,47.428],[-121.4749,47.4262],[-121.3518,47.4244],[-121.2287,47.4224],[-121.1056,47.4202],[-120.9824,47.418],[-120.8593,47.4156],[-120.7363,47.4131],[-120.6132,47.4104],[-120.4901,47.4076],[-120.4182,47.4059],[-120.2989,47.3854],[-120.1797,47.3647],[-120.0606,47.3439],[-119.9416,47.323],[-119.8227,47.3019],[-119.7038,47.2808],[-119.5851,47.2595],[-119.4665,47.2381],[-119.3479,47.2165],[-119.3168,47.2109],[-119.1945,47.2048],[-119.0722,47.1986],[-118.9499,47.1922],[-118.8277,47.1858],[-118.7054,47.1792],[-118.5833,47.1724],[-118.4611,47.1656],[-118.339,47.1586],[-118.2169,47.1514],[-118.0948,47.1442],[-117.9742,47.1369],[-117.8522,47.1294],[-117.7303,47.1217],[-117.6083,47.1139],[-117.4864,47.106],[-117.3646,47.098],[-117.2428,47.0898],[-117.121,47.0815],[-116.9993,47.0731],[-116.8776,47.0646],[-116.7559,47.0559],[-116.6343,47.0471],[-116.5127,47.0381],[-116.3912,47.029],[-116.2697,47.0198],[-116.1483,47.0105],[-116.0268,47.0011],[-115.9055,46.9915],[-115.7842,46.9818],[-115.6629,46.9719],[-115.5416,46.962],[-115.4205,46.9519],[-115.2993,46.9416],[-115.1782,46.9313],[-115.0572,46.9208],[-114.9362,46.9102],[-114.8152,46.8995],[-114.6943,46.8886],[-114.5735,46.8776],[-114.4527,46.8665],[-114.3319,46.8553],[-114.2112,46.8439],[-114.0906,46.8324],[-113.97,46.8208],[-113.8494,46.809],[-113.7289,46.7972],[-113.6085,46.7852],[-113.4881,46.773],[-113.3677,46.7608],[-113.2475,46.7484],[-113.1272,46.7359],[-113.0071,46.7232],[-112.887,46.7105],[-112.7669,46.6976],[-112.6469,46.6846],[-112.527,46.6715],[-112.4071,46.6582],[-112.2873,46.6448],[-112.1675,46.6313],[-112.0478,46.6177],[-111.9535,46.6068],[-111.8322,46.6054],[-111.7109,46.6039],[-111.5897,46.6022],[-111.4684,46.6004],[-111.3472,46.5984],[-111.2259,46.5964],[-111.1047,46.5942],[-110.9835,46.5919],[-110.8623,46.5894],[-110.7411,46.5869],[-110.6199,46.5842],[-110.4987,46.5813],[-110.3776,46.5784],[-110.2564,46.5753],[-110.1353,46.5721],[-110.0142,46.5687],[-109.8931,46.5653],[-109.772,46.5617],[-109.6509,46.5579],[-109.5299,46.5541],[-109.4088,46.5501],[-109.2878,46.546],[-109.1668,46.5418],[-109.0459,46.5374],[-108.9249,46.5329],[-108.804,46.5283],[-108.683,46.5236],[-108.5621,46.5187],[-108.4413,46.5137],[-108.3204,46.5086],[-108.1996,46.5033],[-108.0788,46.4979],[-107.958,46.4924],[-107.8372,46.4868],[-107.7165,46.481],[-107.5958,46.4751],[-107.4751,46.4691],[-107.3545,46.463],[-107.2338,46.4567],[-107.1132,46.4503],[-106.9927,46.4438],[-106.8721,46.4371],[-106.7516,46.4304],[-106.6312,46.4235],[-106.5107,46.4164],[-106.3903,46.4093],[-106.2699,46.402],[-106.1496,46.3946],[-106.0292,46.387],[-105.9535,46.3822],[-105.8338,46.3711],[-105.7142,46.3599],[-105.5946,46.3485],[-105.475,46.337],[-105.3555,46.3254],[-105.2361,46.3137],[-105.1167,46.3018],[-104.9973,46.2899],[-104.878,46.2778],[-104.7588,46.2655],[-104.6396,46.2532],[-104.5204,46.2407],[-104.4013,46.2281],[-104.2823,46.2154],[-104.1633,46.2025],[-104.0444,46.1895],[-103.9256,46.1764],[-103.8068,46.1632],[-103.688,46.1499],[-103.5693,46.1364],[-103.4507,46.1228],[-103.3321,46.1091],[-103.2136,46.0953],[-103.0952,46.0813],[-102.9768,46.0673],[-102.8584,46.0531],[-102.7402,46.0387],[-102.6219,46.0243],[-102.5038,46.0097],[-102.3857,45.995],[-102.2677,45.9802],[-102.1497,45.9653],[-102.0318,45.9503],[-101.914,45.9351],[-101.7962,45.9198],[-101.6785,45.9044],[-101.5609,45.8888],[-101.4433,45.8732],[-101.3258,45.8574],[-101.2084,45.8415],[-101.091,45.8255],[-100.9737,45.8094],[-100.8565,45.7931],[-100.7393,45.7767],[-100.6222,45.7602],[-100.5052,45.7436],[-100.3882,45.7269],[-100.2714,45.71],[-100.1545,45.6931],[-100.0378,45.676],[-99.9211,45.6588],[-99.8045,45.6414],[-99.688,45.624],[-99.5715,45.6064],[-99.4552,45.5887],[-99.3389,45.5709],[-99.2226,45.553],[-99.1065,45.535],[-98.9904,45.5168],[-98.8744,45.4985],[-98.7584,45.4801],[-98.6426,45.4616],[-98.5268,45.443],[-98.4111,45.4243],[-98.3687,45.4174],[-98.2582,45.387],[-98.1478,45.3565],[-98.0376,45.3259],[-97.9274,45.2952],[-97.8174,45.2643],[-97.7075,45.2334],[-97.5977,45.2024],[-97.488,45.1713],[-97.3785,45.14],[-97.269,45.1087],[-97.1597,45.0773],[-97.0505,45.0457],[-96.9414,45.014],[-96.8325,44.9823],[-96.7237,44.9504],[-96.615,44.9185],[-96.5064,44.8864],[-96.3979,44.8542],[-96.2896,44.822],[-96.1813,44.7896],[-96.0732,44.7571],[-95.9653,44.7245],[-95.8574,44.6919],[-95.7497,44.6591],[-95.642,44.6262],[-95.5346,44.5932],[-95.4272,44.5601],[-95.3199,44.5269],[-95.2128,44.4937],[-95.1282,44.4673],[-95.0472,44.4073],[-94.9662,44.3474],[-94.8855,44.2873],[-94.8049,44.2272],[-94.7245,44.167],[-94.6442,44.1068],[-94.5641,44.0465],[-94.4842,43.9862],[-94.4044,43.9258],[-94.3248,43.8654],[-94.2454,43.8049],[-94.1661,43.7443],[-94.087,43.6837],[-94.008,43.6231],[-93.9292,43.5623],[-93.8506,43.5016],[-93.7721,43.4408],[-93.6938,43.3799],[-93.6156,43.3189],[-93.5376,43.258],[-93.4597,43.1969],[-93.382,43.1358],[-93.3299,43.0948],[-93.2162,43.0874],[-93.1026,43.08],[-92.989,43.0724],[-92.8754,43.0647],[-92.7618,43.0569],[-92.6483,43.049],[-92.5348,43.041],[-92.4214,43.0328],[-92.3079,43.0246],[-92.1945,43.0162],[-92.1744,43.0147],[-92.0611,43.0063],[-91.9477,42.9977],[-91.8344,42.9889],[-91.7212,42.9801],[-91.6079,42.9712],[-91.5433,42.966],[-91.4301,42.9569],[-91.3169,42.9477],[-91.2038,42.9383],[-91.0907,42.9289],[-90.9777,42.9193],[-90.8647,42.9097],[-90.7517,42.8999],[-90.6387,42.89],[-90.5517,42.8823],[-90.4388,42.8722],[-90.326,42.862],[-90.2132,42.8516],[-90.1004,42.8412],[-90.0918,42.8404],[-89.9855,42.8109],[-89.9404,42.7983],[-89.8343,42.7687],[-89.7283,42.7389],[-89.6223,42.7091],[-89.5165,42.6791],[-89.4108,42.6491],[-89.3052,42.619],[-89.1997,42.5887],[-89.0944,42.5584],[-88.9891,42.528],[-88.8839,42.4974],[-88.7788,42.4668],[-88.6738,42.4361],[-88.5689,42.4053],[-88.4641,42.3744],[-88.3595,42.3434],[-88.2549,42.3123],[-88.1504,42.2811],[-88.0461,42.2498],[-87.9517,42.2214]]}},{"type":"Feature","properties":{"ident":"J92","type":"CONV","run":1},"geometry":{"type":"LineString","coordinates":[[-121.7275,42.1531],[-121.6688,42.0821],[-121.6102,42.0111],[-121.5517,41.94],[-121.4933,41.8689],[-121.4351,41.7977],[-121.377,41.7265],[-121.319,41.6553],[-121.2612,41.5841],[-121.2035,41.5128],[-121.1459,41.4415],[-121.0884,41.3702],[-121.0311,41.2989],[-120.9739,41.2275],[-120.9168,41.1561],[-120.8599,41.0847],[-120.803,41.0132],[-120.7463,40.9417],[-120.6897,40.8702],[-120.6333,40.7986],[-120.5769,40.7271],[-120.5207,40.6555],[-120.4646,40.5838],[-120.4086,40.5122],[-120.3527,40.4405],[-120.3162,40.3936],[-120.2606,40.3218],[-120.205,40.2501],[-120.1496,40.1783],[-120.0943,40.1065],[-120.0391,40.0347],[-119.984,39.9628],[-119.9291,39.8909],[-119.8742,39.819],[-119.8195,39.7471],[-119.7649,39.6751],[-119.7104,39.6031],[-119.6561,39.5313],[-119.5804,39.4718],[-119.5049,39.4123],[-119.4295,39.3527],[-119.3542,39.2931],[-119.2795,39.2338],[-119.2045,39.1741],[-119.1296,39.1143],[-119.0549,39.0545],[-118.9802,38.9946],[-118.9617,38.9797],[-118.8872,38.9198],[-118.8128,38.8598],[-118.7386,38.7998],[-118.6645,38.7397],[-118.5906,38.6796],[-118.5167,38.6195],[-118.443,38.5593],[-118.3846,38.5115],[-118.3111,38.4512],[-118.2377,38.3909],[-118.1645,38.3305],[-118.0913,38.2701],[-118.0183,38.2096],[-117.9454,38.1491],[-117.8727,38.0886],[-117.8,38.028],[-117.7705,38.0033],[-117.7108,37.9345],[-117.6513,37.8656],[-117.5919,37.7967],[-117.5326,37.7278],[-117.4735,37.6589],[-117.4144,37.59],[-117.3554,37.521],[-117.2966,37.452],[-117.2781,37.4302],[-117.2194,37.3611],[-117.1608,37.2921],[-117.1023,37.2229],[-117.0439,37.1538],[-116.9856,37.0846],[-116.9274,37.0154],[-116.8694,36.9462],[-116.8114,36.877],[-116.7535,36.8077],[-116.7477,36.8006],[-116.6553,36.7622],[-116.563,36.7238],[-116.4709,36.6853],[-116.3788,36.6467],[-116.2868,36.608],[-116.1949,36.5693],[-116.1031,36.5305],[-116.0114,36.4916],[-115.9198,36.4527],[-115.8283,36.4137],[-115.7369,36.3746],[-115.6455,36.3354],[-115.5543,36.2962],[-115.4631,36.2569],[-115.372,36.2176],[-115.2811,36.1781],[-115.1902,36.1386],[-115.0994,36.0991],[-115.0087,36.0594],[-114.9181,36.0197],[-114.8636,35.9958],[-114.7772,35.9505],[-114.6909,35.9051],[-114.6047,35.8596],[-114.5186,35.8141],[-114.4326,35.7685],[-114.3835,35.7424],[-114.2977,35.6967],[-114.212,35.651],[-114.1263,35.6052],[-114.0408,35.5593],[-113.9553,35.5134],[-113.943,35.5068],[-113.8577,35.4608],[-113.7725,35.4147],[-113.6873,35.3686],[-113.6023,35.3224],[-113.5173,35.2762],[-113.4325,35.2299],[-113.3477,35.1836],[-113.2631,35.1371],[-113.1785,35.0907],[-113.0941,35.0441],[-113.0097,34.9975],[-112.9754,34.9785],[-112.904,34.9389],[-112.8198,34.8922],[-112.7358,34.8454],[-112.6518,34.7986],[-112.568,34.7517],[-112.4842,34.7047],[-112.4804,34.7026],[-112.4481,34.6236],[-112.416,34.5445],[-112.3839,34.4655],[-112.3518,34.3865],[-112.3199,34.3075],[-112.2879,34.2284],[-112.2561,34.1494],[-112.2243,34.0703],[-112.1925,33.9912],[-112.1609,33.9122],[-112.1292,33.8331],[-112.0977,33.754],[-112.0662,33.6749],[-112.0347,33.5958],[-112.0033,33.5166],[-111.972,33.4375],[-111.9702,33.433],[-111.9608,33.3501],[-111.9515,33.2671],[-111.9422,33.1841],[-111.9328,33.1012],[-111.9235,33.0182],[-111.9143,32.9352],[-111.9087,32.8859],[-111.852,32.8175],[-111.7954,32.7491],[-111.7389,32.6807],[-111.7267,32.6658],[-111.6703,32.5974],[-111.614,32.5289],[-111.5577,32.4604],[-111.5016,32.3919],[-111.4948,32.3836],[-111.4096,32.3415],[-111.3245,32.2994],[-111.2395,32.2572],[-111.1546,32.215],[-111.0698,32.1727],[-110.985,32.1303],[-110.9149,32.0952],[-110.9187,32.0119],[-110.9226,31.9287],[-110.9264,31.8454],[-110.9303,31.7621],[-110.9341,31.6789],[-110.9379,31.5956],[-110.9417,31.5123],[-110.9455,31.4291],[-110.9493,31.3458],[-110.9499,31.3334],[-110.9886,30.5072]]}},{"type":"Feature","properties":{"ident":"J93","type":"CONV","run":1},"geometry":{"type":"LineString","coordinates":[[-116.5859,33.1405],[-116.5796,33.1372],[-116.495,33.0934],[-116.4104,33.0496],[-116.3259,33.0057],[-116.2415,32.9617],[-116.1572,32.9177],[-116.073,32.8737],[-115.9888,32.8295],[-115.9048,32.7854],[-115.8208,32.7411],[-115.7369,32.6968],[-115.6531,32.6525],[-116.5859,33.1405],[-116.6565,33.1993],[-116.7271,33.2581],[-116.7978,33.3168],[-116.8685,33.3755],[-116.9394,33.4342],[-117.0104,33.4928],[-117.0815,33.5514],[-117.1527,33.61],[-117.2239,33.6685],[-117.2953,33.7269],[-117.3668,33.7854],[-117.4383,33.8437],[-117.51,33.9021],[-117.53,33.9183],[-117.6244,33.9469],[-117.7188,33.9754],[-117.7906,33.9971],[-117.8904,33.9874],[-117.9902,33.9775],[-118.09,33.9677],[-118.1898,33.9577],[-118.2895,33.9477],[-118.3892,33.9375],[-118.432,33.9332]]}},{"type":"Feature","properties":{"ident":"J93","type":"CONV","run":2},"geometry":{"type":"LineString","coordinates":[[-113.3014,31.3673],[-113.3829,31.4131],[-113.4645,31.459],[-113.5461,31.5047],[-113.6279,31.5504],[-113.7097,31.5961],[-113.7916,31.6417],[-113.8736,31.6872],[-113.9556,31.7327],[-114.0378,31.7782],[-114.12,31.8236],[-114.2023,31.8689],[-114.2847,31.9142],[-114.3671,31.9595],[-114.4497,32.0046],[-114.5323,32.0498],[-114.615,32.0949],[-114.6978,32.1399],[-114.7807,32.1848],[-114.8636,32.2298],[-114.9467,32.2746],[-115.0298,32.3194],[-115.0639,32.3378]]}},{"type":"Feature","properties":{"ident":"J94","type":"CONV","run":1},"geometry":{"type":"LineString","coordinates":[[-119.6561,39.5313],[-119.5686,39.5802],[-119.481,39.6291],[-119.3933,39.6779],[-119.3054,39.7266],[-119.2175,39.7753],[-119.1294,39.8239],[-119.0411,39.8725],[-118.9528,39.9209],[-118.8643,39.9693],[-118.7757,40.0177],[-118.687,40.0659],[-118.5981,40.1141],[-118.5776,40.1253],[-118.4751,40.1536],[-118.3725,40.1819],[-118.2698,40.21],[-118.1671,40.2381],[-118.0642,40.2661],[-117.9613,40.294],[-117.8583,40.3217],[-117.7552,40.3495],[-117.652,40.3771],[-117.5487,40.4046],[-117.4454,40.432],[-117.3419,40.4593],[-117.2384,40.4866],[-117.1348,40.5137],[-117.0311,40.5408],[-116.9273,40.5678],[-116.9223,40.5691],[-116.819,40.5973],[-116.7157,40.6255],[-116.6123,40.6535],[-116.5088,40.6815],[-116.4053,40.7094],[-116.3016,40.7371],[-116.1978,40.7648],[-116.094,40.7924],[-115.9901,40.8199],[-115.8861,40.8473],[-115.782,40.8747],[-115.6778,40.9019],[-115.5735,40.929],[-115.4692,40.956],[-115.3647,40.983],[-115.2602,41.0098],[-115.1556,41.0366],[-115.0509,41.0632],[-114.9461,41.0898],[-114.8413,41.1162],[-114.7363,41.1426],[-114.6313,41.1689],[-114.5262,41.1951],[-114.421,41.2211],[-114.3157,41.2471],[-114.2104,41.273],[-114.1049,41.2988],[-113.9994,41.3245],[-113.8938,41.3501],[-113.8406,41.363],[-113.73,41.3704],[-113.6194,41.3778],[-113.5088,41.3851],[-113.3981,41.3923],[-113.2875,41.3993],[-113.1768,41.4063],[-113.066,41.4132],[-112.9553,41.4199],[-112.8445,41.4265],[-112.7337,41.4331],[-112.6229,41.4395],[-112.512,41.4458],[-112.4012,41.4521],[-112.2903,41.4582],[-112.1794,41.4642],[-112.0685,41.4701],[-111.9575,41.4759],[-111.8465,41.4815],[-111.7356,41.4871],[-111.6245,41.4926],[-111.5135,41.4979],[-111.4025,41.5032],[-111.2914,41.5083],[-111.1803,41.5134],[-111.0693,41.5183],[-110.9581,41.5232],[-110.847,41.5279],[-110.7359,41.5325],[-110.6247,41.537],[-110.5135,41.5414],[-110.4024,41.5457],[-110.2912,41.5499],[-110.1799,41.554],[-110.0687,41.5579],[-109.9575,41.5618],[-109.8462,41.5656],[-109.7349,41.5692],[-109.6236,41.5728],[-109.5124,41.5762],[-109.401,41.5795],[-109.2897,41.5827],[-109.1784,41.5859],[-109.0671,41.5889],[-109.0153,41.5902],[-108.9045,41.5989],[-108.7937,41.6076],[-108.6828,41.6161],[-108.5719,41.6245],[-108.461,41.6328],[-108.35,41.641],[-108.239,41.6491],[-108.128,41.6571],[-108.017,41.6649],[-107.9059,41.6727],[-107.7948,41.6804],[-107.6837,41.6879],[-107.5726,41.6954],[-107.4614,41.7027],[-107.3502,41.71],[-107.239,41.7171],[-107.1277,41.7241],[-107.0165,41.731],[-106.9052,41.7378],[-106.7939,41.7445],[-106.6825,41.7511],[-106.5711,41.7576],[-106.4598,41.764],[-106.3484,41.7702],[-106.2369,41.7764],[-106.1255,41.7824],[-106.014,41.7884],[-105.9025,41.7942],[-105.791,41.8],[-105.6795,41.8056],[-105.5679,41.8111],[-105.4564,41.8165],[-105.3448,41.8218],[-105.2332,41.827],[-105.1215,41.8321],[-105.0099,41.837],[-104.8982,41.8419],[-104.7866,41.8467],[-104.6749,41.8513],[-104.5632,41.8558],[-104.4514,41.8603],[-104.3397,41.8646],[-104.2279,41.8688],[-104.1162,41.8729],[-104.0044,41.8769],[-103.8926,41.8808],[-103.7808,41.8846],[-103.669,41.8883],[-103.5571,41.8918],[-103.482,41.8942],[-103.3721,41.9098],[-103.262,41.9252],[-103.1519,41.9406],[-103.0418,41.9559],[-102.9316,41.9711],[-102.8213,41.9861],[-102.711,42.0011],[-102.6007,42.0159],[-102.4903,42.0307],[-102.3798,42.0453],[-102.2693,42.0598],[-102.1588,42.0743],[-102.0482,42.0886],[-101.9375,42.1028],[-101.8268,42.1169],[-101.7161,42.1309],[-101.6053,42.1448],[-101.4944,42.1586],[-101.3835,42.1723],[-101.2726,42.1859],[-101.1616,42.1993],[-101.0505,42.2127],[-100.9394,42.2259],[-100.8283,42.2391],[-100.7171,42.2521],[-100.6059,42.2651],[-100.4946,42.2779],[-100.3833,42.2906],[-100.272,42.3032],[-100.1605,42.3157],[-100.0491,42.3281],[-99.9376,42.3404],[-99.8261,42.3526],[-99.7145,42.3646],[-99.6029,42.3766],[-99.4912,42.3885],[-99.3795,42.4002],[-99.2677,42.4118],[-99.156,42.4234],[-99.0441,42.4348],[-98.9323,42.4461],[-98.8203,42.4573],[-98.7084,42.4684],[-98.6869,42.4705]]}},{"type":"Feature","properties":{"ident":"J94","type":"CONV","run":2},"geometry":{"type":"LineString","coordinates":[[-90.7091,42.4015],[-90.5965,42.3955],[-90.484,42.3895],[-90.3715,42.3833],[-90.259,42.3771],[-90.1465,42.3707],[-90.0341,42.3642],[-89.9217,42.3576],[-89.8093,42.3509],[-89.6969,42.3441],[-89.5846,42.3372],[-89.4722,42.3301],[-89.3599,42.323],[-89.3122,42.3199],[-89.2,42.3124],[-89.0878,42.3048],[-88.9756,42.2971],[-88.8635,42.2892],[-88.7513,42.2813],[-88.6392,42.2732],[-88.5272,42.2651],[-88.4151,42.2568],[-88.3031,42.2484],[-88.1911,42.2399],[-88.0792,42.2313],[-87.9673,42.2226],[-87.9517,42.2214],[-87.8412,42.2371],[-87.7306,42.2527],[-87.6199,42.2681],[-87.5093,42.2835],[-87.4033,42.2981],[-87.2924,42.3131],[-87.1815,42.3279],[-87.0706,42.3426],[-86.9595,42.3573],[-86.8485,42.3718],[-86.7374,42.3862],[-86.6262,42.4005],[-86.515,42.4147],[-86.4038,42.4288],[-86.2925,42.4427],[-86.1811,42.4566],[-86.1048,42.466],[-85.9967,42.4901],[-85.8884,42.5141],[-85.7801,42.538],[-85.6717,42.5618],[-85.5632,42.5855],[-85.4546,42.6091],[-85.346,42.6326],[-85.2373,42.656],[-85.1674,42.671],[-85.0586,42.6944],[-84.9497,42.7178],[-84.8408,42.741],[-84.7318,42.7642],[-84.6227,42.7873],[-84.55,42.8025],[-84.4407,42.8253],[-84.3314,42.8479],[-84.2219,42.8704],[-84.1124,42.8929],[-84.0028,42.9152],[-83.8931,42.9374],[-83.7833,42.9595],[-83.747,42.9668]]}},{"type":"Feature","properties":{"ident":"J95","type":"CONV","run":1},"geometry":{"type":"LineString","coordinates":[[-73.3037,40.7918],[-73.3904,40.8432],[-73.4772,40.8945],[-73.5641,40.9458],[-73.6158,40.9762],[-73.703,41.0273],[-73.7902,41.0784],[-73.8777,41.1294],[-73.9652,41.1804],[-74.0529,41.2313],[-74.1408,41.2821],[-74.2288,41.3329],[-74.3169,41.3836],[-74.3571,41.4067],[-74.4534,41.4484],[-74.5497,41.4901],[-74.554,41.4919],[-74.6504,41.5335],[-74.7469,41.575],[-74.7966,41.5963],[-74.8934,41.6377],[-74.9902,41.679],[-75.0872,41.7202],[-75.1844,41.7614],[-75.2816,41.8024],[-75.379,41.8434],[-75.4765,41.8843],[-75.5741,41.9251],[-75.6126,41.9411],[-75.7104,41.9818],[-75.8083,42.0224],[-75.9064,42.0629],[-76.0045,42.1034],[-76.1028,42.1437],[-76.1365,42.1575]]}},{"type":"Feature","properties":{"ident":"J96","type":"CONV","run":1},"geometry":{"type":"LineString","coordinates":[[-118.432,33.9332],[-118.3316,33.9318],[-118.2312,33.9304],[-118.1308,33.9289],[-118.0304,33.9274],[-117.93,33.9257],[-117.8295,33.924],[-117.7291,33.9222],[-117.6288,33.9203],[-117.53,33.9183],[-117.4297,33.9143],[-117.3294,33.9103],[-117.2291,33.9061],[-117.1289,33.9019],[-117.0286,33.8975],[-116.9284,33.8931],[-116.8281,33.8887],[-116.7279,33.8841],[-116.6277,33.8794],[-116.5275,33.8747],[-116.4298,33.87],[-116.3308,33.8839],[-116.2318,33.8976],[-116.1327,33.9113],[-116.0337,33.9249],[-115.9346,33.9384],[-115.8354,33.9518],[-115.7363,33.9652],[-115.6371,33.9785],[-115.5378,33.9917],[-115.4386,34.0048],[-115.3393,34.0178],[-115.24,34.0308],[-115.1406,34.0436],[-115.0412,34.0564],[-114.9418,34.0691],[-114.8424,34.0818],[-114.7429,34.0943],[-114.6821,34.102],[-114.5868,34.1289],[-114.4915,34.1558],[-114.3962,34.1827],[-114.3008,34.2094],[-114.2053,34.2361],[-114.1098,34.2627],[-114.0921,34.2676],[-113.9964,34.2941],[-113.9008,34.3206],[-113.8051,34.347],[-113.7093,34.3732],[-113.6134,34.3995],[-113.5175,34.4256],[-113.4215,34.4517],[-113.3255,34.4777],[-113.2294,34.5036],[-113.1333,34.5294],[-113.0371,34.5552],[-112.9408,34.5809],[-112.8445,34.6065],[-112.7481,34.6321],[-112.6517,34.6575],[-112.5552,34.6829],[-112.4804,34.7026],[-112.3828,34.7251],[-112.2851,34.7475],[-112.1874,34.7699],[-112.0896,34.7922],[-111.9918,34.8145],[-111.894,34.8366],[-111.7961,34.8587],[-111.6981,34.8807],[-111.6001,34.9026],[-111.502,34.9244],[-111.4039,34.9461],[-111.3869,34.9499],[-111.2887,34.9715],[-111.1905,34.9931],[-111.0922,35.0146],[-110.9939,35.036],[-110.8955,35.0574],[-110.797,35.0786],[-110.6985,35.0998],[-110.6,35.1209],[-110.5014,35.1419],[-110.4028,35.1628],[-110.3041,35.1837],[-110.2053,35.2045],[-110.1065,35.2252],[-110.0077,35.2458],[-109.9088,35.2663],[-109.8098,35.2868],[-109.7108,35.3071],[-109.6118,35.3274],[-109.5127,35.3477],[-109.4135,35.3678],[-109.3143,35.3878],[-109.2151,35.4078],[-109.1158,35.4277],[-109.0164,35.4475],[-108.917,35.4672],[-108.8726,35.476],[-108.7756,35.5025],[-108.6785,35.529],[-108.5814,35.5553],[-108.4842,35.5816],[-108.3869,35.6078],[-108.2895,35.6339],[-108.1921,35.66],[-108.0947,35.686],[-107.9971,35.7119],[-107.8995,35.7377],[-107.8019,35.7634],[-107.7041,35.7891],[-107.6064,35.8146],[-107.5085,35.8401],[-107.4106,35.8655],[-107.3126,35.8909],[-107.2146,35.9161],[-107.1165,35.9413],[-107.0183,35.9664],[-106.9201,35.9914],[-106.8218,36.0164],[-106.7235,36.0412],[-106.6251,36.066],[-106.5266,36.0907],[-106.4281,36.1153],[-106.3295,36.1399],[-106.2308,36.1643],[-106.1321,36.1887],[-106.0333,36.213],[-105.9345,36.2372],[-105.8356,36.2613],[-105.7366,36.2854],[-105.6376,36.3093],[-105.5385,36.3332],[-105.4394,36.357],[-105.3402,36.3808],[-105.2409,36.4044],[-105.1416,36.428],[-105.0422,36.4514],[-104.9427,36.4748],[-104.872,36.4914]]}},{"type":"Feature","properties":{"ident":"J96","type":"CONV","run":2},"geometry":{"type":"LineString","coordinates":[[-100.725,37.919],[-100.6281,37.9521],[-100.531,37.9851],[-100.4339,38.0181],[-100.3367,38.051],[-100.2393,38.0837],[-100.142,38.1164],[-100.0445,38.1491],[-99.9469,38.1816],[-99.8492,38.2141],[-99.7515,38.2465],[-99.6537,38.2788],[-99.5558,38.311],[-99.4577,38.3431],[-99.3597,38.3752],[-99.2615,38.4072],[-99.1632,38.439],[-99.0649,38.4709],[-98.9664,38.5026],[-98.8679,38.5342],[-98.7693,38.5658],[-98.6706,38.5973],[-98.5718,38.6287],[-98.4729,38.66],[-98.374,38.6912],[-98.2749,38.7224],[-98.1758,38.7534],[-98.0766,38.7844],[-97.9773,38.8153],[-97.8779,38.8461],[-97.7784,38.8768],[-97.6789,38.9075],[-97.6213,38.9251],[-97.52,38.9521],[-97.4185,38.979],[-97.317,39.0058],[-97.2154,39.0325],[-97.1137,39.0591],[-97.012,39.0857],[-96.9102,39.1121],[-96.8083,39.1385],[-96.7063,39.1647],[-96.6042,39.1909],[-96.5021,39.217],[-96.3999,39.243],[-96.2976,39.2689],[-96.1953,39.2947],[-96.0928,39.3205],[-95.9903,39.3461],[-95.8877,39.3717],[-95.7851,39.3971],[-95.6824,39.4225],[-95.5795,39.4478],[-95.4767,39.473],[-95.3737,39.4981],[-95.2707,39.5231],[-95.1676,39.548],[-95.0644,39.5728],[-94.9611,39.5976],[-94.9057,39.6108],[-94.8024,39.6354],[-94.6989,39.6599],[-94.5954,39.6844],[-94.4918,39.7087],[-94.3882,39.7329],[-94.2845,39.7571],[-94.1807,39.7811],[-94.1783,39.7817],[-94.0745,39.8056],[-93.9705,39.8294],[-93.8665,39.8531],[-93.7624,39.8768],[-93.6582,39.9003],[-93.5539,39.9237],[-93.4496,39.9471],[-93.3452,39.9704],[-93.2407,39.9935],[-93.1362,40.0166],[-93.0316,40.0396],[-92.9269,40.0625],[-92.8222,40.0853],[-92.7174,40.108],[-92.6125,40.1306],[-92.5917,40.135],[-92.4865,40.1569],[-92.3813,40.1787],[-92.2759,40.2004],[-92.1706,40.2219],[-92.0651,40.2434],[-91.9596,40.2648],[-91.854,40.2861],[-91.7483,40.3073],[-91.6426,40.3284],[-91.5368,40.3494],[-91.4309,40.3703],[-91.325,40.3912],[-91.219,40.4119],[-91.113,40.4325],[-91.0068,40.453],[-90.9007,40.4735],[-90.7944,40.4938],[-90.6881,40.514],[-90.5817,40.5342],[-90.4753,40.5542],[-90.3688,40.5741],[-90.2622,40.594],[-90.1601,40.6129],[-90.0534,40.6325],[-89.9466,40.6521],[-89.8398,40.6715],[-89.7928,40.6801],[-89.7066,40.7318],[-89.6203,40.7835],[-89.5339,40.8352],[-89.4474,40.8868],[-89.3607,40.9383],[-89.2739,40.9897],[-89.187,41.0411],[-89.0999,41.0924],[-89.0127,41.1437],[-88.9253,41.1948],[-88.8378,41.246],[-88.7502,41.297],[-88.6624,41.348],[-88.5745,41.3989],[-88.4865,41.4498],[-88.3983,41.5006],[-88.3184,41.5464]]}},{"type":"Feature","properties":{"ident":"J98","type":"CONV","run":1},"geometry":{"type":"LineString","coordinates":[[-99.8801,36.3437],[-99.7884,36.3052],[-99.6968,36.2667],[-99.6052,36.228],[-99.5138,36.1893],[-99.4224,36.1506],[-99.3311,36.1117],[-99.2399,36.0728],[-99.1488,36.0338],[-99.0578,35.9948],[-98.9669,35.9556],[-98.8761,35.9165],[-98.7853,35.8772],[-98.6947,35.8379],[-98.6041,35.7985],[-98.5137,35.759],[-98.4233,35.7195],[-98.333,35.6799],[-98.2428,35.6402],[-98.1527,35.6005],[-98.0627,35.5607],[-97.9727,35.5208],[-97.8829,35.4809],[-97.7932,35.4409],[-97.7035,35.4008],[-97.6139,35.3607],[-97.6092,35.3586],[-97.5208,35.4003],[-97.4322,35.442],[-97.3436,35.4836],[-97.2548,35.5252],[-97.166,35.5666],[-97.0771,35.608],[-96.9881,35.6494],[-96.899,35.6907],[-96.8098,35.7319],[-96.7205,35.773],[-96.6311,35.8141],[-96.5416,35.8551],[-96.4521,35.8961],[-96.3624,35.937],[-96.2727,35.9778],[-96.1828,36.0185],[-96.0929,36.0592],[-96.0029,36.0998],[-95.9127,36.1404],[-95.8225,36.1808],[-95.7881,36.1963],[-95.6998,36.2395],[-95.6114,36.2826],[-95.5229,36.3257],[-95.4343,36.3688],[-95.3456,36.4117],[-95.2568,36.4546],[-95.1679,36.4974],[-95.0789,36.5402],[-94.9898,36.5829],[-94.9006,36.6255],[-94.8113,36.6681],[-94.7219,36.7106],[-94.6325,36.753],[-94.5429,36.7954],[-94.4532,36.8377],[-94.3634,36.8799],[-94.2735,36.9221],[-94.1835,36.9642],[-94.0935,37.0062],[-94.0033,37.0482],[-93.913,37.09],[-93.8226,37.1319],[-93.7321,37.1736],[-93.6416,37.2153],[-93.5509,37.2569],[-93.4601,37.2985],[-93.3692,37.3399],[-93.3341,37.356],[-93.2303,37.3679],[-93.1265,37.3798],[-93.0227,37.3916],[-92.9188,37.4034],[-92.815,37.415],[-92.7111,37.4265],[-92.6071,37.4379],[-92.5031,37.4493],[-92.3991,37.4606],[-92.2951,37.4717],[-92.191,37.4828],[-92.0869,37.4938],[-91.9828,37.5047],[-91.8786,37.5155],[-91.7744,37.5262],[-91.6702,37.5368],[-91.5659,37.5473],[-91.4617,37.5578],[-91.3573,37.5681],[-91.253,37.5784],[-91.1486,37.5885],[-91.0442,37.5986],[-91.0221,37.6007],[-90.9177,37.6107],[-90.8132,37.6205],[-90.7087,37.6303],[-90.6042,37.64],[-90.4997,37.6495],[-90.3951,37.659],[-90.2905,37.6684],[-90.2341,37.6735]]}},{"type":"Feature","properties":{"ident":"J99","type":"CONV","run":1},"geometry":{"type":"LineString","coordinates":[[-82.1621,33.7074],[-82.2158,33.7777],[-82.2697,33.848],[-82.3236,33.9183],[-82.3776,33.9885],[-82.4318,34.0587],[-82.486,34.129],[-82.5403,34.1991],[-82.5946,34.2693],[-82.6491,34.3394],[-82.7037,34.4095],[-82.7583,34.4796],[-82.8131,34.5497],[-82.8679,34.6197],[-82.9229,34.6897],[-82.9779,34.7597],[-83.033,34.8297],[-83.0882,34.8996],[-83.1435,34.9695],[-83.199,35.0394],[-83.2544,35.1093],[-83.31,35.1791],[-83.3657,35.2489],[-83.4215,35.3187],[-83.4774,35.3885],[-83.5334,35.4582],[-83.5895,35.5279],[-83.6456,35.5976],[-83.7019,35.6673],[-83.7583,35.7369],[-83.8147,35.8065],[-83.8713,35.8761],[-83.8947,35.9048],[-83.9476,35.9763],[-84.0007,36.0478],[-84.0538,36.1192],[-84.107,36.1906],[-84.1603,36.262],[-84.2137,36.3333],[-84.2672,36.4046],[-84.3208,36.4759],[-84.3745,36.5472],[-84.4283,36.6185],[-84.4822,36.6897],[-84.5362,36.7609],[-84.5673,36.8019],[-84.6215,36.8731],[-84.6758,36.9442],[-84.7301,37.0153],[-84.7846,37.0864],[-84.8392,37.1575],[-84.8938,37.2285],[-84.9486,37.2995],[-85.0035,37.3705],[-85.017,37.388],[-85.072,37.4589],[-85.1271,37.5299],[-85.1823,37.6008],[-85.2377,37.6717],[-85.2931,37.7425],[-85.3486,37.8133],[-85.4043,37.8841],[-85.46,37.9549],[-85.5159,38.0257],[-85.5718,38.0964],[-85.5774,38.1035]]}},{"type":"Feature","properties":{"ident":"Q1","type":"RNAV","run":1},"geometry":{"type":"LineString","coordinates":[[-122.8678,38.0798],[-122.8891,38.1614],[-122.9104,38.243],[-122.9318,38.3247],[-122.9532,38.4063],[-122.9746,38.4879],[-122.9961,38.5695],[-123.0177,38.6511],[-123.0393,38.7327],[-123.0609,38.8143],[-123.0826,38.8959],[-123.1044,38.9775],[-123.1262,39.0591],[-123.1347,39.0911],[-123.1385,39.1744],[-123.1423,39.2577],[-123.1461,39.341],[-123.1499,39.4242],[-123.1537,39.5075],[-123.1576,39.5908],[-123.1614,39.6741],[-123.1652,39.7573],[-123.1691,39.8406],[-123.1729,39.9239],[-123.1746,39.959],[-123.1766,40.0423],[-123.1787,40.1256],[-123.1807,40.209],[-123.1828,40.2923],[-123.1848,40.3756],[-123.1869,40.4589],[-123.1889,40.5422],[-123.191,40.6255],[-123.1931,40.7088],[-123.1952,40.7922],[-123.1973,40.8755],[-123.1994,40.9588],[-123.2015,41.0421],[-123.2036,41.1254],[-123.2057,41.2087],[-123.2078,41.292],[-123.2089,41.3358],[-123.2118,41.4191],[-123.2147,41.5024],[-123.2175,41.5857],[-123.2187,41.6194],[-123.2217,41.7027],[-123.2247,41.786],[-123.2278,41.8693],[-123.2308,41.9526],[-123.2338,42.0359],[-123.2369,42.1192],[-123.2399,42.2025],[-123.243,42.2858],[-123.2461,42.3691],[-123.2492,42.4524],[-123.2502,42.4806],[-123.2533,42.5639],[-123.2565,42.6472],[-123.2597,42.7305],[-123.2628,42.8138],[-123.266,42.897],[-123.2692,42.9803],[-123.2724,43.0636],[-123.2756,43.1469],[-123.2788,43.2302],[-123.282,43.3135],[-123.2853,43.3968],[-123.2885,43.4801],[-123.2917,43.5634],[-123.295,43.6467],[-123.2983,43.73],[-123.3015,43.8133],[-123.3048,43.8966],[-123.3081,43.9799],[-123.3114,44.0632],[-123.3147,44.1465],[-123.3161,44.1804],[-123.3194,44.2637],[-123.3228,44.347],[-123.3261,44.4303],[-123.3289,44.5],[-123.3313,44.5833],[-123.3337,44.6666],[-123.3362,44.7499],[-123.3386,44.8333],[-123.341,44.9166],[-123.3435,44.9999],[-123.3459,45.0832],[-123.3484,45.1665],[-123.3509,45.2498],[-123.3534,45.3331],[-123.3558,45.4164],[-123.3583,45.4997],[-123.3608,45.5831],[-123.3633,45.6664],[-123.3659,45.7497],[-123.3684,45.833],[-123.3709,45.9163],[-123.3735,45.9996],[-123.376,46.0829],[-123.3785,46.1662],[-123.3811,46.2496],[-123.3837,46.3329],[-123.3863,46.4162],[-123.3888,46.4995],[-123.3914,46.5828],[-123.394,46.6661],[-123.3966,46.7494],[-123.3993,46.8327],[-123.4017,46.9097],[-123.4044,46.993],[-123.4072,47.0763],[-123.4096,47.148],[-123.4134,47.2313],[-123.4173,47.3146],[-123.4211,47.3979],[-123.425,47.4812],[-123.4289,47.5645],[-123.4328,47.6478],[-123.4367,47.7311],[-123.4406,47.8144],[-123.4446,47.8976],[-123.4485,47.9809],[-123.4525,48.0642],[-123.4565,48.1475],[-123.4605,48.2308],[-123.4609,48.2409]]}},{"type":"Feature","properties":{"ident":"Q100","type":"OCEAN","run":1},"geometry":{"type":"LineString","coordinates":[[-90.104,29.1752],[-90.0111,29.1564],[-89.9182,29.1374],[-89.8253,29.1184],[-89.7324,29.0994],[-89.6396,29.0802],[-89.5468,29.061],[-89.4541,29.0418],[-89.3614,29.0225],[-89.2687,29.0031],[-89.1761,28.9836],[-89.0835,28.9641],[-88.9909,28.9446],[-88.8984,28.9249],[-88.8059,28.9052],[-88.7134,28.8855],[-88.7018,28.883],[-88.611,28.8579],[-88.5203,28.8328],[-88.4297,28.8076],[-88.3391,28.7823],[-88.2485,28.757],[-88.1579,28.7317],[-88.0833,28.7107],[-87.9929,28.6852],[-87.9025,28.6597],[-87.8121,28.6341],[-87.7218,28.6084],[-87.6315,28.5827],[-87.5413,28.5569],[-87.4511,28.5311],[-87.361,28.5051],[-87.2709,28.4792],[-87.1808,28.4532],[-87.0908,28.4271],[-87.0009,28.4009],[-86.911,28.3747],[-86.8211,28.3485],[-86.7313,28.3222],[-86.7052,28.3145],[-86.6153,28.2883],[-86.5255,28.2621],[-86.4358,28.2358],[-86.346,28.2094],[-86.2564,28.183],[-86.1667,28.1565],[-86.0771,28.13],[-85.9876,28.1034],[-85.8981,28.0768],[-85.8087,28.0501],[-85.7193,28.0233],[-85.6299,27.9965],[-85.5406,27.9696],[-85.4513,27.9427],[-85.3621,27.9157],[-85.2729,27.8886],[-85.2579,27.8841],[-85.1653,27.8686],[-85.0727,27.8531],[-84.9801,27.8375],[-84.8875,27.8218],[-84.795,27.8061],[-84.7025,27.7903],[-84.61,27.7745],[-84.5176,27.7586],[-84.4252,27.7426],[-84.3328,27.7266],[-84.2404,27.7105],[-84.1481,27.6944],[-84.0558,27.6782],[-83.9635,27.6619],[-83.8712,27.6456],[-83.779,27.6292],[-83.6868,27.6127],[-83.5947,27.5962],[-83.5025,27.5796],[-83.4104,27.563],[-83.3183,27.5463],[-83.2263,27.5296],[-83.1342,27.5127],[-83.0422,27.4959],[-82.9503,27.4789],[-82.8583,27.4619],[-82.7664,27.4449],[-82.6745,27.4278],[-82.5826,27.4106],[-82.5637,27.407]]}},{"type":"Feature","properties":{"ident":"Q101","type":"RNAV","run":1},"geometry":{"type":"LineString","coordinates":[[-77.4104,34.4862],[-77.3647,34.5605],[-77.3188,34.6348],[-77.2729,34.7091],[-77.2269,34.7833],[-77.1808,34.8576],[-77.1346,34.9318],[-77.0883,35.006],[-77.042,35.0802],[-76.9956,35.1544],[-76.9491,35.2285],[-76.9413,35.241],[-76.8959,35.3156],[-76.8504,35.3902],[-76.8048,35.4648],[-76.7592,35.5394],[-76.7135,35.614],[-76.6677,35.6885],[-76.6218,35.7631],[-76.5758,35.8376],[-76.5398,35.8959],[-76.4905,35.969],[-76.4412,36.0422],[-76.3918,36.1153],[-76.3423,36.1884],[-76.2926,36.2615],[-76.2429,36.3346],[-76.1931,36.4077],[-76.1433,36.4807],[-76.0933,36.5537],[-76.0432,36.6267],[-75.993,36.6996],[-75.9428,36.7726],[-75.8924,36.8455],[-75.8419,36.9184],[-75.7914,36.9913],[-75.7453,37.0576],[-75.7278,37.1397],[-75.7102,37.2219],[-75.6926,37.304],[-75.675,37.3862],[-75.6573,37.4683],[-75.6395,37.5504],[-75.6218,37.6326],[-75.6103,37.6858],[-75.6189,37.7688],[-75.6265,37.842]]}},{"type":"Feature","properties":{"ident":"Q102","type":"OCEAN","run":1},"geometry":{"type":"LineString","coordinates":[[-90.104,29.1752],[-90.0163,29.1425],[-89.9286,29.1097],[-89.8409,29.0769],[-89.7534,29.044],[-89.6658,29.011],[-89.5783,28.978],[-89.4909,28.9449],[-89.4036,28.9118],[-89.3163,28.8786],[-89.229,28.8453],[-89.1418,28.812],[-89.0547,28.7787],[-88.9676,28.7453],[-88.8806,28.7118],[-88.7936,28.6783],[-88.7067,28.6447],[-88.6198,28.6111],[-88.533,28.5774],[-88.4463,28.5436],[-88.3596,28.5098],[-88.273,28.476],[-88.1864,28.4421],[-88.0998,28.4081],[-88.0342,28.3823],[-87.9442,28.3564],[-87.8542,28.3304],[-87.7643,28.3044],[-87.6744,28.2783],[-87.5845,28.2522],[-87.4948,28.226],[-87.405,28.1997],[-87.3153,28.1734],[-87.2256,28.147],[-87.136,28.1206],[-87.0465,28.0941],[-86.9569,28.0676],[-86.8675,28.041],[-86.778,28.0143],[-86.7626,28.0097],[-86.673,27.9838],[-86.5833,27.9578],[-86.4937,27.9318],[-86.4041,27.9057],[-86.3146,27.8796],[-86.2251,27.8534],[-86.1357,27.8272],[-86.0463,27.8008],[-85.9569,27.7745],[-85.8676,27.7481],[-85.7783,27.7216],[-85.6891,27.695],[-85.5999,27.6684],[-85.5108,27.6418],[-85.4217,27.6151],[-85.3443,27.5918],[-85.2521,27.5758],[-85.1598,27.5598],[-85.0676,27.5436],[-84.9754,27.5275],[-84.8833,27.5112],[-84.7911,27.4949],[-84.7832,27.4935],[-84.6911,27.4771],[-84.599,27.4607],[-84.507,27.4442],[-84.415,27.4276],[-84.323,27.411],[-84.231,27.3943],[-84.1391,27.3776],[-84.0472,27.3608],[-83.9553,27.3439],[-83.8634,27.327],[-83.7716,27.31],[-83.6798,27.293],[-83.5881,27.2759],[-83.4963,27.2587],[-83.4046,27.2415],[-83.3129,27.2243],[-83.2213,27.2069],[-83.1296,27.1895],[-83.0876,27.1815],[-82.996,27.164],[-82.9044,27.1465],[-82.8409,27.1342],[-82.7685,27.0814],[-82.6962,27.0285],[-82.624,26.9756],[-82.5518,26.9226],[-82.4797,26.8696],[-82.4076,26.8166],[-82.34,26.7667],[-82.2681,26.7136],[-82.1963,26.6605],[-82.1245,26.6073],[-82.0528,26.5541],[-81.9811,26.5008],[-81.9096,26.4476],[-81.8381,26.3942],[-81.7666,26.3409],[-81.6952,26.2875],[-81.6239,26.2341],[-81.5527,26.1806],[-81.4815,26.1271],[-81.4564,26.1082]]}},{"type":"Feature","properties":{"ident":"Q103","type":"RNAV","run":1},"geometry":{"type":"LineString","coordinates":[[-82.0932,30.6075],[-82.066,30.6875],[-82.0388,30.7675],[-82.0115,30.8475],[-81.9842,30.9274],[-81.9568,31.0074],[-81.9294,31.0873],[-81.902,31.1673],[-81.8745,31.2472],[-81.8469,31.3272],[-81.8194,31.4071],[-81.8184,31.4099],[-81.7908,31.4898],[-81.7631,31.5697],[-81.7353,31.6496],[-81.7076,31.7296],[-81.6797,31.8095],[-81.6519,31.8893],[-81.6239,31.9692],[-81.596,32.0491],[-81.5679,32.129],[-81.5399,32.2089],[-81.5117,32.2887],[-81.4836,32.3686],[-81.4554,32.4484],[-81.4271,32.5283],[-81.3988,32.6081],[-81.3931,32.6242],[-81.3647,32.704],[-81.3362,32.7839],[-81.3078,32.8637],[-81.2792,32.9435],[-81.2506,33.0233],[-81.222,33.1031],[-81.1933,33.1829],[-81.1646,33.2627],[-81.1358,33.3425],[-81.1122,33.4075],[-81.0833,33.4873],[-81.0544,33.567],[-81.0254,33.6468],[-80.9963,33.7265],[-80.9672,33.8063],[-80.9381,33.886],[-80.9089,33.9657],[-80.8796,34.0455],[-80.8503,34.1252],[-80.8368,34.1617],[-80.8074,34.2414],[-80.7779,34.3211],[-80.7484,34.4008],[-80.7188,34.4804],[-80.6892,34.5601],[-80.6595,34.6398],[-80.6571,34.6462],[-80.659,34.7295],[-80.6608,34.8128],[-80.6627,34.8962],[-80.6645,34.9795],[-80.6664,35.0628],[-80.6683,35.1461],[-80.6701,35.2294],[-80.672,35.3127],[-80.6739,35.396],[-80.6758,35.4794],[-80.6777,35.5627],[-80.6796,35.646],[-80.6814,35.7293],[-80.6833,35.8126],[-80.6852,35.8959],[-80.6872,35.9793],[-80.6891,36.0626],[-80.691,36.1459],[-80.6929,36.2292],[-80.6948,36.3125],[-80.6967,36.3958],[-80.6987,36.4792],[-80.7006,36.5625],[-80.7025,36.6458],[-80.7045,36.7291],[-80.7064,36.8124],[-80.7084,36.8957],[-80.7103,36.979],[-80.7123,37.0624],[-80.7129,37.0877],[-80.6859,37.1682],[-80.6589,37.2487],[-80.6319,37.3292],[-80.6047,37.4097],[-80.5775,37.4902],[-80.5503,37.5707],[-80.523,37.6512],[-80.4956,37.7316],[-80.4682,37.8121],[-80.4643,37.8235],[-80.4368,37.9039],[-80.4092,37.9844],[-80.3816,38.0648],[-80.3625,38.1205],[-80.3347,38.2009],[-80.307,38.2814],[-80.3014,38.2974],[-80.2736,38.3778],[-80.2457,38.4582],[-80.2177,38.5386],[-80.1896,38.619],[-80.1748,38.6614],[-80.1467,38.7417],[-80.1185,38.8221],[-80.0902,38.9025],[-80.0838,38.9207],[-80.0825,39.0041],[-80.0813,39.0874],[-80.08,39.1707],[-80.0787,39.254],[-80.0774,39.3374],[-80.0761,39.4207],[-80.0748,39.504],[-80.0745,39.5242],[-80.0739,39.6075],[-80.0734,39.6909],[-80.0728,39.7742],[-80.0722,39.8575],[-80.0717,39.9409],[-80.0711,40.0242],[-80.0705,40.1075],[-80.0699,40.1908],[-80.0694,40.2742],[-80.0688,40.3575],[-80.0682,40.4408],[-80.0676,40.5242],[-80.067,40.6075],[-80.0665,40.6908],[-80.0659,40.7741],[-80.0653,40.8575],[-80.0647,40.9408],[-80.0641,41.0241],[-80.0635,41.1046]]}},{"type":"Feature","properties":{"ident":"Q105","type":"OCEAN","run":1},"geometry":{"type":"LineString","coordinates":[[-90.003,29.8502],[-89.9296,29.7965],[-89.8563,29.7427],[-89.7846,29.69],[-89.7114,29.6361],[-89.6383,29.5822],[-89.5653,29.5283],[-89.4924,29.4743],[-89.4195,29.4203],[-89.3467,29.3662],[-89.274,29.3121],[-89.2014,29.258],[-89.1288,29.2038],[-89.0563,29.1496],[-88.9839,29.0953],[-88.9116,29.0411],[-88.8394,28.9867],[-88.7672,28.9323],[-88.7018,28.883],[-88.6293,28.829],[-88.5569,28.775],[-88.4845,28.7209],[-88.4123,28.6668],[-88.3401,28.6127],[-88.268,28.5586],[-88.1959,28.5043],[-88.124,28.4501],[-88.0521,28.3958],[-88.0342,28.3823]]}},{"type":"Feature","properties":{"ident":"Q107","type":"RNAV","run":1},"geometry":{"type":"LineString","coordinates":[[-77.9816,33.8764],[-77.9687,33.959],[-77.9557,34.0416],[-77.9428,34.1243],[-77.9298,34.2069],[-77.9168,34.2895],[-77.9038,34.3722],[-77.8907,34.4548],[-77.8776,34.5374],[-77.8645,34.6201],[-77.8514,34.7027],[-77.8382,34.7853],[-77.8252,34.8672],[-77.7981,34.9475],[-77.7709,35.0278],[-77.7437,35.1081],[-77.7165,35.1884],[-77.6891,35.2687],[-77.6618,35.3489],[-77.6344,35.4292],[-77.6069,35.5095],[-77.5794,35.5897],[-77.5518,35.67],[-77.5282,35.7384],[-77.502,35.8189],[-77.4757,35.8995],[-77.4494,35.98],[-77.423,36.0606],[-77.3966,36.1411],[-77.3701,36.2217],[-77.3435,36.3022],[-77.3169,36.3827],[-77.2902,36.4633],[-77.2877,36.4709],[-77.261,36.5514],[-77.2342,36.6319],[-77.2074,36.7124],[-77.1805,36.7929],[-77.1536,36.8734],[-77.1266,36.9539],[-77.0996,37.0343],[-77.0725,37.1148],[-77.0453,37.1953],[-77.0181,37.2757],[-76.9908,37.3562],[-76.9634,37.4367],[-76.9549,37.4616]]}},{"type":"Feature","properties":{"ident":"Q108","type":"RNAV","run":1},"geometry":{"type":"LineString","coordinates":[[-85.5774,38.1035],[-85.4735,38.0875],[-85.3697,38.0713],[-85.2658,38.0551],[-85.1621,38.0389],[-85.0583,38.0225],[-84.9547,38.006],[-84.851,37.9894],[-84.7474,37.9728],[-84.6439,37.956],[-84.5404,37.9392],[-84.437,37.9223],[-84.3336,37.9053],[-84.2302,37.8882],[-84.1269,37.871],[-84.0237,37.8537],[-83.9205,37.8363],[-83.8173,37.8188],[-83.7142,37.8013],[-83.6111,37.7836],[-83.5081,37.7659],[-83.4052,37.7481],[-83.3023,37.7301],[-83.1994,37.7121],[-83.0966,37.694],[-82.9938,37.6759],[-82.8911,37.6576],[-82.7885,37.6392],[-82.753,37.6329],[-82.6485,37.643],[-82.5441,37.653],[-82.4396,37.663],[-82.335,37.6729],[-82.2305,37.6826],[-82.1259,37.6923],[-82.0213,37.7019],[-81.9166,37.7114],[-81.812,37.7208],[-81.7073,37.7301],[-81.6025,37.7393],[-81.4978,37.7485],[-81.393,37.7575],[-81.2882,37.7664],[-81.1834,37.7753],[-81.1233,37.7803],[-81.0182,37.7874],[-80.9131,37.7945],[-80.808,37.8014],[-80.7029,37.8083],[-80.5978,37.815],[-80.4926,37.8217],[-80.4643,37.8235],[-80.3591,37.83],[-80.2539,37.8364],[-80.1487,37.8428],[-80.0435,37.849],[-79.9382,37.8552],[-79.833,37.8613],[-79.7372,37.8667],[-79.6317,37.8704],[-79.5262,37.874],[-79.4208,37.8775],[-79.3303,37.8804],[-79.2284,37.8586],[-79.1266,37.8368],[-79.0248,37.8149],[-78.9231,37.7929],[-78.8214,37.7708],[-78.7198,37.7486],[-78.6183,37.7263],[-78.5168,37.7039],[-78.4154,37.6815],[-78.3141,37.659],[-78.2128,37.6363],[-78.1115,37.6136],[-78.0104,37.5908],[-77.9093,37.5679],[-77.8082,37.545],[-77.7148,37.5237],[-77.6103,37.5154],[-77.5057,37.5071],[-77.4012,37.4987],[-77.2968,37.4902],[-77.1923,37.4815],[-77.0879,37.4728],[-76.9835,37.4641],[-76.9549,37.4616],[-76.8503,37.4689],[-76.7457,37.4761],[-76.6411,37.4833],[-76.5365,37.4903],[-76.4318,37.4972],[-76.3271,37.5041],[-76.2224,37.5108],[-76.1177,37.5175],[-76.013,37.524],[-75.9082,37.5305],[-75.8581,37.5335],[-75.8045,37.6052],[-75.7507,37.6769],[-75.6969,37.7485],[-75.643,37.8201],[-75.6265,37.842],[-75.5668,37.9107],[-75.5069,37.9794],[-75.447,38.048],[-75.4429,38.0528],[-75.3857,38.1229],[-75.3285,38.1931],[-75.2814,38.2508],[-75.2641,38.333],[-75.2468,38.4152],[-75.2337,38.4776],[-75.2164,38.5599],[-75.1991,38.6421],[-75.1862,38.7034],[-75.1214,38.7696],[-75.0565,38.8358],[-74.9914,38.902],[-74.9263,38.9682],[-74.861,39.0343],[-74.8003,39.0955]]}},{"type":"Feature","properties":{"ident":"Q109","type":"RNAV","run":1},"geometry":{"type":"LineString","coordinates":[[-83.4233,28.0007],[-83.4002,28.0815],[-83.377,28.1623],[-83.3537,28.243],[-83.3304,28.3238],[-83.3071,28.4046],[-83.2838,28.4853],[-83.2604,28.5661],[-83.237,28.6469],[-83.2135,28.7276],[-83.19,28.8084],[-83.1665,28.8891],[-83.1429,28.9698],[-83.1193,29.0506],[-83.0957,29.1313],[-83.072,29.212],[-83.0584,29.2584],[-83.0347,29.3392],[-83.0109,29.4199],[-82.9871,29.5006],[-82.9825,29.5161],[-82.9587,29.5968],[-82.9348,29.6775],[-82.9109,29.7582],[-82.8869,29.8389],[-82.8677,29.9034],[-82.8437,29.9841],[-82.8196,30.0647],[-82.7955,30.1454],[-82.7714,30.2261],[-82.7472,30.3068],[-82.723,30.3874],[-82.6987,30.4681],[-82.6864,30.5089],[-82.669,30.5909],[-82.6515,30.6728],[-82.634,30.7548],[-82.6165,30.8367],[-82.5989,30.9187],[-82.5813,31.0007],[-82.5637,31.0826],[-82.5628,31.087],[-82.518,31.1609],[-82.4731,31.2349],[-82.4281,31.3088],[-82.3831,31.3827],[-82.338,31.4566],[-82.2928,31.5305],[-82.2475,31.6044],[-82.2022,31.6783],[-82.1568,31.7521],[-82.1114,31.8259],[-82.0658,31.8998],[-82.0202,31.9735],[-81.9745,32.0473],[-81.9288,32.1211],[-81.9141,32.1448],[-81.8476,32.2063],[-81.7811,32.2678],[-81.7145,32.3292],[-81.6479,32.3906],[-81.5811,32.452],[-81.5142,32.5133],[-81.4473,32.5747],[-81.3931,32.6242],[-81.3259,32.6855],[-81.2587,32.7467],[-81.1914,32.8078],[-81.124,32.8689],[-81.0565,32.93],[-80.9889,32.9911],[-80.9212,33.0521],[-80.8535,33.1131],[-80.7856,33.1741],[-80.7176,33.235],[-80.6496,33.2958],[-80.5814,33.3567],[-80.5132,33.4175],[-80.4487,33.4748],[-80.3607,33.5144],[-80.2726,33.5538],[-80.1845,33.5932],[-80.0963,33.6325],[-80.0669,33.6456],[-79.9786,33.6848],[-79.8901,33.724],[-79.8016,33.7631],[-79.7131,33.8021],[-79.6244,33.8411],[-79.5644,33.8674],[-79.4756,33.9063],[-79.3868,33.9451],[-79.2979,33.9839],[-79.2089,34.0226],[-79.1854,34.0328],[-79.0995,34.0761],[-79.0135,34.1194],[-78.9274,34.1627],[-78.878,34.1875],[-78.7916,34.2303],[-78.7051,34.2732],[-78.6185,34.3159],[-78.5937,34.3282],[-78.5316,34.3939],[-78.4695,34.4596],[-78.4073,34.5253],[-78.3449,34.5909],[-78.2825,34.6565],[-78.22,34.7221],[-78.1574,34.7877],[-78.0967,34.8511],[-78.0341,34.9167],[-77.9714,34.9823],[-77.9086,35.0478],[-77.8457,35.1134],[-77.7827,35.1789],[-77.7195,35.2443],[-77.6563,35.3097],[-77.593,35.3751],[-77.5296,35.4405],[-77.4661,35.5058],[-77.4025,35.5711],[-77.3387,35.6364],[-77.2749,35.7016],[-77.211,35.7668],[-77.1469,35.832],[-77.0828,35.8971],[-77.0604,35.9198]]}},{"type":"Feature","properties":{"ident":"Q11","type":"RNAV","run":1},"geometry":{"type":"LineString","coordinates":[[-121.7456,46.4228],[-121.7238,46.3408],[-121.7021,46.2589],[-121.6804,46.1769],[-121.6588,46.0949],[-121.6373,46.0129],[-121.6158,45.9309],[-121.5944,45.849],[-121.5731,45.767],[-121.5518,45.685],[-121.5306,45.603],[-121.5094,45.521],[-121.4883,45.439],[-121.4673,45.3569],[-121.4463,45.2749],[-121.4254,45.1929],[-121.4046,45.1109],[-121.3838,45.0289],[-121.363,44.9468],[-121.3424,44.8648],[-121.3217,44.7828],[-121.3012,44.7007],[-121.2807,44.6187],[-121.2603,44.5366],[-121.2399,44.4546],[-121.2196,44.3725],[-121.1993,44.2905],[-121.1791,44.2084],[-121.1589,44.1263],[-121.1388,44.0443],[-121.1188,43.9622],[-121.1004,43.8868],[-121.0805,43.8047],[-121.0606,43.7226],[-121.0408,43.6406],[-121.021,43.5585],[-121.0013,43.4764],[-120.9816,43.3943],[-120.962,43.3122],[-120.9425,43.2301],[-120.9306,43.18],[-120.9105,43.098],[-120.8905,43.0159],[-120.8705,42.9339],[-120.8506,42.8519],[-120.8308,42.7698],[-120.811,42.6878],[-120.7912,42.6057],[-120.7715,42.5236],[-120.7519,42.4416],[-120.7323,42.3595],[-120.7127,42.2775],[-120.6932,42.1954],[-120.6738,42.1133],[-120.6544,42.0312],[-120.635,41.9492],[-120.6157,41.8671],[-120.5965,41.785],[-120.5773,41.7029],[-120.5582,41.6208],[-120.5391,41.5387],[-120.52,41.4566],[-120.501,41.3745],[-120.4821,41.2924],[-120.4632,41.2103],[-120.4443,41.1282],[-120.4255,41.0461],[-120.4158,41.0039],[-120.3906,40.9228],[-120.3654,40.8416],[-120.3403,40.7605],[-120.3152,40.6794],[-120.2903,40.5982],[-120.2653,40.5171],[-120.2404,40.4359],[-120.2156,40.3548],[-120.1909,40.2736],[-120.1662,40.1924],[-120.1415,40.1113],[-120.117,40.0301],[-120.0924,39.9489],[-120.068,39.8677],[-120.0436,39.7865],[-120.0192,39.7053],[-119.9949,39.6241],[-119.9707,39.5429],[-119.9465,39.4617],[-119.9224,39.3805],[-119.8983,39.2992],[-119.8743,39.218],[-119.8504,39.1368],[-119.8265,39.0555],[-119.8026,38.9743],[-119.7788,38.893],[-119.7551,38.8118],[-119.7314,38.7305],[-119.7078,38.6493],[-119.6842,38.568],[-119.6607,38.4867],[-119.6373,38.4054],[-119.6138,38.3242],[-119.6111,38.3147],[-119.588,38.2334],[-119.5649,38.1521],[-119.5418,38.0707],[-119.5188,37.9894],[-119.4959,37.9081],[-119.473,37.8267],[-119.4502,37.7454],[-119.4274,37.664],[-119.4046,37.5826],[-119.382,37.5013],[-119.3593,37.4199],[-119.3367,37.3385],[-119.3142,37.2572],[-119.2917,37.1758],[-119.2692,37.0944],[-119.2468,37.013],[-119.2245,36.9316],[-119.2022,36.8502],[-119.1799,36.7688],[-119.1577,36.6874],[-119.1356,36.606],[-119.1135,36.5246],[-119.0914,36.4432],[-119.0694,36.3617],[-119.0474,36.2803],[-119.0255,36.1989],[-119.0081,36.1342],[-118.9862,36.0527],[-118.9643,35.9713],[-118.9425,35.8899],[-118.9208,35.8084],[-118.8991,35.727],[-118.8774,35.6455],[-118.8558,35.5641],[-118.8342,35.4826],[-118.8127,35.4012],[-118.7912,35.3197],[-118.7697,35.2382],[-118.7483,35.1567],[-118.727,35.0753],[-118.7056,34.9938],[-118.6844,34.9123],[-118.6631,34.8308],[-118.6419,34.7493],[-118.6208,34.6678],[-118.5997,34.5863],[-118.5786,34.5048],[-118.5576,34.4233],[-118.5366,34.3418],[-118.5157,34.2603],[-118.4948,34.1788],[-118.4739,34.0972],[-118.4531,34.0157],[-118.4323,33.9342],[-118.432,33.9332]]}},{"type":"Feature","properties":{"ident":"Q110","type":"RNAV","run":1},"geometry":{"type":"LineString","coordinates":[[-88.7335,37.4692],[-88.6865,37.3948],[-88.6395,37.3202],[-88.5927,37.2457],[-88.5459,37.1712],[-88.4993,37.0966],[-88.4527,37.022],[-88.4062,36.9474],[-88.3598,36.8728],[-88.3135,36.7982],[-88.2673,36.7235],[-88.2212,36.6488],[-88.1752,36.5742],[-88.1292,36.4994],[-88.0834,36.4247],[-88.0376,36.35],[-87.9919,36.2752],[-87.9463,36.2004],[-87.9008,36.1256],[-87.9004,36.125],[-87.8525,36.0512],[-87.8046,35.9774],[-87.7569,35.9036],[-87.7092,35.8297],[-87.6617,35.7559],[-87.6142,35.682],[-87.5668,35.6081],[-87.5195,35.5342],[-87.4722,35.4603],[-87.4251,35.3863],[-87.378,35.3124],[-87.3311,35.2384],[-87.2842,35.1644],[-87.2374,35.0903],[-87.1907,35.0163],[-87.1441,34.9423],[-87.0975,34.8682],[-87.0511,34.7941],[-87.0047,34.72],[-86.9584,34.6458],[-86.9122,34.5717],[-86.8864,34.5303],[-86.8322,34.46],[-86.778,34.3897],[-86.7239,34.3193],[-86.6699,34.2489],[-86.616,34.1785],[-86.5622,34.1081],[-86.5251,34.0594],[-86.4715,33.9889],[-86.418,33.9184],[-86.3646,33.8479],[-86.3113,33.7773],[-86.2581,33.7067],[-86.2049,33.6361],[-86.1518,33.5654],[-86.0989,33.4948],[-86.046,33.4241],[-85.9932,33.3534],[-85.9405,33.2826],[-85.8878,33.2119],[-85.8652,33.1815],[-85.8122,33.111],[-85.7592,33.0404],[-85.7064,32.9699],[-85.6536,32.8993],[-85.6009,32.8287],[-85.5482,32.7581],[-85.4957,32.6875],[-85.4432,32.6168],[-85.3909,32.5461],[-85.3386,32.4754],[-85.2864,32.4047],[-85.2342,32.3339],[-85.1822,32.2632],[-85.1302,32.1924],[-85.0783,32.1216],[-85.0265,32.0507],[-84.9748,31.9799],[-84.9232,31.909],[-84.8716,31.8381],[-84.8201,31.7672],[-84.7687,31.6962],[-84.7174,31.6253],[-84.6661,31.5543],[-84.615,31.4833],[-84.613,31.4806],[-84.5597,31.4107],[-84.5065,31.3409],[-84.4534,31.271],[-84.4003,31.2011],[-84.3473,31.1311],[-84.2945,31.0612],[-84.2416,30.9912],[-84.1889,30.9212],[-84.1362,30.8512],[-84.0837,30.7812],[-84.0312,30.7111],[-83.9787,30.6411],[-83.9264,30.571],[-83.8741,30.5008],[-83.8219,30.4307],[-83.7698,30.3605],[-83.7177,30.2904],[-83.6657,30.2202],[-83.645,30.1921],[-83.5927,30.1221],[-83.5406,30.052],[-83.4885,29.9819],[-83.4364,29.9119],[-83.3845,29.8418],[-83.3326,29.7716],[-83.2808,29.7015],[-83.2291,29.6313],[-83.1774,29.5611],[-83.1258,29.4909],[-83.0743,29.4207],[-83.0229,29.3504],[-82.9715,29.2802],[-82.9286,29.2214],[-82.8774,29.1511],[-82.8262,29.0808],[-82.7751,29.0104],[-82.7241,28.94],[-82.6732,28.8696],[-82.6223,28.7992],[-82.5715,28.7288],[-82.5208,28.6583],[-82.4701,28.5879],[-82.4195,28.5174],[-82.3689,28.4469],[-82.3185,28.3764],[-82.2681,28.3058],[-82.2177,28.2353],[-82.1675,28.1647],[-82.1173,28.0941],[-82.1094,28.0831],[-82.0609,28.0116],[-82.0124,27.9401],[-81.964,27.8686],[-81.9156,27.7971],[-81.8673,27.7256],[-81.8191,27.654],[-81.7744,27.5876],[-81.7263,27.516],[-81.6782,27.4444],[-81.6302,27.3728],[-81.5823,27.3012],[-81.5345,27.2295],[-81.4867,27.1579],[-81.4389,27.0862],[-81.3912,27.0145],[-81.3689,26.9808],[-81.2955,26.9292],[-81.2222,26.8775],[-81.149,26.8258],[-81.0758,26.7741],[-81.0027,26.7223],[-80.9296,26.6705],[-80.8567,26.6186],[-80.7837,26.5667],[-80.7109,26.5148],[-80.6381,26.4628],[-80.5654,26.4108],[-80.4928,26.3588],[-80.4202,26.3067],[-80.3477,26.2546],[-80.2752,26.2024],[-80.2032,26.1505]]}},{"type":"Feature","properties":{"ident":"Q111","type":"RNAV","run":1},"geometry":{"type":"LineString","coordinates":[[-77.8252,34.8672],[-77.8069,34.9491],[-77.7886,35.0311],[-77.7702,35.1131],[-77.7518,35.195],[-77.7334,35.277],[-77.7149,35.3589],[-77.6964,35.4409],[-77.6779,35.5228],[-77.6593,35.6046],[-77.6447,35.6871],[-77.63,35.7696],[-77.6153,35.852],[-77.6006,35.9345],[-77.5858,36.017],[-77.571,36.0995],[-77.5562,36.1819],[-77.5413,36.2644],[-77.5264,36.3468],[-77.5115,36.4293],[-77.4965,36.5118],[-77.4896,36.5501],[-77.4748,36.6326],[-77.46,36.7151],[-77.4452,36.7976],[-77.4303,36.8801],[-77.4154,36.9625],[-77.4005,37.045],[-77.3901,37.102],[-77.3792,37.1849],[-77.3683,37.2678],[-77.3574,37.3506],[-77.3465,37.4335],[-77.3355,37.5164],[-77.3245,37.5993],[-77.323,37.6106],[-77.3056,37.6928],[-77.2881,37.775],[-77.286,37.7846]]}},{"type":"Feature","properties":{"ident":"Q113","type":"RNAV","run":1},"geometry":{"type":"LineString","coordinates":[[-80.0669,33.6456],[-80.0011,33.7084],[-79.9353,33.7712],[-79.8693,33.834],[-79.8033,33.8967],[-79.7371,33.9594],[-79.6709,34.0221],[-79.6045,34.0847],[-79.5381,34.1473],[-79.4715,34.2099],[-79.4658,34.2152],[-79.3992,34.2777],[-79.3324,34.3402],[-79.2656,34.4026],[-79.2382,34.4282],[-79.1928,34.5026],[-79.1473,34.5771],[-79.1017,34.6515],[-79.0561,34.7259],[-79.0104,34.8003],[-78.9646,34.8746],[-78.9187,34.949],[-78.8727,35.0233],[-78.8266,35.0976],[-78.7805,35.1719],[-78.7342,35.2462],[-78.6879,35.3204],[-78.6415,35.3947],[-78.595,35.4689],[-78.5485,35.5431],[-78.5018,35.6173],[-78.4551,35.6915],[-78.4296,35.7318],[-78.3828,35.806],[-78.3359,35.8801],[-78.2889,35.9542],[-78.2418,36.0283],[-78.1946,36.1024],[-78.1474,36.1765],[-78.1,36.2506],[-78.0526,36.3246],[-78.0178,36.3788],[-77.9718,36.4535],[-77.9258,36.5281],[-77.8797,36.6028],[-77.8334,36.6774],[-77.7871,36.752],[-77.764,36.7892]]}},{"type":"Feature","properties":{"ident":"Q114","type":"RNAV","run":1},"geometry":{"type":"LineString","coordinates":[[-115.3739,35.6206],[-115.2981,35.6767],[-115.2222,35.7327],[-115.1461,35.7887],[-115.07,35.8447],[-114.9938,35.9006],[-114.9174,35.9565],[-114.8636,35.9958],[-114.7855,36.0501],[-114.7073,36.1044],[-114.629,36.1587],[-114.5505,36.2129],[-114.472,36.267],[-114.3933,36.3211],[-114.3146,36.3751],[-114.2357,36.4291],[-114.1567,36.4831],[-114.0777,36.537],[-113.9985,36.5908],[-113.9192,36.6446],[-113.901,36.6569],[-113.8208,36.7099],[-113.7405,36.7628],[-113.6601,36.8157],[-113.5796,36.8686],[-113.499,36.9214],[-113.4183,36.9741],[-113.3374,37.0268],[-113.2565,37.0794],[-113.1928,37.1207],[-113.1078,37.1692],[-113.0226,37.2176],[-112.9374,37.266],[-112.8521,37.3143],[-112.7666,37.3625],[-112.681,37.4107],[-112.5954,37.4588],[-112.5096,37.5069],[-112.4237,37.5549],[-112.3377,37.6028],[-112.2794,37.6352],[-112.1847,37.6715],[-112.0898,37.7077],[-111.9949,37.7438],[-111.8999,37.7799],[-111.8048,37.8159],[-111.7095,37.8518],[-111.6142,37.8876],[-111.5188,37.9233],[-111.4233,37.959],[-111.3278,37.9946],[-111.2321,38.0301],[-111.1363,38.0656],[-111.0405,38.1009],[-110.9445,38.1362],[-110.8484,38.1714],[-110.7523,38.2065],[-110.6561,38.2416],[-110.5598,38.2766],[-110.4633,38.3115],[-110.3668,38.3463],[-110.2702,38.381],[-110.1735,38.4157],[-110.0767,38.4502],[-109.9798,38.4847],[-109.8829,38.5192],[-109.7858,38.5535],[-109.6886,38.5877],[-109.5914,38.6219],[-109.4967,38.6551],[-109.3983,38.6874],[-109.2999,38.7197],[-109.2013,38.7518],[-109.1027,38.7839],[-109.0039,38.8159],[-108.9051,38.8478],[-108.8062,38.8797],[-108.7072,38.9114],[-108.6081,38.9431],[-108.509,38.9747],[-108.4097,39.0062],[-108.3104,39.0376],[-108.2109,39.0689],[-108.1114,39.1002],[-108.0118,39.1313],[-107.9121,39.1624],[-107.8123,39.1934],[-107.7125,39.2243],[-107.6125,39.2551],[-107.5124,39.2858],[-107.4123,39.3165],[-107.3121,39.3471],[-107.2118,39.3775],[-107.2044,39.3798],[-107.1031,39.4083],[-107.0016,39.4366],[-106.9001,39.465],[-106.7986,39.4932],[-106.6969,39.5213],[-106.5951,39.5493],[-106.4933,39.5773],[-106.3914,39.6052],[-106.3138,39.6263],[-106.2112,39.6528],[-106.1085,39.6792],[-106.0057,39.7055],[-105.9029,39.7317],[-105.8,39.7579],[-105.697,39.7839],[-105.5939,39.8098],[-105.4908,39.8357],[-105.3876,39.8615],[-105.2843,39.8871],[-105.2491,39.8959],[-105.1476,39.9255],[-105.046,39.9551],[-104.9443,39.9846],[-104.8425,40.0139],[-104.7676,40.0355],[-104.6656,40.0648],[-104.5636,40.094],[-104.4616,40.1231],[-104.3908,40.1432],[-104.2885,40.1722],[-104.1862,40.201],[-104.0838,40.2297],[-103.9812,40.2584],[-103.8786,40.287],[-103.776,40.3154],[-103.6732,40.3438],[-103.5703,40.3721],[-103.4674,40.4003],[-103.3643,40.4284],[-103.2612,40.4564],[-103.158,40.4843],[-103.0547,40.5122],[-102.9514,40.5399],[-102.8479,40.5676],[-102.7443,40.5951],[-102.6407,40.6226],[-102.537,40.65],[-102.5074,40.6578],[-102.4045,40.6871],[-102.3016,40.7163],[-102.1986,40.7454],[-102.0955,40.7744],[-101.9922,40.8034],[-101.8889,40.8322],[-101.7855,40.861],[-101.6821,40.8896],[-101.5785,40.9182],[-101.4748,40.9467],[-101.3711,40.975],[-101.2672,41.0033],[-101.1633,41.0315],[-101.0593,41.0596],[-100.9552,41.0876],[-100.851,41.1156],[-100.7467,41.1434],[-100.7224,41.1498],[-100.6121,41.1567],[-100.5018,41.1634],[-100.3914,41.1701],[-100.2811,41.1766],[-100.1707,41.183],[-100.0603,41.1894],[-99.9499,41.1956],[-99.8394,41.2017],[-99.7289,41.2077],[-99.6185,41.2136],[-99.5079,41.2194],[-99.3974,41.2251],[-99.2869,41.2307],[-99.1763,41.2361],[-99.1477,41.2375],[-99.0372,41.2434],[-98.9266,41.2492],[-98.816,41.2549],[-98.7054,41.2604],[-98.5948,41.2659],[-98.4842,41.2712],[-98.3735,41.2765],[-98.2628,41.2816],[-98.1522,41.2867],[-98.0414,41.2916],[-97.9307,41.2964],[-97.82,41.3011],[-97.7092,41.3057],[-97.5985,41.3102],[-97.4877,41.3146],[-97.3769,41.3189],[-97.2661,41.3231],[-97.1552,41.3272],[-97.0444,41.3312],[-96.9335,41.335],[-96.8227,41.3388],[-96.7118,41.3424],[-96.6009,41.346],[-96.49,41.3494],[-96.3791,41.3528],[-96.2681,41.356],[-96.1572,41.3591],[-96.0462,41.3621],[-95.9353,41.365],[-95.8243,41.3678],[-95.7133,41.3705],[-95.6023,41.3731],[-95.4913,41.3756],[-95.3803,41.378],[-95.2693,41.3803],[-95.1583,41.3824],[-95.0473,41.3845],[-94.9362,41.3864],[-94.8252,41.3883],[-94.7141,41.39],[-94.6031,41.3916],[-94.492,41.3931],[-94.381,41.3946],[-94.2699,41.3959],[-94.1588,41.3971],[-94.0478,41.3982],[-93.9367,41.3991],[-93.8256,41.4],[-93.7494,41.4006]]}},{"type":"Feature","properties":{"ident":"Q116","type":"RNAV","run":1},"geometry":{"type":"LineString","coordinates":[[-93.3341,37.356],[-93.2537,37.3025],[-93.1734,37.249],[-93.0932,37.1954],[-93.0131,37.1418],[-92.9332,37.0882],[-92.8534,37.0345],[-92.7736,36.9807],[-92.694,36.9269],[-92.6145,36.873],[-92.5352,36.819],[-92.4559,36.7651],[-92.3767,36.711],[-92.2977,36.6569],[-92.2188,36.6028],[-92.1399,36.5486],[-92.0612,36.4944],[-91.9826,36.4401],[-91.9041,36.3857],[-91.8257,36.3313],[-91.7475,36.2769],[-91.7204,36.258],[-91.6424,36.2035],[-91.5644,36.1488],[-91.5389,36.1309],[-91.461,36.0763],[-91.3833,36.0216],[-91.3056,35.9668],[-91.2281,35.9121],[-91.1506,35.8572],[-91.0733,35.8023],[-90.996,35.7474],[-90.9189,35.6924],[-90.8419,35.6374],[-90.765,35.5823],[-90.6882,35.5272],[-90.6115,35.472],[-90.5349,35.4168],[-90.4584,35.3615],[-90.382,35.3062],[-90.3057,35.2508],[-90.2295,35.1954],[-90.1535,35.1399],[-90.0775,35.0844],[-90.0016,35.0288],[-89.983,35.0152],[-89.8924,34.9773],[-89.8018,34.9395],[-89.7114,34.9015],[-89.621,34.8635],[-89.5307,34.8254],[-89.4405,34.7872],[-89.3503,34.749],[-89.2603,34.7107],[-89.1703,34.6723],[-89.0804,34.6339],[-88.9906,34.5954],[-88.9009,34.5568],[-88.8113,34.5182],[-88.7217,34.4795],[-88.6322,34.4408],[-88.5429,34.4019],[-88.4536,34.363],[-88.3643,34.3241],[-88.2752,34.2851],[-88.1861,34.246],[-88.0972,34.2069],[-88.0083,34.1676],[-87.9195,34.1284],[-87.8308,34.089],[-87.7421,34.0496],[-87.6921,34.0273],[-87.6036,33.9878],[-87.5151,33.9483],[-87.4273,33.9089],[-87.339,33.8692],[-87.2508,33.8294],[-87.1627,33.7896],[-87.0747,33.7497],[-86.9867,33.7098],[-86.8997,33.6701],[-86.8385,33.6042],[-86.7774,33.5382],[-86.7164,33.4722],[-86.6555,33.4062],[-86.5947,33.3401],[-86.534,33.274],[-86.4734,33.2079],[-86.4129,33.1417],[-86.3524,33.0755],[-86.2921,33.0093],[-86.2318,32.943],[-86.1716,32.8768],[-86.1116,32.8105],[-86.0516,32.7441],[-85.9917,32.6778],[-85.9319,32.6114],[-85.8721,32.545],[-85.8125,32.4785],[-85.753,32.412],[-85.6935,32.3455],[-85.6341,32.279],[-85.5749,32.2125],[-85.5157,32.1459],[-85.4565,32.0793],[-85.3975,32.0126],[-85.3386,31.9459],[-85.2797,31.8793],[-85.221,31.8125],[-85.1623,31.7458],[-85.1037,31.679],[-85.0452,31.6122],[-85.0086,31.5704],[-84.9505,31.5035],[-84.8924,31.4365],[-84.8343,31.3695],[-84.7764,31.3024],[-84.7185,31.2353],[-84.6608,31.1682],[-84.6031,31.1011],[-84.5455,31.034],[-84.4879,30.9668],[-84.4305,30.8996],[-84.3731,30.8324],[-84.3158,30.7651],[-84.2586,30.6979],[-84.2015,30.6306],[-84.1444,30.5632],[-84.0875,30.4959],[-84.0306,30.4285],[-83.9738,30.3611],[-83.917,30.2937],[-83.8604,30.2262],[-83.8164,30.1738],[-83.7599,30.1063],[-83.7035,30.0387],[-83.6472,29.9712],[-83.5909,29.9036],[-83.5551,29.8605],[-83.4989,29.7929],[-83.4429,29.7252],[-83.3869,29.6576],[-83.3309,29.5899],[-83.2751,29.5222],[-83.2193,29.4545],[-83.1636,29.3867],[-83.108,29.3189],[-83.0584,29.2584],[-83.0029,29.1906],[-82.9475,29.1228],[-82.9,29.0646],[-82.8448,28.9967],[-82.7895,28.9288],[-82.7344,28.8609],[-82.6794,28.7929],[-82.6244,28.725],[-82.5695,28.657],[-82.5146,28.5889],[-82.4598,28.5209],[-82.4051,28.4528],[-82.3505,28.3848],[-82.2959,28.3167],[-82.2414,28.2485],[-82.187,28.1804],[-82.1327,28.1122],[-82.1094,28.0831],[-82.0609,28.0116],[-82.0124,27.9401],[-81.964,27.8686],[-81.9156,27.7971],[-81.8673,27.7256],[-81.8191,27.654],[-81.7744,27.5876],[-81.7263,27.516],[-81.6782,27.4444],[-81.6302,27.3728],[-81.5823,27.3012],[-81.5345,27.2295],[-81.4867,27.1579],[-81.4389,27.0862],[-81.3912,27.0145],[-81.3689,26.9808],[-81.2955,26.9292],[-81.2222,26.8775],[-81.149,26.8258],[-81.0758,26.7741],[-81.0027,26.7223],[-80.9296,26.6705],[-80.8567,26.6186],[-80.7837,26.5667],[-80.7109,26.5148],[-80.6381,26.4628],[-80.5654,26.4108],[-80.4928,26.3588],[-80.4202,26.3067],[-80.3477,26.2546],[-80.2752,26.2024],[-80.2032,26.1505]]}},{"type":"Feature","properties":{"ident":"Q117","type":"RNAV","run":1},"geometry":{"type":"LineString","coordinates":[[-77.6744,34.5613],[-77.6559,34.6432],[-77.6374,34.7252],[-77.6189,34.8071],[-77.6003,34.889],[-77.5817,34.9709],[-77.563,35.0528],[-77.5443,35.1347],[-77.5434,35.1388],[-77.4903,35.2099],[-77.4372,35.281],[-77.3839,35.3521],[-77.3306,35.4232],[-77.2771,35.4943],[-77.2236,35.5653],[-77.1699,35.6363],[-77.1391,35.6771],[-77.0854,35.7481],[-77.0316,35.8191],[-76.9777,35.8901],[-76.9585,35.9155],[-76.9097,35.9889],[-76.8608,36.0622],[-76.8119,36.1356],[-76.7628,36.2089],[-76.7137,36.2822],[-76.6645,36.3555],[-76.6151,36.4287],[-76.5657,36.502],[-76.5162,36.5752],[-76.4666,36.6484],[-76.4169,36.7216],[-76.3671,36.7947],[-76.3172,36.8679],[-76.2673,36.941],[-76.2172,37.0141],[-76.167,37.0872],[-76.1167,37.1602],[-76.0664,37.2333],[-76.0159,37.3063],[-75.9653,37.3793],[-75.9147,37.4522],[-75.8639,37.5252],[-75.8581,37.5335]]}},{"type":"Feature","properties":{"ident":"Q118","type":"RNAV","run":1},"geometry":{"type":"LineString","coordinates":[[-85.6794,40.4937],[-85.6411,40.4156],[-85.603,40.3375],[-85.5649,40.2594],[-85.5269,40.1813],[-85.489,40.1031],[-85.4512,40.025],[-85.4135,39.9468],[-85.3759,39.8686],[-85.3383,39.7905],[-85.3009,39.7123],[-85.2635,39.6341],[-85.25,39.6058],[-85.2127,39.5276],[-85.1756,39.4494],[-85.1385,39.3711],[-85.1296,39.3525],[-85.0926,39.2742],[-85.0557,39.1959],[-85.0188,39.1177],[-84.9821,39.0394],[-84.9454,38.9611],[-84.9362,38.9414],[-84.8996,38.8631],[-84.8631,38.7847],[-84.8266,38.7064],[-84.7903,38.6281],[-84.754,38.5497],[-84.7178,38.4713],[-84.7177,38.4711],[-84.7203,38.3878],[-84.7229,38.3045],[-84.7255,38.2212],[-84.7281,38.1379],[-84.7307,38.0546],[-84.7333,37.9713],[-84.7359,37.8879],[-84.7384,37.8046],[-84.741,37.7213],[-84.7412,37.7152],[-84.7439,37.6319],[-84.7467,37.5486],[-84.7494,37.4653],[-84.7521,37.382],[-84.7539,37.3252],[-84.7564,37.2419],[-84.7589,37.1585],[-84.7613,37.0752],[-84.7638,36.9919],[-84.7662,36.9086],[-84.7686,36.8253],[-84.7711,36.742],[-84.7735,36.6587],[-84.7759,36.5754],[-84.7783,36.4921],[-84.7804,36.4224],[-84.7712,36.3394],[-84.762,36.2564],[-84.7529,36.1734],[-84.7438,36.0904],[-84.7347,36.0074],[-84.7256,35.9244],[-84.7165,35.8414],[-84.7075,35.7584],[-84.6985,35.6754],[-84.6895,35.5924],[-84.6805,35.5094],[-84.6715,35.4264],[-84.6626,35.3434],[-84.6537,35.2604],[-84.6447,35.1773],[-84.6358,35.0943],[-84.627,35.0113],[-84.6181,34.9283],[-84.6093,34.8453],[-84.6005,34.7623],[-84.5917,34.6793],[-84.5829,34.5962],[-84.5741,34.5132],[-84.5654,34.4302],[-84.5566,34.3472],[-84.5479,34.2642],[-84.5392,34.1812],[-84.5305,34.0981],[-84.5234,34.0298],[-84.5053,33.9478],[-84.4872,33.8659],[-84.4691,33.7839],[-84.4511,33.7019],[-84.4351,33.6292],[-84.4161,33.5474],[-84.3972,33.4656],[-84.3782,33.3838],[-84.3593,33.302],[-84.3405,33.2201],[-84.3217,33.1383],[-84.3029,33.0565],[-84.2842,32.9747],[-84.2655,32.8928],[-84.2468,32.811],[-84.2281,32.7291],[-84.2095,32.6473],[-84.191,32.5654],[-84.1724,32.4836],[-84.1539,32.4017],[-84.1354,32.3199],[-84.117,32.238],[-84.0986,32.1562],[-84.0802,32.0743],[-84.0619,31.9924],[-84.0436,31.9106],[-84.0253,31.8287],[-84.0071,31.7468],[-83.9889,31.6649],[-83.9707,31.5831],[-83.9574,31.523],[-83.9193,31.4463],[-83.8813,31.3696],[-83.8433,31.2928],[-83.8054,31.216],[-83.7676,31.1392],[-83.7298,31.0624],[-83.6921,30.9856],[-83.6544,30.9088],[-83.6168,30.832],[-83.5793,30.7551],[-83.5418,30.6783],[-83.5044,30.6014],[-83.4671,30.5246],[-83.4298,30.4477],[-83.3925,30.3708],[-83.3554,30.2939],[-83.3244,30.2297],[-83.2873,30.1528],[-83.2502,30.0759],[-83.2132,29.9989],[-83.1763,29.922],[-83.1394,29.845],[-83.1026,29.7681],[-83.0659,29.6911],[-83.0291,29.6141],[-82.9925,29.5371],[-82.9825,29.5161],[-82.9271,29.4481],[-82.8718,29.3802],[-82.8166,29.3121],[-82.7614,29.2441],[-82.7064,29.176],[-82.6513,29.1079],[-82.5964,29.0398],[-82.5415,28.9717],[-82.4868,28.9036],[-82.432,28.8354],[-82.3774,28.7672],[-82.3228,28.699],[-82.2683,28.6307],[-82.2139,28.5625],[-82.1595,28.4942],[-82.1478,28.4794],[-82.0935,28.4111],[-82.0393,28.3428],[-81.9852,28.2744],[-81.9311,28.2061],[-81.9075,28.1761],[-81.8889,28.0944],[-81.8704,28.0127],[-81.8519,27.931],[-81.8334,27.8493],[-81.8149,27.7676],[-81.7965,27.6858],[-81.7781,27.6041],[-81.7744,27.5876],[-81.756,27.5059],[-81.7377,27.4242],[-81.7194,27.3424],[-81.7011,27.2607],[-81.6828,27.179],[-81.6646,27.0972],[-81.6541,27.0502],[-81.6368,26.9683],[-81.6195,26.8864],[-81.6022,26.8045],[-81.585,26.7226],[-81.5678,26.6407],[-81.5506,26.5588],[-81.5334,26.4769],[-81.5163,26.395],[-81.4991,26.3131],[-81.482,26.2312],[-81.465,26.1493],[-81.4564,26.1082],[-81.4396,26.0263],[-81.4228,25.9443],[-81.406,25.8624],[-81.3892,25.7804],[-81.3725,25.6985],[-81.3558,25.6165],[-81.3391,25.5346],[-81.3224,25.4526],[-81.3058,25.3706],[-81.2891,25.2887],[-81.2725,25.2067],[-81.2559,25.1247],[-81.2394,25.0428],[-81.2228,24.9608],[-81.2063,24.8788],[-81.1898,24.7968],[-81.1734,24.7149],[-81.1569,24.6329],[-81.1483,24.5899]]}},{"type":"Feature","properties":{"ident":"Q119","type":"RNAV","run":1},"geometry":{"type":"LineString","coordinates":[[-76.6303,37.5922],[-76.645,37.6747],[-76.6598,37.7572],[-76.6745,37.8398],[-76.6805,37.873],[-76.6954,37.9555],[-76.7102,38.038],[-76.7103,38.0382],[-76.7252,38.1207],[-76.7401,38.2032],[-76.7478,38.2459],[-76.7628,38.3284],[-76.7779,38.4109],[-76.7929,38.4934],[-76.808,38.5759],[-76.8231,38.6584],[-76.8383,38.7409],[-76.8427,38.7649],[-76.8579,38.8474],[-76.8671,38.897],[-76.8823,38.9795],[-76.8976,39.0619],[-76.913,39.1444],[-76.9284,39.2269],[-76.9438,39.3094],[-76.9592,39.3918],[-76.9747,39.4743],[-76.9786,39.495]]}},{"type":"Feature","properties":{"ident":"Q120","type":"RNAV","run":1},"geometry":{"type":"LineString","coordinates":[[-121.5516,38.4437],[-121.4678,38.495],[-121.3838,38.5463],[-121.2998,38.5975],[-121.2155,38.6486],[-121.1312,38.6997],[-121.0468,38.7507],[-120.9622,38.8017],[-120.8775,38.8526],[-120.7927,38.9035],[-120.7078,38.9543],[-120.6228,39.005],[-120.5376,39.0556],[-120.4523,39.1062],[-120.3669,39.1568],[-120.2813,39.2072],[-120.1957,39.2577],[-120.1099,39.308],[-120.024,39.3583],[-119.938,39.4085],[-119.8518,39.4587],[-119.7655,39.5088],[-119.6791,39.5588],[-119.5926,39.6088],[-119.5059,39.6587],[-119.4192,39.7085],[-119.3323,39.7583],[-119.2452,39.808],[-119.1581,39.8576],[-119.0972,39.8922],[-119.0065,39.9381],[-118.9167,39.9833],[-118.8217,40.024],[-118.7266,40.0645],[-118.6314,40.105],[-118.5361,40.1454],[-118.4406,40.1857],[-118.3451,40.2259],[-118.2494,40.2661],[-118.1537,40.3062],[-118.1216,40.3195],[-118.0212,40.3524],[-117.9206,40.3852],[-117.8199,40.4178],[-117.7192,40.4504],[-117.6183,40.4829],[-117.5174,40.5154],[-117.4163,40.5477],[-117.3152,40.5799],[-117.2139,40.6121],[-117.1126,40.6441],[-117.0112,40.6761],[-116.9096,40.708],[-116.8258,40.7342],[-116.7241,40.7659],[-116.6222,40.7976],[-116.5203,40.8291],[-116.4183,40.8605],[-116.3162,40.8919],[-116.214,40.9231],[-116.1117,40.9543],[-116.0093,40.9854],[-115.9068,41.0163],[-115.8042,41.0472],[-115.7015,41.078],[-115.5987,41.1087],[-115.4958,41.1394],[-115.3928,41.1699],[-115.2898,41.2003],[-115.1866,41.2307],[-115.0833,41.2609],[-114.98,41.2911],[-114.8765,41.3211],[-114.773,41.3511],[-114.742,41.3601],[-114.6383,41.3899],[-114.5345,41.4197],[-114.4307,41.4494],[-114.3267,41.479],[-114.2227,41.5085],[-114.1185,41.5379],[-114.0143,41.5672],[-113.9099,41.5964],[-113.8055,41.6255],[-113.701,41.6545],[-113.5964,41.6834],[-113.4917,41.7123],[-113.3869,41.741],[-113.282,41.7696],[-113.177,41.7982],[-113.0719,41.8266],[-112.9667,41.855],[-112.8614,41.8832],[-112.7561,41.9114],[-112.6506,41.9395],[-112.5451,41.9674],[-112.5261,41.9725],[-112.4204,42.0003],[-112.3146,42.0281],[-112.2088,42.0557],[-112.1029,42.0833],[-111.9968,42.1107],[-111.8907,42.1381],[-111.7845,42.1654],[-111.6782,42.1925],[-111.5718,42.2196],[-111.4653,42.2466],[-111.3587,42.2734],[-111.2521,42.3002],[-111.1453,42.3269],[-111.0385,42.3535],[-110.9315,42.3799],[-110.8245,42.4063],[-110.7174,42.4326],[-110.6102,42.4588],[-110.5029,42.4848],[-110.3955,42.5108],[-110.288,42.5367],[-110.1804,42.5625],[-110.1092,42.5795],[-110.0002,42.6017],[-109.891,42.6239],[-109.7818,42.6459],[-109.6725,42.6679],[-109.5631,42.6897],[-109.4536,42.7115],[-109.3441,42.7331],[-109.2345,42.7546],[-109.1248,42.7761],[-109.015,42.7974],[-108.9052,42.8186],[-108.7953,42.8397],[-108.6853,42.8607],[-108.5752,42.8816],[-108.4651,42.9024],[-108.3548,42.9231],[-108.2446,42.9437],[-108.1454,42.9621],[-108.0354,42.9837],[-107.9253,43.0052],[-107.8152,43.0265],[-107.7049,43.0478],[-107.5946,43.0689],[-107.4842,43.09],[-107.3737,43.1109],[-107.2632,43.1317],[-107.1526,43.1525],[-107.0419,43.1731],[-106.9311,43.1936],[-106.8718,43.2045],[-106.7607,43.2241],[-106.6495,43.2436],[-106.5382,43.2629],[-106.4269,43.2822],[-106.3154,43.3013],[-106.2039,43.3204],[-106.0924,43.3393],[-105.9807,43.3581],[-105.869,43.3769],[-105.7573,43.3955],[-105.6454,43.414],[-105.5335,43.4323],[-105.4216,43.4506],[-105.3095,43.4688],[-105.1974,43.4869],[-105.0852,43.5048],[-104.973,43.5226],[-104.8607,43.5404],[-104.7483,43.558],[-104.6359,43.5755],[-104.5234,43.5929],[-104.4108,43.6102],[-104.2982,43.6274],[-104.1855,43.6445],[-104.0727,43.6614],[-103.9599,43.6783],[-103.847,43.695],[-103.7341,43.7116],[-103.6211,43.7281],[-103.508,43.7445],[-103.3948,43.7608],[-103.2816,43.777],[-103.1684,43.7931],[-103.0551,43.809],[-102.9417,43.8249],[-102.8282,43.8406],[-102.7147,43.8562],[-102.6012,43.8717],[-102.4876,43.8871],[-102.3739,43.9024],[-102.2602,43.9176],[-102.1464,43.9326],[-102.0325,43.9476],[-101.9186,43.9624],[-101.8047,43.9771],[-101.6906,43.9917],[-101.5766,44.0062],[-101.4624,44.0206],[-101.4406,44.0233],[-101.326,44.0362],[-101.2115,44.0489],[-101.0969,44.0615],[-100.9822,44.074],[-100.8675,44.0863],[-100.7527,44.0986],[-100.6379,44.1107],[-100.5231,44.1228],[-100.4082,44.1347],[-100.2932,44.1465],[-100.1782,44.1582],[-100.0632,44.1697],[-99.9481,44.1812],[-99.833,44.1925],[-99.7178,44.2037],[-99.6026,44.2148],[-99.4873,44.2258],[-99.372,44.2367],[-99.2567,44.2474],[-99.1413,44.2581],[-99.0258,44.2686],[-98.9104,44.279],[-98.7949,44.2893],[-98.6793,44.2995],[-98.5637,44.3095],[-98.4481,44.3195],[-98.3324,44.3293],[-98.2167,44.339],[-98.101,44.3486],[-97.9852,44.3581],[-97.8694,44.3674],[-97.7535,44.3767],[-97.6376,44.3858],[-97.5217,44.3948],[-97.4057,44.4037],[-97.2897,44.4125],[-97.1737,44.4211],[-97.0576,44.4296],[-96.9415,44.4381],[-96.8254,44.4464],[-96.7092,44.4545],[-96.593,44.4626],[-96.4768,44.4706],[-96.3605,44.4784],[-96.2442,44.4861],[-96.1279,44.4937],[-96.0903,44.4961]]}},{"type":"Feature","properties":{"ident":"Q121","type":"RNAV","run":1},"geometry":{"type":"LineString","coordinates":[[-115.036,41.6041],[-114.9463,41.6536],[-114.8565,41.703],[-114.7665,41.7523],[-114.6764,41.8016],[-114.5861,41.8508],[-114.4958,41.8999],[-114.4052,41.949],[-114.3146,41.998],[-114.2237,42.0469],[-114.1328,42.0957],[-114.0417,42.1445],[-113.9505,42.1932],[-113.8591,42.2418],[-113.7676,42.2904],[-113.6759,42.3388],[-113.5841,42.3873],[-113.4922,42.4356],[-113.4001,42.4839],[-113.3079,42.532],[-113.2155,42.5802],[-113.123,42.6282],[-113.0304,42.6762],[-112.9376,42.7241],[-112.8447,42.7719],[-112.7516,42.8196],[-112.6584,42.8673],[-112.6522,42.8704],[-112.559,42.9181],[-112.4656,42.9657],[-112.3721,43.0133],[-112.2784,43.0608],[-112.1845,43.1082],[-112.0906,43.1555],[-111.9964,43.2028],[-111.9022,43.25],[-111.8078,43.2971],[-111.7132,43.3441],[-111.6185,43.391],[-111.5236,43.4379],[-111.4286,43.4847],[-111.3335,43.5314],[-111.2382,43.578],[-111.1428,43.6246],[-111.0472,43.6711],[-110.9514,43.7174],[-110.8555,43.7638],[-110.7595,43.81],[-110.6633,43.8561],[-110.567,43.9022],[-110.4705,43.9482],[-110.3739,43.9941],[-110.2771,44.0399],[-110.1802,44.0857],[-110.0831,44.1313],[-109.9859,44.1769],[-109.8885,44.2224],[-109.791,44.2678],[-109.6933,44.3132],[-109.5954,44.3584],[-109.4975,44.4036],[-109.3993,44.4487],[-109.301,44.4937],[-109.2026,44.5386],[-109.104,44.5834],[-109.0053,44.6281],[-108.9064,44.6728],[-108.8073,44.7174],[-108.7081,44.7619],[-108.6088,44.8063],[-108.5093,44.8506],[-108.4096,44.8948],[-108.3098,44.9389],[-108.2098,44.983],[-108.1097,45.027],[-108.0095,45.0708],[-107.909,45.1146],[-107.8085,45.1583],[-107.7077,45.2019],[-107.6068,45.2455],[-107.5058,45.2889],[-107.4046,45.3323],[-107.3032,45.3755],[-107.2017,45.4187],[-107.1001,45.4618],[-106.9983,45.5047],[-106.8963,45.5476],[-106.7942,45.5905],[-106.6919,45.6332],[-106.5894,45.6758],[-106.4868,45.7183],[-106.3841,45.7608],[-106.2812,45.8031],[-106.1781,45.8454],[-106.0749,45.8875],[-105.9715,45.9296],[-105.868,45.9716],[-105.7643,46.0135],[-105.6604,46.0552],[-105.5564,46.0969],[-105.4523,46.1385],[-105.3479,46.18],[-105.2435,46.2215],[-105.2145,46.2329]]}},{"type":"Feature","properties":{"ident":"Q122","type":"RNAV","run":1},"geometry":{"type":"LineString","coordinates":[[-121.3897,38.3361],[-121.3064,38.3879],[-121.223,38.4395],[-121.1395,38.4912],[-121.0558,38.5427],[-120.972,38.5942],[-120.8881,38.6457],[-120.8041,38.697],[-120.7199,38.7484],[-120.6356,38.7996],[-120.5513,38.8508],[-120.4667,38.902],[-120.3821,38.953],[-120.2974,39.0041],[-120.2125,39.055],[-120.1275,39.1059],[-120.0424,39.1567],[-119.9571,39.2075],[-119.8717,39.2582],[-119.7862,39.3089],[-119.7006,39.3594],[-119.6149,39.41],[-119.529,39.4604],[-119.443,39.5108],[-119.3569,39.5611],[-119.2707,39.6114],[-119.1843,39.6616],[-119.0978,39.7117],[-119.0112,39.7618],[-118.9245,39.8118],[-118.8376,39.8618],[-118.8,39.8833],[-118.7042,39.9225],[-118.6082,39.9616],[-118.5121,40.0007],[-118.4159,40.0396],[-118.3196,40.0785],[-118.2232,40.1173],[-118.1267,40.156],[-118.0301,40.1947],[-118.0167,40.2],[-117.9152,40.2306],[-117.8135,40.261],[-117.7118,40.2914],[-117.61,40.3217],[-117.5082,40.3519],[-117.4062,40.382],[-117.3041,40.4121],[-117.202,40.442],[-117.0997,40.4718],[-116.9974,40.5016],[-116.8949,40.5313],[-116.7924,40.5608],[-116.6898,40.5903],[-116.5871,40.6197],[-116.4843,40.649],[-116.3814,40.6782],[-116.2784,40.7074],[-116.1754,40.7364],[-116.0722,40.7653],[-115.969,40.7942],[-115.8656,40.8229],[-115.7622,40.8516],[-115.6587,40.8801],[-115.5551,40.9086],[-115.4514,40.937],[-115.3476,40.9653],[-115.2438,40.9935],[-115.1398,41.0216],[-115.0358,41.0496],[-114.9316,41.0775],[-114.8274,41.1053],[-114.7231,41.1331],[-114.6187,41.1607],[-114.5142,41.1882],[-114.4096,41.2157],[-114.305,41.243],[-114.2002,41.2703],[-114.0954,41.2974],[-113.9905,41.3245],[-113.8855,41.3515],[-113.8406,41.363],[-113.7312,41.3772],[-113.6218,41.3913],[-113.5122,41.4053],[-113.4027,41.4191],[-113.2931,41.4329],[-113.1834,41.4466],[-113.0737,41.4602],[-112.964,41.4737],[-112.8542,41.487],[-112.7444,41.5003],[-112.6345,41.5135],[-112.5246,41.5265],[-112.4885,41.5308],[-112.3782,41.5425],[-112.268,41.5541],[-112.1577,41.5657],[-112.0473,41.5771],[-111.937,41.5884],[-111.8266,41.5996],[-111.7161,41.6107],[-111.6056,41.6216],[-111.4951,41.6325],[-111.3845,41.6433],[-111.2739,41.654],[-111.1633,41.6645],[-111.0526,41.675],[-110.9419,41.6853],[-110.8312,41.6956],[-110.7204,41.7057],[-110.6096,41.7157],[-110.4987,41.7257],[-110.3878,41.7355],[-110.2769,41.7452],[-110.166,41.7548],[-110.055,41.7643],[-109.944,41.7737],[-109.8329,41.783],[-109.7219,41.7921],[-109.6107,41.8012],[-109.4996,41.8102],[-109.3884,41.819],[-109.2772,41.8278],[-109.166,41.8364],[-109.0547,41.8449],[-108.9434,41.8534],[-108.8321,41.8617],[-108.7208,41.8699],[-108.6094,41.878],[-108.498,41.886],[-108.3865,41.8939],[-108.2751,41.9017],[-108.1636,41.9093],[-108.0521,41.9169],[-107.9405,41.9244],[-107.829,41.9317],[-107.7174,41.939],[-107.6057,41.9461],[-107.4941,41.9531],[-107.3824,41.96],[-107.2707,41.9668],[-107.159,41.9735],[-107.0473,41.9801],[-106.9355,41.9866],[-106.8237,41.993],[-106.7119,41.9993],[-106.6001,42.0054],[-106.4882,42.0115],[-106.3764,42.0174],[-106.2645,42.0232],[-106.1526,42.029],[-106.0406,42.0346],[-105.9287,42.0401],[-105.8167,42.0455],[-105.7047,42.0508],[-105.5927,42.0559],[-105.4807,42.061],[-105.3686,42.066],[-105.2566,42.0708],[-105.1601,42.0749],[-105.0486,42.0849],[-104.9371,42.0947],[-104.8255,42.1044],[-104.714,42.1141],[-104.6024,42.1236],[-104.4907,42.133],[-104.3791,42.1423],[-104.2673,42.1515],[-104.1556,42.1606],[-104.0438,42.1695],[-103.932,42.1784],[-103.8202,42.1872],[-103.7083,42.1958],[-103.5964,42.2044],[-103.4845,42.2128],[-103.3726,42.2211],[-103.2606,42.2293],[-103.1486,42.2374],[-103.0365,42.2454],[-102.9245,42.2533],[-102.8124,42.2611],[-102.7002,42.2688],[-102.5881,42.2763],[-102.4759,42.2838],[-102.3637,42.2911],[-102.2515,42.2984],[-102.1392,42.3055],[-102.027,42.3125],[-101.9146,42.3194],[-101.8023,42.3262],[-101.69,42.3329],[-101.5776,42.3395],[-101.4652,42.3459],[-101.3528,42.3523],[-101.2403,42.3585],[-101.1278,42.3647],[-101.0154,42.3707],[-100.9028,42.3766],[-100.7903,42.3824],[-100.6778,42.3881],[-100.5652,42.3937],[-100.4526,42.3992],[-100.34,42.4045],[-100.2273,42.4098],[-100.1147,42.4149],[-100.002,42.42],[-99.8893,42.4249],[-99.7766,42.4297],[-99.6639,42.4344],[-99.5512,42.439],[-99.4384,42.4435],[-99.3256,42.4478],[-99.2129,42.4521],[-99.1001,42.4563],[-98.9872,42.4603],[-98.8744,42.4642],[-98.7616,42.468],[-98.6869,42.4705],[-98.5742,42.4756],[-98.4614,42.4805],[-98.3486,42.4853],[-98.2358,42.49],[-98.1229,42.4946],[-98.0101,42.4991],[-97.8972,42.5035],[-97.7843,42.5078],[-97.6714,42.5119],[-97.5585,42.516],[-97.4456,42.5199],[-97.3326,42.5237],[-97.2197,42.5275],[-97.1067,42.5311],[-96.9937,42.5346],[-96.8807,42.5379],[-96.774,42.541],[-96.661,42.5432],[-96.5479,42.5453],[-96.4348,42.5472],[-96.3218,42.5491],[-96.2087,42.5508],[-96.0956,42.5524],[-95.9825,42.554],[-95.8694,42.5554],[-95.7562,42.5567],[-95.6431,42.5578],[-95.53,42.5589],[-95.4169,42.5599],[-95.3038,42.5607],[-95.1906,42.5614],[-95.0775,42.5621],[-94.9644,42.5626],[-94.8512,42.563],[-94.7381,42.5633],[-94.6249,42.5634],[-94.5118,42.5635],[-94.3987,42.5635],[-94.2943,42.5633],[-94.1811,42.5631],[-94.068,42.5627],[-93.9549,42.5622],[-93.8417,42.5616],[-93.7286,42.5609],[-93.6155,42.5601],[-93.5023,42.5591],[-93.3892,42.5581],[-93.2761,42.5569],[-93.163,42.5557],[-93.1241,42.5552]]}},{"type":"Feature","properties":{"ident":"Q123","type":"RNAV","run":1},"geometry":{"type":"LineString","coordinates":[[-115.036,41.6041],[-114.9607,41.6655],[-114.8852,41.7269],[-114.8096,41.7882],[-114.7338,41.8495],[-114.6579,41.9107],[-114.5818,41.9719],[-114.5056,42.033],[-114.4292,42.0941],[-114.3527,42.1551],[-114.276,42.216],[-114.1992,42.277],[-114.1223,42.3378],[-114.0452,42.3987],[-113.9679,42.4594],[-113.8905,42.5201],[-113.813,42.5808],[-113.7353,42.6414],[-113.6574,42.702],[-113.5794,42.7625],[-113.5012,42.8229],[-113.4229,42.8833],[-113.3444,42.9436],[-113.2658,43.0039],[-113.1871,43.0642],[-113.1081,43.1244],[-113.029,43.1845],[-112.9498,43.2446],[-112.8704,43.3046],[-112.7908,43.3645],[-112.7111,43.4244],[-112.6313,43.4843],[-112.5512,43.5441],[-112.471,43.6038],[-112.3907,43.6635],[-112.3102,43.7231],[-112.2295,43.7827],[-112.1487,43.8422],[-112.0677,43.9017],[-111.9866,43.9611],[-111.9052,44.0204],[-111.8238,44.0797],[-111.7421,44.1389],[-111.6603,44.1981],[-111.5784,44.2572],[-111.4962,44.3163],[-111.4139,44.3753],[-111.3315,44.4342],[-111.2488,44.4931],[-111.166,44.5519],[-111.0831,44.6106],[-110.9999,44.6693],[-110.9166,44.728],[-110.8332,44.7865],[-110.7495,44.845],[-110.6657,44.9035],[-110.5817,44.9619],[-110.4976,45.0202],[-110.4133,45.0785],[-110.3288,45.1367],[-110.2441,45.1948],[-110.1593,45.2529],[-110.0742,45.3109],[-109.9891,45.3689],[-109.9037,45.4268],[-109.8182,45.4846],[-109.7324,45.5423],[-109.6466,45.6],[-109.5605,45.6577],[-109.4742,45.7152],[-109.3878,45.7727],[-109.3012,45.8302],[-109.2144,45.8875],[-109.1275,45.9449],[-109.0403,46.0021],[-108.953,46.0593],[-108.8655,46.1164],[-108.7778,46.1734],[-108.69,46.2304],[-108.6019,46.2873],[-108.5137,46.3441],[-108.4253,46.4009],[-108.3367,46.4576],[-108.2479,46.5142],[-108.159,46.5708],[-108.0698,46.6273],[-107.9805,46.6837],[-107.8909,46.7401],[-107.8012,46.7964],[-107.7113,46.8526],[-107.6213,46.9087],[-107.531,46.9648],[-107.4405,47.0208],[-107.3499,47.0767],[-107.259,47.1326],[-107.168,47.1884],[-107.0767,47.2441],[-106.9853,47.2997],[-106.8937,47.3553],[-106.8635,47.3736]]}},{"type":"Feature","properties":{"ident":"Q124","type":"RNAV","run":1},"geometry":{"type":"LineString","coordinates":[[-121.3897,38.3361],[-121.3064,38.3879],[-121.223,38.4395],[-121.1395,38.4912],[-121.0558,38.5427],[-120.972,38.5942],[-120.8881,38.6457],[-120.8041,38.697],[-120.7199,38.7484],[-120.6356,38.7996],[-120.5513,38.8508],[-120.4667,38.902],[-120.3821,38.953],[-120.2974,39.0041],[-120.2125,39.055],[-120.1275,39.1059],[-120.0424,39.1567],[-119.9571,39.2075],[-119.8717,39.2582],[-119.7862,39.3089],[-119.7006,39.3594],[-119.6149,39.41],[-119.529,39.4604],[-119.443,39.5108],[-119.3569,39.5611],[-119.2707,39.6114],[-119.1843,39.6616],[-119.0978,39.7117],[-119.0112,39.7618],[-118.9245,39.8118],[-118.8376,39.8618],[-118.8,39.8833],[-118.7042,39.9225],[-118.6082,39.9616],[-118.5121,40.0007],[-118.4159,40.0396],[-118.3196,40.0785],[-118.2232,40.1173],[-118.1267,40.156],[-118.0301,40.1947],[-118.0167,40.2],[-117.9124,40.2245],[-117.808,40.2488],[-117.7035,40.2731],[-117.599,40.2973],[-117.4944,40.3214],[-117.3897,40.3454],[-117.2849,40.3693],[-117.1801,40.3931],[-117.0752,40.4168],[-116.9702,40.4404],[-116.8651,40.4639],[-116.76,40.4873],[-116.6548,40.5106],[-116.5495,40.5339],[-116.4442,40.557],[-116.4,40.5667],[-116.2909,40.5752],[-116.1817,40.5836],[-116.0725,40.5919],[-115.9633,40.6001],[-115.8541,40.6082],[-115.7448,40.6162],[-115.6355,40.6241],[-115.5262,40.6319],[-115.4169,40.6396],[-115.3075,40.6472],[-115.1981,40.6547],[-115.0887,40.6621],[-114.9793,40.6694],[-114.8698,40.6765],[-114.7603,40.6836],[-114.6508,40.6906],[-114.5413,40.6974],[-114.5,40.7],[-114.3902,40.7042],[-114.2804,40.7082],[-114.1706,40.7122],[-114.0608,40.716],[-113.951,40.7198],[-113.8411,40.7234],[-113.7574,40.7261],[-113.6475,40.726],[-113.5375,40.7259],[-113.4276,40.7256],[-113.3176,40.7253],[-113.2076,40.7248],[-113.0977,40.7242],[-112.9877,40.7235],[-112.8778,40.7228],[-112.7679,40.7219],[-112.6579,40.7209],[-112.548,40.7198],[-112.5299,40.7196]]}},{"type":"Feature","properties":{"ident":"Q125","type":"RNAV","run":1},"geometry":{"type":"LineString","coordinates":[[-115.036,41.6041],[-114.9917,41.6805],[-114.9473,41.757],[-114.9028,41.8334],[-114.8582,41.9099],[-114.8135,41.9863],[-114.7687,42.0627],[-114.7238,42.139],[-114.6787,42.2154],[-114.6336,42.2917],[-114.5883,42.368],[-114.5429,42.4443],[-114.4975,42.5206],[-114.4519,42.5969],[-114.4062,42.6731],[-114.3604,42.7494],[-114.3144,42.8256],[-114.2684,42.9018],[-114.2222,42.9779],[-114.176,43.0541],[-114.1296,43.1302],[-114.0831,43.2063],[-114.0365,43.2824],[-113.9897,43.3585],[-113.9429,43.4346],[-113.8959,43.5106],[-113.8488,43.5866],[-113.8016,43.6626],[-113.7543,43.7386],[-113.7068,43.8146],[-113.6593,43.8905],[-113.6116,43.9664],[-113.5638,44.0423],[-113.5158,44.1182],[-113.4678,44.1941],[-113.4196,44.2699],[-113.3713,44.3458],[-113.3229,44.4216],[-113.2743,44.4973],[-113.2256,44.5731],[-113.1768,44.6488],[-113.1279,44.7246],[-113.0788,44.8003],[-113.0296,44.8759],[-112.9803,44.9516],[-112.9309,45.0272],[-112.8813,45.1028],[-112.8316,45.1784],[-112.7817,45.254],[-112.7317,45.3295],[-112.6816,45.4051],[-112.6314,45.4806],[-112.581,45.5561],[-112.5305,45.6315],[-112.4798,45.707],[-112.429,45.7824],[-112.3781,45.8578],[-112.327,45.9331],[-112.2758,46.0085],[-112.2245,46.0838],[-112.173,46.1591],[-112.1214,46.2344],[-112.0696,46.3096],[-112.0177,46.3849],[-111.9656,46.4601],[-111.9134,46.5353],[-111.8611,46.6104],[-111.8086,46.6856],[-111.756,46.7607],[-111.7032,46.8358],[-111.6502,46.9108],[-111.5972,46.9859],[-111.5439,47.0609],[-111.4906,47.1359],[-111.437,47.2108],[-111.3834,47.2858],[-111.3295,47.3607],[-111.2755,47.4356],[-111.2214,47.5105],[-111.1671,47.5853],[-111.1127,47.6601],[-111.058,47.7349],[-111.0033,47.8097],[-110.9484,47.8844],[-110.8933,47.9591],[-110.838,48.0338],[-110.7826,48.1084],[-110.7271,48.1831],[-110.6714,48.2577],[-110.6155,48.3323],[-110.5594,48.4068],[-110.5032,48.4813],[-110.4468,48.5558],[-110.3903,48.6303],[-110.3336,48.7047],[-110.2767,48.7791],[-110.2197,48.8535],[-110.1624,48.9279],[-110.1382,48.9593]]}},{"type":"Feature","properties":{"ident":"Q126","type":"RNAV","run":1},"geometry":{"type":"LineString","coordinates":[[-121.0358,38.2058],[-120.9315,38.2207],[-120.8271,38.2356],[-120.7227,38.2503],[-120.6182,38.2649],[-120.5137,38.2795],[-120.4091,38.2939],[-120.3045,38.3083],[-120.1999,38.3225],[-120.0952,38.3367],[-119.9905,38.3508],[-119.8857,38.3647],[-119.7809,38.3786],[-119.6761,38.3924],[-119.5712,38.4061],[-119.4663,38.4197],[-119.3613,38.4332],[-119.2563,38.4467],[-119.1513,38.46],[-119.0462,38.4732],[-118.9411,38.4864],[-118.8359,38.4994],[-118.7308,38.5124],[-118.6255,38.5252],[-118.5203,38.538],[-118.415,38.5506],[-118.3096,38.5632],[-118.2344,38.5721],[-118.129,38.5846],[-118.0235,38.5969],[-117.918,38.6092],[-117.8125,38.6213],[-117.707,38.6334],[-117.6014,38.6453],[-117.4958,38.6572],[-117.3902,38.669],[-117.2981,38.6791],[-117.1939,38.697],[-117.0895,38.7148],[-116.9852,38.7326],[-116.8808,38.7502],[-116.7763,38.7677],[-116.6718,38.7851],[-116.5672,38.8025],[-116.4626,38.8197],[-116.3579,38.8369],[-116.2532,38.8539],[-116.1484,38.8709],[-116.0472,38.8872],[-115.9423,38.904],[-115.8374,38.9207],[-115.7324,38.9372],[-115.6274,38.9537],[-115.5223,38.9701],[-115.4172,38.9865],[-115.312,39.0027],[-115.2068,39.0188],[-115.1015,39.0348],[-114.9962,39.0507],[-114.8909,39.0666],[-114.7855,39.0823],[-114.684,39.0974],[-114.5785,39.1129],[-114.473,39.1284],[-114.3674,39.1437],[-114.2617,39.159],[-114.1561,39.1742],[-114.0503,39.1892],[-113.9446,39.2042],[-113.8387,39.2191],[-113.7329,39.2339],[-113.627,39.2486],[-113.521,39.2631],[-113.415,39.2776],[-113.309,39.292],[-113.25,39.3],[-113.1448,39.3177],[-113.0395,39.3353],[-112.9341,39.3529],[-112.8287,39.3703],[-112.7233,39.3876],[-112.6178,39.4049],[-112.5122,39.422],[-112.4066,39.439],[-112.301,39.456],[-112.1984,39.4724],[-112.0926,39.4891],[-111.9868,39.5058],[-111.881,39.5224],[-111.775,39.5388],[-111.6691,39.5552],[-111.5631,39.5715],[-111.457,39.5877],[-111.3509,39.6037],[-111.2448,39.6197],[-111.1417,39.6352],[-111.0354,39.651],[-110.9291,39.6666],[-110.8228,39.6822],[-110.7164,39.6978],[-110.6099,39.7132],[-110.5034,39.7285],[-110.3969,39.7437],[-110.2903,39.7588],[-110.1837,39.7738],[-110.0802,39.7883],[-109.9735,39.8031],[-109.8667,39.8178],[-109.7599,39.8325],[-109.653,39.847],[-109.5461,39.8614],[-109.4391,39.8757],[-109.3321,39.89],[-109.2251,39.9041],[-109.118,39.9181],[-109.0141,39.9317],[-108.9058,39.9387],[-108.7975,39.9457],[-108.6892,39.9526],[-108.5808,39.9594],[-108.4725,39.966],[-108.3641,39.9726],[-108.2557,39.9791],[-108.1472,39.9855],[-108.0388,39.9917],[-107.9303,39.9979],[-107.8218,40.004],[-107.7133,40.0099],[-107.6048,40.0158],[-107.4962,40.0216],[-107.3876,40.0272],[-107.2791,40.0328],[-107.1705,40.0382],[-107.0618,40.0436],[-106.9532,40.0488],[-106.8446,40.054],[-106.7359,40.0591],[-106.6272,40.064],[-106.5185,40.0689],[-106.4098,40.0736],[-106.301,40.0783],[-106.1923,40.0828],[-106.0835,40.0872],[-105.9748,40.0916],[-105.866,40.0958],[-105.7572,40.1],[-105.6484,40.104],[-105.5395,40.1079],[-105.4307,40.1118],[-105.3218,40.1155],[-105.213,40.1191],[-105.1041,40.1227],[-104.9952,40.1261],[-104.8863,40.1294],[-104.7774,40.1326],[-104.6685,40.1357],[-104.5596,40.1388],[-104.4506,40.1417],[-104.3908,40.1432]]}},{"type":"Feature","properties":{"ident":"Q127","type":"RNAV","run":1},"geometry":{"type":"LineString","coordinates":[[-78.153,38.0136],[-78.0638,38.0584],[-77.9744,38.1031],[-77.885,38.1477],[-77.7954,38.1922],[-77.7057,38.2367],[-77.6159,38.2811],[-77.526,38.3255],[-77.436,38.3698],[-77.3459,38.414],[-77.2557,38.4581],[-77.1653,38.5022],[-77.0749,38.5462],[-76.9843,38.5901],[-76.8937,38.634],[-76.8029,38.6778],[-76.7452,38.7056],[-76.6519,38.7462],[-76.6467,38.7485],[-76.5534,38.789],[-76.4599,38.8295],[-76.3663,38.87],[-76.2727,38.9103],[-76.1998,38.9416],[-76.1059,38.9818],[-76.0119,39.0219],[-75.9178,39.062],[-75.8236,39.1019],[-75.7293,39.1418],[-75.6349,39.1817],[-75.5404,39.2214],[-75.516,39.2317]]}},{"type":"Feature","properties":{"ident":"Q128","type":"RNAV","run":1},"geometry":{"type":"LineString","coordinates":[[-121.1031,37.9911],[-120.9994,38.0072],[-120.8956,38.0232],[-120.7917,38.0392],[-120.6879,38.0551],[-120.5839,38.0708],[-120.48,38.0865],[-120.3759,38.1021],[-120.2719,38.1176],[-120.1678,38.133],[-120.0636,38.1483],[-119.9594,38.1635],[-119.8552,38.1787],[-119.7509,38.1937],[-119.6466,38.2086],[-119.5423,38.2235],[-119.4378,38.2383],[-119.3334,38.2529],[-119.2289,38.2675],[-119.1244,38.282],[-119.0198,38.2964],[-118.9152,38.3107],[-118.8105,38.3249],[-118.7058,38.339],[-118.6011,38.353],[-118.4963,38.3669],[-118.3915,38.3807],[-118.2867,38.3945],[-118.1818,38.4081],[-118.0768,38.4217],[-117.9718,38.4351],[-117.8668,38.4485],[-117.7618,38.4618],[-117.6567,38.4749],[-117.5516,38.488],[-117.4464,38.501],[-117.3412,38.5139],[-117.2868,38.5205],[-117.1806,38.5261],[-117.0743,38.5316],[-116.968,38.537],[-116.8616,38.5422],[-116.7553,38.5474],[-116.6489,38.5525],[-116.5426,38.5575],[-116.4362,38.5624],[-116.3298,38.5672],[-116.2234,38.5719],[-116.117,38.5765],[-116.0105,38.581],[-115.9041,38.5855],[-115.7976,38.5898],[-115.6911,38.594],[-115.5847,38.5981],[-115.4782,38.6022],[-115.3716,38.6061],[-115.2651,38.6099],[-115.1586,38.6137],[-115.052,38.6173],[-114.9455,38.6209],[-114.8389,38.6243],[-114.7323,38.6277],[-114.6257,38.631],[-114.5191,38.6341],[-114.4125,38.6372],[-114.3059,38.6401],[-114.1993,38.643],[-114.0927,38.6458],[-113.986,38.6485],[-113.8794,38.6511],[-113.7727,38.6535],[-113.6661,38.6559],[-113.5594,38.6582],[-113.4527,38.6604],[-113.346,38.6625],[-113.2393,38.6645],[-113.1764,38.6656],[-113.0697,38.6675],[-112.963,38.6692],[-112.8563,38.6708],[-112.7496,38.6723],[-112.6429,38.6738],[-112.5362,38.6751],[-112.4294,38.6764],[-112.3227,38.6775],[-112.216,38.6785],[-112.1092,38.6795],[-112.0025,38.6803],[-111.8958,38.6811],[-111.789,38.6817],[-111.6823,38.6823],[-111.5755,38.6828],[-111.4688,38.6831],[-111.362,38.6834],[-111.2553,38.6836],[-111.1485,38.6837],[-111.0418,38.6836],[-110.935,38.6835],[-110.8283,38.6833],[-110.7215,38.683],[-110.6148,38.6826],[-110.508,38.6821],[-110.4013,38.6815],[-110.2946,38.6808],[-110.1878,38.68],[-110.0811,38.6791],[-109.9743,38.6781],[-109.9407,38.6777],[-109.8342,38.6725],[-109.7277,38.6671],[-109.6212,38.6617],[-109.5147,38.6562],[-109.4083,38.6505],[-109.3018,38.6448],[-109.1954,38.639],[-109.089,38.6331],[-108.9826,38.627],[-108.8762,38.6209],[-108.7699,38.6147],[-108.6635,38.6084],[-108.5572,38.602],[-108.4509,38.5955],[-108.3446,38.5889],[-108.2384,38.5822],[-108.1321,38.5754],[-108.0259,38.5686],[-107.9197,38.5616],[-107.8135,38.5545],[-107.7074,38.5473],[-107.6012,38.5401],[-107.4951,38.5327],[-107.389,38.5252],[-107.283,38.5177],[-107.1769,38.51],[-107.0709,38.5023],[-106.9649,38.4944],[-106.8589,38.4865],[-106.7529,38.4785],[-106.647,38.4703],[-106.5411,38.4621],[-106.4352,38.4538],[-106.3294,38.4454],[-106.2235,38.4369],[-106.1177,38.4283],[-106.0119,38.4196],[-105.9062,38.4108],[-105.8004,38.4019],[-105.6947,38.3929],[-105.5891,38.3838],[-105.4834,38.3747],[-105.3778,38.3654],[-105.2722,38.356],[-105.1666,38.3466],[-105.094,38.34],[-104.9889,38.3279],[-104.8838,38.3156],[-104.7788,38.3033],[-104.6738,38.2909],[-104.5689,38.2784],[-104.4639,38.2658],[-104.3591,38.2531],[-104.2542,38.2403],[-104.1494,38.2274],[-104.0446,38.2144],[-103.9399,38.2013],[-103.8352,38.1882],[-103.7305,38.1749],[-103.6259,38.1616],[-103.5213,38.1481],[-103.4168,38.1346],[-103.3123,38.1209],[-103.2078,38.1072],[-103.1034,38.0934],[-102.999,38.0795],[-102.8947,38.0655],[-102.7903,38.0514],[-102.6861,38.0372],[-102.5819,38.0229],[-102.4777,38.0086],[-102.3735,37.9941],[-102.3393,37.9893],[-102.2357,37.9731],[-102.132,37.9567],[-102.0284,37.9403],[-101.9249,37.9238],[-101.8214,37.9071],[-101.7179,37.8904],[-101.6145,37.8736],[-101.5111,37.8567],[-101.4078,37.8397],[-101.3046,37.8226],[-101.2013,37.8055],[-101.0982,37.7882],[-100.9951,37.7709],[-100.892,37.7534],[-100.789,37.7359],[-100.686,37.7183],[-100.5831,37.7006],[-100.4802,37.6828],[-100.3773,37.6649],[-100.2746,37.6469],[-100.1718,37.6289],[-100.0692,37.6107],[-99.9665,37.5925],[-99.864,37.5742],[-99.7614,37.5557],[-99.659,37.5372],[-99.5565,37.5186],[-99.4542,37.5],[-99.3518,37.4812],[-99.2496,37.4623],[-99.1473,37.4434],[-99.0452,37.4243],[-98.9431,37.4052],[-98.841,37.386],[-98.739,37.3667],[-98.637,37.3473],[-98.5351,37.3279],[-98.4333,37.3083],[-98.3315,37.2886],[-98.2297,37.2689],[-98.128,37.2491],[-98.0264,37.2292],[-97.9248,37.2092],[-97.8233,37.1891],[-97.7218,37.1689],[-97.6204,37.1487],[-97.519,37.1283],[-97.4177,37.1079],[-97.3164,37.0874],[-97.2152,37.0668],[-97.1141,37.0461],[-97.013,37.0253],[-96.9119,37.0045],[-96.811,36.9835],[-96.71,36.9625],[-96.6092,36.9414],[-96.5083,36.9202],[-96.4076,36.8989],[-96.3069,36.8775],[-96.2062,36.8561],[-96.1056,36.8345],[-96.0124,36.8145],[-95.9144,36.7865],[-95.8164,36.7585],[-95.7185,36.7304],[-95.6207,36.7023],[-95.5229,36.674],[-95.4252,36.6457],[-95.3276,36.6173],[-95.2301,36.5888],[-95.1326,36.5602],[-95.0352,36.5315],[-94.9379,36.5028],[-94.8406,36.474],[-94.7434,36.4451],[-94.6463,36.4161],[-94.5493,36.3871],[-94.4523,36.358],[-94.3554,36.3288],[-94.2586,36.2995],[-94.1619,36.2701],[-94.1074,36.2535],[-94.0106,36.2244],[-93.9139,36.1952],[-93.8173,36.1659],[-93.7207,36.1365],[-93.6242,36.1071],[-93.5277,36.0775],[-93.4314,36.0479],[-93.3351,36.0183],[-93.2389,35.9885],[-93.1427,35.9587],[-93.0467,35.9287],[-92.9507,35.8988],[-92.8548,35.8687],[-92.7589,35.8386],[-92.6631,35.8083],[-92.5674,35.778],[-92.4718,35.7477],[-92.3762,35.7172],[-92.2807,35.6867],[-92.1853,35.6561],[-92.09,35.6254],[-91.9947,35.5947],[-91.9023,35.5648],[-91.8077,35.5328],[-91.7132,35.5008],[-91.6188,35.4687],[-91.5244,35.4366],[-91.4301,35.4044],[-91.3359,35.372],[-91.2417,35.3397],[-91.1477,35.3072],[-91.0537,35.2747],[-90.9597,35.2421],[-90.8659,35.2094],[-90.7721,35.1767],[-90.6784,35.1439],[-90.5848,35.111],[-90.4913,35.078],[-90.3978,35.045],[-90.3044,35.0119],[-90.2111,34.9787],[-90.1179,34.9455],[-90.1071,34.9416],[-90.0281,34.8892],[-89.9492,34.8367],[-89.8704,34.7842],[-89.7917,34.7317],[-89.7131,34.6791],[-89.6346,34.6264],[-89.5562,34.5737],[-89.4779,34.5209],[-89.3997,34.4681],[-89.3216,34.4152],[-89.2436,34.3623],[-89.1657,34.3094],[-89.0878,34.2563],[-89.0101,34.2033],[-88.9325,34.1502],[-88.855,34.097],[-88.7776,34.0438],[-88.7003,33.9905],[-88.623,33.9372],[-88.5459,33.8839],[-88.4689,33.8305],[-88.3919,33.777],[-88.3151,33.7235],[-88.2383,33.67],[-88.1617,33.6164],[-88.0851,33.5628],[-88.0087,33.5091],[-87.9323,33.4553],[-87.856,33.4016],[-87.7799,33.3477],[-87.7464,33.3241]]}},{"type":"Feature","properties":{"ident":"Q129","type":"RNAV","run":1},"geometry":{"type":"LineString","coordinates":[[-77.9816,33.8764],[-77.9786,33.9596],[-77.9756,34.0429],[-77.9726,34.1262],[-77.9696,34.2095],[-77.9666,34.2928],[-77.9636,34.3761],[-77.9605,34.4594],[-77.9575,34.5427],[-77.9545,34.626],[-77.9514,34.7093],[-77.9484,34.7926],[-77.9453,34.8759],[-77.9423,34.9592],[-77.9392,35.0424],[-77.9361,35.1257],[-77.9331,35.209],[-77.93,35.2923],[-77.9291,35.3169],[-77.9359,35.4],[-77.9428,35.4832],[-77.9497,35.5663],[-77.9566,35.6495],[-77.9635,35.7326],[-77.9705,35.8157],[-77.9774,35.8989],[-77.9844,35.982],[-77.9913,36.0652],[-77.9983,36.1483],[-78.0053,36.2314],[-78.0124,36.3146],[-78.0178,36.3788],[-78.0248,36.4619],[-78.0319,36.5451],[-78.039,36.6282],[-78.0461,36.7113],[-78.0532,36.7945],[-78.0603,36.8776],[-78.0675,36.9607],[-78.0746,37.0439],[-78.0818,37.127],[-78.089,37.2101],[-78.0962,37.2933],[-78.1034,37.3764],[-78.1106,37.4595],[-78.1179,37.5427],[-78.1223,37.593],[-78.1292,37.6761],[-78.1361,37.7593],[-78.143,37.8424],[-78.1499,37.9256],[-78.1569,38.0087],[-78.1639,38.0919],[-78.1709,38.175],[-78.1779,38.2582],[-78.1849,38.3413],[-78.1919,38.4245],[-78.199,38.5076],[-78.206,38.5908],[-78.2131,38.6739],[-78.2202,38.7571],[-78.2273,38.8402],[-78.2345,38.9233],[-78.2416,39.0065],[-78.2488,39.0896],[-78.256,39.1728],[-78.2632,39.2559],[-78.2704,39.3391],[-78.2776,39.4222],[-78.2849,39.5053],[-78.2921,39.5885],[-78.2994,39.6716],[-78.3028,39.7106]]}},{"type":"Feature","properties":{"ident":"Q13","type":"RNAV","run":1},"geometry":{"type":"LineString","coordinates":[[-106.2819,31.8159],[-106.3548,31.8716],[-106.4279,31.9273],[-106.501,31.9829],[-106.5742,32.0385],[-106.6475,32.0941],[-106.7209,32.1496],[-106.7943,32.2051],[-106.8679,32.2605],[-106.9415,32.3159],[-107.0153,32.3712],[-107.0891,32.4265],[-107.163,32.4818],[-107.2371,32.537],[-107.3112,32.5921],[-107.3854,32.6473],[-107.4597,32.7023],[-107.534,32.7574],[-107.6085,32.8124],[-107.6831,32.8673],[-107.7577,32.9222],[-107.8325,32.9771],[-107.9073,33.0319],[-107.9822,33.0867],[-108.0573,33.1414],[-108.1324,33.1961],[-108.2076,33.2507],[-108.2829,33.3053],[-108.3583,33.3598],[-108.4338,33.4143],[-108.5094,33.4688],[-108.5851,33.5232],[-108.6609,33.5775],[-108.7368,33.6319],[-108.8127,33.6861],[-108.8888,33.7403],[-108.965,33.7945],[-109.0412,33.8486],[-109.1176,33.9027],[-109.1941,33.9568],[-109.2706,34.0107],[-109.3473,34.0647],[-109.424,34.1186],[-109.5009,34.1724],[-109.5778,34.2262],[-109.6272,34.2607],[-109.7279,34.2654],[-109.8286,34.2699],[-109.9293,34.2744],[-110.03,34.2789],[-110.1307,34.2832],[-110.2314,34.2874],[-110.3321,34.2916],[-110.4329,34.2957],[-110.5336,34.2997],[-110.6344,34.3036],[-110.7352,34.3075],[-110.8359,34.3112],[-110.9367,34.3149],[-111.0375,34.3185],[-111.1383,34.322],[-111.2392,34.3254],[-111.315,34.3279],[-111.4088,34.3586],[-111.5027,34.3893],[-111.5967,34.4198],[-111.6907,34.4503],[-111.7848,34.4807],[-111.879,34.511],[-111.9732,34.5413],[-112.0675,34.5715],[-112.1619,34.6016],[-112.2563,34.6317],[-112.3509,34.6616],[-112.4454,34.6915],[-112.4804,34.7026],[-112.5641,34.7495],[-112.648,34.7964],[-112.7319,34.8433],[-112.816,34.89],[-112.9001,34.9368],[-112.9843,34.9834],[-113.0687,35.03],[-113.1531,35.0766],[-113.2376,35.1231],[-113.321,35.1689],[-113.4057,35.2152],[-113.4906,35.2616],[-113.5755,35.3078],[-113.6605,35.354],[-113.7456,35.4002],[-113.8308,35.4463],[-113.9161,35.4923],[-113.943,35.5068],[-114.0335,35.5458],[-114.1241,35.5847],[-114.2148,35.6236],[-114.3055,35.6623],[-114.3964,35.701],[-114.4873,35.7397],[-114.5783,35.7783],[-114.6694,35.8168],[-114.7606,35.8552],[-114.8519,35.8936],[-114.9433,35.9319],[-115.0348,35.9701],[-115.1263,36.0083],[-115.218,36.0464],[-115.3097,36.0844],[-115.4015,36.1223],[-115.4934,36.1602],[-115.5854,36.198],[-115.6775,36.2358],[-115.7697,36.2735],[-115.8619,36.3111],[-115.9543,36.3486],[-116.0467,36.386],[-116.1393,36.4234],[-116.2319,36.4607],[-116.3246,36.498],[-116.4174,36.5352],[-116.5103,36.5723],[-116.6032,36.6093],[-116.6105,36.6122],[-116.668,36.6815],[-116.7256,36.7509],[-116.7833,36.8202],[-116.8411,36.8895],[-116.8991,36.9588],[-116.9571,37.0281],[-117.0153,37.0973],[-117.0735,37.1665],[-117.1319,37.2356],[-117.1706,37.2814],[-117.2336,37.348],[-117.2652,37.3813],[-117.3292,37.4473],[-117.3933,37.5133],[-117.4576,37.5792],[-117.522,37.6451],[-117.5865,37.711],[-117.6511,37.7768],[-117.656,37.7818],[-117.7207,37.8476],[-117.7856,37.9134],[-117.8505,37.9791],[-117.9156,38.0448],[-117.9808,38.1105],[-118.0461,38.1761],[-118.1115,38.2417],[-118.1771,38.3072],[-118.2428,38.3727],[-118.3086,38.4382],[-118.3745,38.5036],[-118.4405,38.569],[-118.5066,38.6344],[-118.5729,38.6997],[-118.6393,38.765],[-118.7058,38.8302],[-118.7724,38.8954],[-118.8392,38.9606],[-118.9061,39.0257],[-118.9731,39.0908],[-119.0402,39.1559],[-119.1064,39.2199],[-119.1375,39.2996],[-119.1688,39.3794],[-119.2001,39.4591],[-119.2315,39.5389],[-119.2629,39.6186],[-119.2944,39.6983],[-119.326,39.778],[-119.3577,39.8577],[-119.3894,39.9374],[-119.4212,40.0171],[-119.4531,40.0968],[-119.4851,40.1765],[-119.5171,40.2561],[-119.5492,40.3358],[-119.5814,40.4154],[-119.6137,40.495],[-119.646,40.5747],[-119.6784,40.6543],[-119.7109,40.7339],[-119.7435,40.8135],[-119.7762,40.8931],[-119.8089,40.9726],[-119.8417,41.0522],[-119.8746,41.1318],[-119.9075,41.2113],[-119.9406,41.2909],[-119.9737,41.3704],[-120.0,41.4333],[-120.0402,41.511],[-120.0806,41.5887],[-120.121,41.6664],[-120.1615,41.744],[-120.2021,41.8216],[-120.2428,41.8993],[-120.2837,41.9769],[-120.3246,42.0544],[-120.3656,42.132],[-120.4067,42.2096],[-120.4479,42.2871],[-120.4892,42.3646],[-120.5307,42.4422],[-120.5722,42.5197],[-120.6138,42.5971],[-120.6555,42.6746],[-120.6974,42.7521],[-120.7393,42.8295],[-120.7814,42.9069],[-120.8235,42.9843],[-120.8658,43.0617],[-120.9081,43.1391],[-120.9306,43.18]]}},{"type":"Feature","properties":{"ident":"Q130","type":"RNAV","run":1},"geometry":{"type":"LineString","coordinates":[[-121.1031,37.9911],[-120.9994,38.0072],[-120.8956,38.0232],[-120.7917,38.0392],[-120.6879,38.0551],[-120.5839,38.0708],[-120.48,38.0865],[-120.3759,38.1021],[-120.2719,38.1176],[-120.1678,38.133],[-120.0636,38.1483],[-119.9594,38.1635],[-119.8552,38.1787],[-119.7509,38.1937],[-119.6466,38.2086],[-119.5423,38.2235],[-119.4378,38.2383],[-119.3334,38.2529],[-119.2289,38.2675],[-119.1244,38.282],[-119.0198,38.2964],[-118.9152,38.3107],[-118.8105,38.3249],[-118.7058,38.339],[-118.6011,38.353],[-118.4963,38.3669],[-118.3915,38.3807],[-118.2867,38.3945],[-118.1818,38.4081],[-118.0768,38.4217],[-117.9718,38.4351],[-117.8668,38.4485],[-117.7618,38.4618],[-117.6567,38.4749],[-117.5516,38.488],[-117.4464,38.501],[-117.3412,38.5139],[-117.2868,38.5205],[-117.1804,38.5175],[-117.074,38.5143],[-116.9676,38.5111],[-116.8611,38.5077],[-116.7548,38.5043],[-116.6484,38.5008],[-116.542,38.4972],[-116.4356,38.4934],[-116.3293,38.4896],[-116.2229,38.4857],[-116.1166,38.4817],[-116.0103,38.4776],[-115.904,38.4734],[-115.7977,38.4691],[-115.6914,38.4647],[-115.5851,38.4602],[-115.4789,38.4556],[-115.3726,38.4509],[-115.2664,38.4461],[-115.1602,38.4413],[-115.054,38.4363],[-114.9478,38.4312],[-114.8417,38.4261],[-114.7355,38.4208],[-114.6294,38.4154],[-114.5233,38.41],[-114.4171,38.4045],[-114.3333,38.4],[-114.2315,38.3762],[-114.1297,38.3523],[-114.0279,38.3283],[-113.9262,38.3042],[-113.8246,38.28],[-113.7231,38.2558],[-113.6216,38.2314],[-113.5202,38.207],[-113.4189,38.1825],[-113.3176,38.1579],[-113.2164,38.1332],[-113.1153,38.1084],[-113.0142,38.0835],[-112.9132,38.0586],[-112.8123,38.0336],[-112.7114,38.0084],[-112.6107,37.9832],[-112.5099,37.9579],[-112.4093,37.9325],[-112.3087,37.9071],[-112.2082,37.8815],[-112.1078,37.8559],[-112.0074,37.8301],[-112.0,37.8282],[-111.8986,37.8053],[-111.7972,37.7823],[-111.6959,37.7591],[-111.5947,37.7359],[-111.4936,37.7126],[-111.3925,37.6893],[-111.2915,37.6658],[-111.1905,37.6423],[-111.0896,37.6186],[-110.9888,37.5949],[-110.888,37.5711],[-110.8835,37.57],[-110.7828,37.5461],[-110.6822,37.5222],[-110.5816,37.4981],[-110.4811,37.474],[-110.3806,37.4498],[-110.2802,37.4255],[-110.1799,37.4011],[-110.0797,37.3766],[-109.9795,37.352],[-109.8794,37.3274],[-109.7793,37.3027],[-109.6793,37.2779],[-109.5794,37.253],[-109.4795,37.228],[-109.3797,37.2029],[-109.28,37.1778],[-109.1804,37.1525],[-109.0808,37.1272],[-108.9812,37.1018],[-108.8818,37.0763],[-108.7955,37.0542],[-108.6962,37.0285],[-108.597,37.0028],[-108.4978,36.977],[-108.3986,36.9511],[-108.2996,36.9251],[-108.2006,36.899],[-108.1017,36.8729],[-108.0028,36.8467],[-107.904,36.8204],[-107.8053,36.794],[-107.7066,36.7675],[-107.6081,36.741],[-107.5095,36.7143],[-107.4111,36.6876],[-107.3127,36.6608],[-107.2144,36.6339],[-107.1162,36.607],[-107.018,36.58],[-106.9199,36.5528],[-106.8218,36.5256],[-106.7239,36.4984],[-106.626,36.471],[-106.5281,36.4436],[-106.4304,36.416],[-106.3327,36.3885],[-106.2351,36.3608],[-106.1375,36.333],[-106.04,36.3052],[-105.9555,36.281],[-105.8559,36.2585],[-105.7565,36.236],[-105.657,36.2133],[-105.5577,36.1906],[-105.4584,36.1678],[-105.3591,36.145],[-105.26,36.122],[-105.1608,36.099],[-105.0618,36.0759],[-104.9627,36.0527],[-104.8638,36.0294],[-104.7649,36.0061],[-104.6661,35.9826],[-104.5673,35.9591],[-104.4686,35.9355],[-104.3699,35.9118],[-104.2713,35.8881],[-104.1728,35.8642],[-104.0743,35.8403],[-103.9759,35.8163],[-103.8775,35.7922],[-103.8422,35.7835],[-103.7439,35.7594],[-103.6457,35.7351],[-103.5475,35.7108],[-103.4494,35.6864],[-103.3513,35.6619],[-103.2533,35.6374],[-103.1554,35.6127],[-103.0575,35.588],[-102.9597,35.5632],[-102.862,35.5383],[-102.7643,35.5134],[-102.6667,35.4883],[-102.5691,35.4632],[-102.4716,35.438],[-102.3741,35.4127],[-102.2768,35.3874],[-102.1794,35.362],[-102.0822,35.3365],[-101.985,35.3109],[-101.8878,35.2852],[-101.7908,35.2595],[-101.699,35.2351]]}},{"type":"Feature","properties":{"ident":"Q131","type":"RNAV","run":1},"geometry":{"type":"LineString","coordinates":[[-77.8691,33.7924],[-77.8486,33.874],[-77.8281,33.9556],[-77.8075,34.0371],[-77.7869,34.1187],[-77.7663,34.2003],[-77.7456,34.2818],[-77.7249,34.3634],[-77.7041,34.4449],[-77.6833,34.5265],[-77.6744,34.5613],[-77.6298,34.6361],[-77.5852,34.7109],[-77.5405,34.7857],[-77.4956,34.8605],[-77.4507,34.9352],[-77.4058,35.01],[-77.3607,35.0847],[-77.3156,35.1594],[-77.2703,35.2341],[-77.225,35.3087],[-77.1796,35.3834],[-77.1341,35.458],[-77.0886,35.5326],[-77.0429,35.6072],[-76.9972,35.6818],[-76.9514,35.7564],[-76.9055,35.8309],[-76.8595,35.9055],[-76.856,35.9111],[-76.807,35.9844],[-76.7579,36.0576],[-76.7088,36.1309],[-76.6595,36.2041],[-76.6101,36.2773],[-76.5607,36.3505],[-76.5111,36.4237],[-76.4615,36.4968],[-76.4118,36.5699],[-76.3619,36.643],[-76.312,36.7161],[-76.262,36.7892],[-76.2119,36.8622],[-76.1617,36.9352],[-76.1114,37.0082],[-76.061,37.0812],[-76.0342,37.1199],[-75.9916,37.196],[-75.949,37.2721],[-75.9062,37.3482],[-75.8634,37.4242],[-75.8205,37.5003],[-75.7775,37.5763],[-75.7344,37.6523],[-75.6912,37.7284],[-75.648,37.8043],[-75.6265,37.842]]}},{"type":"Feature","properties":{"ident":"Q132","type":"RNAV","run":1},"geometry":{"type":"LineString","coordinates":[[-120.35,39.4667],[-120.2613,39.5142],[-120.1725,39.5617],[-120.0836,39.6091],[-119.9946,39.6565],[-119.9054,39.7037],[-119.8162,39.751],[-119.7267,39.7981],[-119.6372,39.8452],[-119.5476,39.8922],[-119.4578,39.9391],[-119.4157,39.9611],[-119.3201,40.0008],[-119.2244,40.0405],[-119.1286,40.0801],[-119.0326,40.1196],[-118.9366,40.159],[-118.8405,40.1984],[-118.7442,40.2376],[-118.6478,40.2768],[-118.5514,40.3159],[-118.4548,40.3549],[-118.3731,40.3878],[-118.2716,40.4191],[-118.1701,40.4503],[-118.1167,40.4667],[-118.0112,40.4892],[-117.9056,40.5115],[-117.8,40.5338],[-117.6943,40.556],[-117.5885,40.5781],[-117.4827,40.6001],[-117.3768,40.622],[-117.2708,40.6439],[-117.1648,40.6656],[-117.0587,40.6872],[-116.9525,40.7087],[-116.8462,40.7301],[-116.7399,40.7514],[-116.6335,40.7727],[-116.5271,40.7938],[-116.4205,40.8148],[-116.3139,40.8358],[-116.2073,40.8566],[-116.2024,40.8575]]}},{"type":"Feature","properties":{"ident":"Q133","type":"RNAV","run":1},"geometry":{"type":"LineString","coordinates":[[-75.9636,37.6057],[-75.9059,37.6754],[-75.8482,37.7451],[-75.7903,37.8148],[-75.7323,37.8844],[-75.6743,37.954],[-75.6161,38.0236],[-75.5578,38.0931],[-75.4994,38.1627],[-75.4408,38.2322],[-75.4092,38.2697],[-75.3918,38.3519],[-75.3744,38.4341],[-75.3569,38.5163],[-75.3394,38.5985],[-75.3218,38.6807],[-75.3043,38.7629],[-75.3025,38.7711],[-75.2508,38.8441],[-75.199,38.917],[-75.1471,38.9899],[-75.0951,39.0628],[-75.043,39.1356],[-74.9908,39.2085],[-74.9531,39.2609],[-74.8911,39.3291],[-74.8291,39.3972],[-74.7669,39.4653],[-74.7046,39.5334],[-74.6422,39.6014],[-74.5796,39.6694],[-74.517,39.7374],[-74.4542,39.8053],[-74.3913,39.8732],[-74.3282,39.9411],[-74.2651,40.0089],[-74.2135,40.0642],[-74.1501,40.1319],[-74.0866,40.1997],[-74.0229,40.2673],[-73.9592,40.335],[-73.9495,40.3453],[-73.9029,40.4207],[-73.8563,40.4961],[-73.8096,40.5715],[-73.7714,40.6329],[-73.7478,40.7143],[-73.7241,40.7956],[-73.7003,40.877],[-73.6765,40.9584],[-73.6527,41.0397],[-73.6287,41.1211],[-73.6048,41.2024],[-73.5807,41.2838],[-73.5806,41.2841],[-73.5694,41.367],[-73.5582,41.4499],[-73.547,41.5329],[-73.5357,41.6158],[-73.5244,41.6987],[-73.5131,41.7816],[-73.5018,41.8645],[-73.4904,41.9474],[-73.479,42.0303],[-73.4675,42.1131],[-73.4561,42.196],[-73.4446,42.2789],[-73.433,42.3618],[-73.4215,42.4447],[-73.4099,42.5276],[-73.3982,42.6105],[-73.3866,42.6934],[-73.3749,42.7763],[-73.3632,42.8592],[-73.3514,42.942],[-73.344,42.9943],[-73.3514,43.0775],[-73.3589,43.1606],[-73.3663,43.2438],[-73.3738,43.3269],[-73.3813,43.4101],[-73.3889,43.4932],[-73.3964,43.5764],[-73.404,43.6595],[-73.408,43.7036],[-73.4174,43.7866],[-73.4268,43.8697],[-73.4363,43.9527],[-73.4458,44.0358],[-73.4553,44.1188],[-73.4648,44.2019],[-73.4744,44.2849],[-73.484,44.368],[-73.4936,44.451],[-73.5033,44.534],[-73.5129,44.6171],[-73.5226,44.7001],[-73.5228,44.7017]]}},{"type":"Feature","properties":{"ident":"Q134","type":"RNAV","run":1},"geometry":{"type":"LineString","coordinates":[[-120.6679,37.865],[-120.5642,37.8807],[-120.4605,37.8963],[-120.3568,37.9119],[-120.253,37.9273],[-120.1491,37.9427],[-120.0452,37.9579],[-119.9413,37.9731],[-119.8373,37.9882],[-119.7333,38.0032],[-119.6292,38.018],[-119.5251,38.0329],[-119.421,38.0476],[-119.3168,38.0622],[-119.2126,38.0767],[-119.1083,38.0911],[-119.004,38.1055],[-118.8997,38.1197],[-118.7953,38.1339],[-118.6908,38.148],[-118.5864,38.1619],[-118.4819,38.1758],[-118.3773,38.1896],[-118.2727,38.2033],[-118.1681,38.2169],[-118.0634,38.2304],[-117.9587,38.2438],[-117.854,38.2571],[-117.7492,38.2704],[-117.6444,38.2835],[-117.5395,38.2966],[-117.4346,38.3095],[-117.3297,38.3224],[-117.2806,38.3283],[-117.1775,38.3485],[-117.0743,38.3685],[-116.9711,38.3885],[-116.8679,38.4084],[-116.7645,38.4281],[-116.6612,38.4478],[-116.5577,38.4674],[-116.4543,38.4869],[-116.3507,38.5063],[-116.2471,38.5257],[-116.1435,38.5449],[-116.0398,38.564],[-115.936,38.5831],[-115.8322,38.602],[-115.7283,38.6209],[-115.6244,38.6397],[-115.5204,38.6583],[-115.4163,38.6769],[-115.3123,38.6954],[-115.2081,38.7138],[-115.1039,38.7321],[-114.9997,38.7504],[-114.8954,38.7685],[-114.791,38.7865],[-114.6866,38.8045],[-114.5821,38.8223],[-114.4776,38.8401],[-114.373,38.8577],[-114.2684,38.8753],[-114.1638,38.8928],[-114.059,38.9102],[-113.9543,38.9274],[-113.8494,38.9446],[-113.7446,38.9617],[-113.6396,38.9787],[-113.5347,38.9957],[-113.4296,39.0125],[-113.3246,39.0292],[-113.2194,39.0458],[-113.1143,39.0624],[-113.009,39.0788],[-112.9038,39.0952],[-112.7985,39.1114],[-112.6931,39.1276],[-112.5877,39.1436],[-112.5257,39.153],[-112.4203,39.1691],[-112.3148,39.1851],[-112.2092,39.2011],[-112.1037,39.2169],[-111.998,39.2326],[-111.8923,39.2482],[-111.7866,39.2638],[-111.6808,39.2792],[-111.575,39.2946],[-111.4691,39.3098],[-111.3632,39.325],[-111.2573,39.34],[-111.1513,39.355],[-111.0452,39.3698],[-110.9391,39.3846],[-110.833,39.3993],[-110.7268,39.4139],[-110.6206,39.4283],[-110.5143,39.4427],[-110.408,39.457],[-110.3016,39.4712],[-110.1952,39.4853],[-110.0888,39.4993],[-109.9853,39.5128],[-109.8781,39.5229],[-109.7708,39.533],[-109.6636,39.5429],[-109.5563,39.5527],[-109.4489,39.5625],[-109.3415,39.5721],[-109.2341,39.5817],[-109.1267,39.5911],[-109.0193,39.6005],[-108.9118,39.6097],[-108.8042,39.6188],[-108.6967,39.6279],[-108.5891,39.6368],[-108.4815,39.6457],[-108.3739,39.6544],[-108.2662,39.6631],[-108.1586,39.6716],[-108.0508,39.6801],[-107.9431,39.6885],[-107.8354,39.6967],[-107.7276,39.7049],[-107.6198,39.7129],[-107.5119,39.7209],[-107.4041,39.7287],[-107.2962,39.7365],[-107.1883,39.7441],[-107.0803,39.7517],[-106.9724,39.7591],[-106.8644,39.7665],[-106.7564,39.7738],[-106.6484,39.7809],[-106.5403,39.788],[-106.5327,39.7885]]}},{"type":"Feature","properties":{"ident":"Q135","type":"RNAV","run":1},"geometry":{"type":"LineString","coordinates":[[-80.6272,32.7111],[-80.5529,32.7662],[-80.4784,32.8212],[-80.4038,32.8761],[-80.3292,32.931],[-80.2544,32.9859],[-80.1796,33.0407],[-80.1047,33.0955],[-80.0297,33.1503],[-79.9545,33.205],[-79.8793,33.2596],[-79.804,33.3142],[-79.7454,33.3566],[-79.6699,33.4112],[-79.5944,33.4656],[-79.5187,33.5201],[-79.4429,33.5745],[-79.3671,33.6288],[-79.2999,33.6768],[-79.2239,33.7311],[-79.1478,33.7854],[-79.0716,33.8396],[-78.9954,33.8938],[-78.919,33.9479],[-78.8425,34.0019],[-78.766,34.0559],[-78.6893,34.1099],[-78.6126,34.1638],[-78.5357,34.2177],[-78.4882,34.2509],[-78.4216,34.3135],[-78.3548,34.376],[-78.2879,34.4384],[-78.221,34.5008],[-78.1539,34.5632],[-78.0867,34.6256],[-78.0195,34.6879],[-77.9521,34.7502],[-77.8847,34.8124],[-77.8252,34.8672],[-77.7595,34.9307],[-77.6936,34.9942],[-77.6277,35.0577],[-77.5617,35.1212],[-77.5434,35.1388]]}},{"type":"Feature","properties":{"ident":"Q136","type":"RNAV","run":1},"geometry":{"type":"LineString","coordinates":[[-117.7705,38.0033],[-117.6691,38.027],[-117.5676,38.0507],[-117.4661,38.0743],[-117.3646,38.0978],[-117.2708,38.1194],[-117.1692,38.1431],[-117.0676,38.1666],[-116.9659,38.19],[-116.8641,38.2133],[-116.7622,38.2366],[-116.6603,38.2597],[-116.5583,38.2828],[-116.4562,38.3058],[-116.3541,38.3287],[-116.3333,38.3333],[-116.2301,38.3531],[-116.1269,38.3728],[-116.0235,38.3924],[-115.9202,38.4119],[-115.8167,38.4313],[-115.7132,38.4506],[-115.6097,38.4698],[-115.5061,38.489],[-115.4024,38.508],[-115.2987,38.527],[-115.1949,38.5458],[-115.0946,38.564],[-114.9908,38.5826],[-114.8868,38.6012],[-114.7829,38.6197],[-114.6788,38.6381],[-114.5747,38.6564],[-114.4706,38.6746],[-114.3664,38.6928],[-114.2621,38.7108],[-114.1578,38.7287],[-114.0535,38.7466],[-113.9491,38.7643],[-113.8482,38.7814],[-113.7437,38.7989],[-113.6392,38.8164],[-113.5346,38.8338],[-113.4299,38.8511],[-113.3252,38.8683],[-113.2204,38.8854],[-113.1156,38.9024],[-113.0107,38.9193],[-112.9058,38.9361],[-112.8009,38.9528],[-112.6959,38.9694],[-112.5908,38.986],[-112.4857,39.0024],[-112.3848,39.0181],[-112.2796,39.0343],[-112.1743,39.0505],[-112.069,39.0665],[-111.9637,39.0825],[-111.8583,39.0984],[-111.7528,39.1141],[-111.6473,39.1298],[-111.5418,39.1454],[-111.4362,39.1609],[-111.3306,39.1763],[-111.2249,39.1916],[-111.1192,39.2068],[-111.0134,39.2219],[-110.9278,39.234],[-110.8219,39.249],[-110.716,39.2638],[-110.6101,39.2786],[-110.5041,39.2932],[-110.3981,39.3078],[-110.292,39.3222],[-110.1859,39.3366],[-110.0797,39.3509],[-109.9735,39.365],[-109.9675,39.3658],[-109.8613,39.3805],[-109.7552,39.3951],[-109.649,39.4095],[-109.5427,39.4239],[-109.4364,39.4381],[-109.3301,39.4523],[-109.2237,39.4664],[-109.1173,39.4804],[-109.0108,39.4943],[-108.9043,39.508],[-108.7978,39.5217],[-108.6912,39.5353],[-108.5846,39.5488],[-108.4779,39.5622],[-108.3712,39.5755],[-108.2669,39.5884],[-108.1601,39.6015],[-108.0532,39.6145],[-107.9463,39.6274],[-107.8394,39.6402],[-107.7325,39.6529],[-107.6255,39.6655],[-107.5184,39.678],[-107.4114,39.6905],[-107.3043,39.7028],[-107.1971,39.715],[-107.0899,39.7271],[-106.9827,39.7391],[-106.8754,39.7511],[-106.7681,39.7629],[-106.6608,39.7746],[-106.5534,39.7862],[-106.5327,39.7885],[-106.425,39.798],[-106.3172,39.8075],[-106.2094,39.8169],[-106.1016,39.8261],[-105.9937,39.8353],[-105.8858,39.8444],[-105.7779,39.8534],[-105.67,39.8622],[-105.562,39.871],[-105.454,39.8797],[-105.346,39.8882],[-105.2491,39.8959],[-105.141,39.9042],[-105.033,39.9125],[-104.9248,39.9207],[-104.8167,39.9288],[-104.7085,39.9367],[-104.6003,39.9446],[-104.4921,39.9524],[-104.3838,39.96],[-104.2756,39.9676],[-104.1673,39.9751],[-104.0589,39.9825],[-103.9506,39.9897],[-103.8422,39.9969],[-103.7339,40.004],[-103.6397,40.01],[-103.5312,40.0169],[-103.4228,40.0237],[-103.3143,40.0303],[-103.2058,40.0369],[-103.0973,40.0434],[-102.9887,40.0497],[-102.8802,40.056],[-102.7716,40.0622],[-102.663,40.0682],[-102.5544,40.0742],[-102.4458,40.0801],[-102.3371,40.0858],[-102.2285,40.0915],[-102.1198,40.097],[-102.0111,40.1025],[-101.9023,40.1078],[-101.7936,40.1131],[-101.6848,40.1182],[-101.5761,40.1233],[-101.4673,40.1282],[-101.3715,40.1325],[-101.2644,40.148],[-101.1572,40.1634],[-101.05,40.1787],[-100.9428,40.1939],[-100.8355,40.209],[-100.7281,40.224],[-100.6208,40.2389],[-100.5133,40.2538],[-100.4058,40.2685],[-100.2983,40.2831],[-100.1907,40.2976],[-100.0831,40.312],[-99.9754,40.3263],[-99.8677,40.3405],[-99.76,40.3546],[-99.6522,40.3686],[-99.5443,40.3826],[-99.4364,40.3964],[-99.3285,40.4101],[-99.2205,40.4237],[-99.1652,40.4306],[-99.0572,40.4441],[-98.9491,40.4574],[-98.841,40.4707],[-98.7328,40.4838],[-98.6246,40.4969],[-98.5163,40.5098],[-98.408,40.5227],[-98.2997,40.5354],[-98.1913,40.5481],[-98.0829,40.5606],[-97.9744,40.5731],[-97.9438,40.5766],[-97.8354,40.5898],[-97.7271,40.603],[-97.6187,40.616],[-97.5102,40.629],[-97.4017,40.6418],[-97.2932,40.6546],[-97.1846,40.6672],[-97.076,40.6798],[-96.9768,40.6912],[-96.8677,40.7017],[-96.7587,40.7122],[-96.6496,40.7225],[-96.5405,40.7327],[-96.4313,40.7429],[-96.3221,40.7529],[-96.2129,40.7628],[-96.1036,40.7726],[-95.9943,40.7824],[-95.9525,40.7861],[-95.8433,40.7965],[-95.7341,40.8069],[-95.6248,40.8172],[-95.5501,40.8241],[-95.4408,40.8342],[-95.3314,40.8442],[-95.2221,40.8541],[-95.1127,40.8639],[-95.0032,40.8736],[-94.8937,40.8832],[-94.8479,40.8872],[-94.7384,40.8966],[-94.6289,40.9059],[-94.5193,40.9151],[-94.4097,40.9242],[-94.3315,40.9307],[-94.2219,40.9398],[-94.1122,40.9488],[-94.0025,40.9578],[-93.8928,40.9666],[-93.7905,40.9747]]}},{"type":"Feature","properties":{"ident":"Q138","type":"RNAV","run":1},"geometry":{"type":"LineString","coordinates":[[-122.0273,39.0712],[-121.9327,39.1107],[-121.8381,39.1501],[-121.7433,39.1894],[-121.6485,39.2287],[-121.5535,39.2679],[-121.4585,39.307],[-121.3633,39.346],[-121.268,39.385],[-121.1726,39.4239],[-121.0771,39.4627],[-120.9815,39.5014],[-120.8858,39.54],[-120.79,39.5786],[-120.6941,39.6171],[-120.598,39.6555],[-120.5019,39.6938],[-120.4057,39.732],[-120.3093,39.7702],[-120.2129,39.8083],[-120.188,39.8181],[-120.0915,39.8562],[-119.9949,39.8943],[-119.8981,39.9322],[-119.8013,39.9701],[-119.7044,40.0079],[-119.6074,40.0456],[-119.5102,40.0832],[-119.413,40.1208],[-119.3156,40.1583],[-119.2242,40.1933],[-119.1285,40.2334],[-119.0328,40.2735],[-118.9369,40.3134],[-118.8409,40.3533],[-118.7448,40.3931],[-118.6485,40.4328],[-118.5522,40.4724],[-118.4558,40.5119],[-118.3592,40.5514],[-118.2625,40.5908],[-118.1657,40.6301],[-118.0688,40.6693],[-117.9718,40.7084],[-117.8747,40.7475],[-117.7774,40.7865],[-117.759,40.7938],[-117.6565,40.8241],[-117.5538,40.8543],[-117.451,40.8844],[-117.3482,40.9144],[-117.2452,40.9443],[-117.1422,40.9741],[-117.0391,41.0038],[-116.9358,41.0335],[-116.8325,41.063],[-116.7291,41.0924],[-116.6256,41.1218],[-116.522,41.1511],[-116.4183,41.1802],[-116.3145,41.2093],[-116.2162,41.2368],[-116.1141,41.2692],[-116.0118,41.3015],[-115.9095,41.3338],[-115.8071,41.3659],[-115.7046,41.398],[-115.602,41.4299],[-115.4993,41.4618],[-115.3965,41.4936],[-115.2936,41.5253],[-115.1906,41.5569],[-115.0874,41.5884],[-115.036,41.6041],[-114.9338,41.6372],[-114.8314,41.6703],[-114.7289,41.7033],[-114.6264,41.7362],[-114.5237,41.769],[-114.4209,41.8017],[-114.318,41.8343],[-114.215,41.8668],[-114.1119,41.8993],[-114.0087,41.9316],[-113.9054,41.9638],[-113.802,41.996],[-113.6985,42.0281],[-113.5948,42.06],[-113.4911,42.0919],[-113.3873,42.1237],[-113.2833,42.1554],[-113.1793,42.187],[-113.0751,42.2185],[-112.9709,42.2499],[-112.8665,42.2812],[-112.7621,42.3124],[-112.6575,42.3435],[-112.5529,42.3745],[-112.4481,42.4055],[-112.3432,42.4363],[-112.2383,42.4671],[-112.1332,42.4977],[-112.028,42.5282],[-111.9227,42.5587],[-111.8174,42.589],[-111.7119,42.6193],[-111.6063,42.6495],[-111.5006,42.6795],[-111.3948,42.7095],[-111.2889,42.7394],[-111.1829,42.7691],[-111.0768,42.7988],[-110.9706,42.8284],[-110.8643,42.8579],[-110.8403,42.8645],[-110.7335,42.8932],[-110.6267,42.9217],[-110.5197,42.9502],[-110.4126,42.9786],[-110.3054,43.0068],[-110.1982,43.035],[-110.0908,43.063],[-109.9833,43.091],[-109.8758,43.1189],[-109.7681,43.1466],[-109.6603,43.1743],[-109.5525,43.2018],[-109.4445,43.2293],[-109.3365,43.2567],[-109.2283,43.2839],[-109.1201,43.3111],[-109.0117,43.3381],[-108.9033,43.3651],[-108.7947,43.3919],[-108.6861,43.4186],[-108.5774,43.4453],[-108.4686,43.4718],[-108.3596,43.4982],[-108.2506,43.5246],[-108.1415,43.5508],[-108.0323,43.5769],[-107.923,43.6029],[-107.8136,43.6288],[-107.7041,43.6547],[-107.5946,43.6804],[-107.4849,43.706],[-107.3751,43.7314],[-107.2653,43.7568],[-107.1553,43.7821],[-107.0452,43.8073],[-107.0417,43.8081],[-106.9317,43.8334],[-106.8216,43.8587],[-106.7114,43.8838],[-106.6011,43.9089],[-106.4907,43.9338],[-106.3802,43.9586],[-106.2696,43.9833],[-106.159,44.0079],[-106.0482,44.0324],[-105.9374,44.0568],[-105.8264,44.0811],[-105.7154,44.1053],[-105.6042,44.1293],[-105.493,44.1533],[-105.3817,44.1771],[-105.2703,44.2009],[-105.1588,44.2245],[-105.0473,44.248],[-104.9356,44.2715],[-104.8239,44.2948],[-104.712,44.318],[-104.6001,44.3411],[-104.4881,44.364],[-104.376,44.3869],[-104.2638,44.4097],[-104.1515,44.4323],[-104.0391,44.4549],[-103.9267,44.4773],[-103.8141,44.4996],[-103.7015,44.5218],[-103.5888,44.5439],[-103.476,44.5659],[-103.3631,44.5878],[-103.2501,44.6096],[-103.1371,44.6312],[-103.024,44.6528],[-102.9107,44.6742],[-102.7974,44.6955],[-102.6841,44.7167],[-102.5706,44.7378],[-102.457,44.7588],[-102.4287,44.764],[-102.3138,44.7811],[-102.1988,44.798],[-102.0838,44.8148],[-101.9687,44.8315],[-101.8535,44.8481],[-101.7383,44.8646],[-101.623,44.8809],[-101.5076,44.8971],[-101.3922,44.9133],[-101.2767,44.9293],[-101.1611,44.9451],[-101.0455,44.9609],[-100.9298,44.9766],[-100.8141,44.9921],[-100.6983,45.0075],[-100.5824,45.0228],[-100.4665,45.038],[-100.3505,45.0531],[-100.2344,45.068],[-100.1183,45.0829],[-100.0021,45.0976],[-99.8859,45.1122],[-99.7696,45.1267],[-99.6532,45.141],[-99.5368,45.1553],[-99.4203,45.1694],[-99.3038,45.1834],[-99.1872,45.1973],[-99.0706,45.211],[-98.9539,45.2247],[-98.8371,45.2382],[-98.7203,45.2516],[-98.6034,45.2649],[-98.4865,45.2781],[-98.3696,45.2912],[-98.2525,45.3041],[-98.1354,45.3169],[-98.0183,45.3296],[-97.9011,45.3422],[-97.7839,45.3546],[-97.6666,45.367],[-97.6242,45.3714],[-97.507,45.3842],[-97.3897,45.397],[-97.2724,45.4096],[-97.155,45.4221],[-97.0376,45.4344],[-96.9201,45.4467],[-96.8026,45.4588],[-96.685,45.4708],[-96.5674,45.4827],[-96.4497,45.4944],[-96.332,45.5061],[-96.2142,45.5176],[-96.0964,45.529],[-95.9785,45.5403],[-95.8606,45.5514],[-95.7427,45.5625],[-95.6246,45.5734],[-95.5066,45.5842],[-95.3885,45.5949],[-95.2704,45.6054],[-95.1522,45.6158],[-95.0339,45.6261],[-94.9157,45.6363],[-94.7973,45.6464],[-94.679,45.6563],[-94.5606,45.6661],[-94.4422,45.6758],[-94.3237,45.6854],[-94.258,45.6907],[-94.1398,45.7019],[-94.0215,45.7131],[-93.9032,45.7242],[-93.7849,45.7351],[-93.6665,45.7459],[-93.5481,45.7566],[-93.4296,45.7671],[-93.3111,45.7776],[-93.1925,45.7879],[-93.0739,45.7981],[-92.9552,45.8081],[-92.8365,45.8181],[-92.7178,45.8279],[-92.599,45.8376],[-92.4802,45.8472],[-92.3613,45.8566],[-92.2424,45.866],[-92.1831,45.8706],[-92.0645,45.8822],[-91.946,45.8937],[-91.8273,45.905],[-91.7087,45.9163],[-91.6822,45.9188],[-91.5636,45.9305],[-91.4449,45.9422],[-91.3262,45.9537],[-91.2075,45.9651],[-91.0887,45.9763],[-91.0378,45.9811],[-90.9189,45.9922],[-90.8,46.0032],[-90.6811,46.0141],[-90.5621,46.0249],[-90.443,46.0355],[-90.3239,46.046],[-90.2048,46.0564],[-90.0856,46.0666],[-89.9664,46.0768],[-89.8471,46.0868],[-89.7278,46.0967],[-89.6085,46.1064],[-89.4891,46.1161],[-89.3697,46.1256],[-89.2502,46.135],[-89.1307,46.1442],[-89.0111,46.1534],[-88.8915,46.1624],[-88.7719,46.1713],[-88.6522,46.18],[-88.5325,46.1887],[-88.4127,46.1972],[-88.293,46.2056],[-88.1731,46.2138],[-88.0533,46.222],[-87.9334,46.23],[-87.8135,46.2379],[-87.6935,46.2457],[-87.5735,46.2533],[-87.4535,46.2608],[-87.3334,46.2682],[-87.2133,46.2754],[-87.0932,46.2826],[-86.973,46.2896],[-86.8528,46.2965],[-86.7326,46.3032],[-86.6124,46.3099],[-86.4921,46.3164],[-86.3718,46.3227],[-86.2515,46.329],[-86.1311,46.3351],[-86.0107,46.3411],[-85.8903,46.347],[-85.7699,46.3528],[-85.6494,46.3584],[-85.5289,46.3639],[-85.4084,46.3692],[-85.2879,46.3745],[-85.1673,46.3796],[-85.0468,46.3846],[-84.9262,46.3894],[-84.8055,46.3942],[-84.6849,46.3988],[-84.5642,46.4033],[-84.4436,46.4076],[-84.3229,46.4118],[-84.3149,46.4121]]}},{"type":"Feature","properties":{"ident":"Q139","type":"RNAV","run":1},"geometry":{"type":"LineString","coordinates":[[-86.3198,32.2224],[-86.3509,32.3015],[-86.3822,32.3805],[-86.4134,32.4596],[-86.4447,32.5386],[-86.4761,32.6176],[-86.5075,32.6967],[-86.539,32.7757],[-86.5706,32.8547],[-86.6022,32.9337],[-86.6338,33.0127],[-86.6655,33.0916],[-86.6973,33.1706],[-86.7291,33.2496],[-86.761,33.3285],[-86.793,33.4075],[-86.825,33.4864],[-86.857,33.5653],[-86.8891,33.6442],[-86.8997,33.6701],[-86.8927,33.7533],[-86.8856,33.8364],[-86.8786,33.9195],[-86.8715,34.0026],[-86.8644,34.0858],[-86.8573,34.1689],[-86.8502,34.252],[-86.8431,34.3351],[-86.8359,34.4182],[-86.8288,34.5014],[-86.8216,34.5845],[-86.8144,34.6676],[-86.8072,34.7507],[-86.8,34.8338],[-86.7928,34.917],[-86.7856,35.0001],[-86.7855,35.0009],[-86.7782,35.084],[-86.7709,35.1671],[-86.7636,35.2503],[-86.7563,35.3334],[-86.749,35.4165],[-86.7416,35.4996],[-86.7343,35.5827],[-86.7269,35.6658],[-86.7195,35.7489],[-86.7121,35.8321],[-86.7047,35.9152],[-86.6972,35.9983],[-86.6898,36.0814],[-86.6848,36.1368],[-86.643,36.213],[-86.6012,36.2892],[-86.5593,36.3654],[-86.5173,36.4416],[-86.4752,36.5177],[-86.433,36.5938],[-86.3908,36.67],[-86.3485,36.7461],[-86.306,36.8222],[-86.2635,36.8982],[-86.221,36.9743],[-86.1783,37.0503],[-86.1355,37.1264],[-86.0927,37.2024],[-86.0498,37.2784],[-86.0067,37.3544],[-85.9636,37.4303],[-85.9204,37.5063],[-85.8772,37.5822],[-85.8338,37.6581],[-85.7903,37.7341],[-85.7468,37.8099],[-85.7032,37.8858],[-85.6594,37.9617],[-85.6156,38.0375],[-85.5774,38.1035],[-85.5276,38.177],[-85.4776,38.2505],[-85.4275,38.324],[-85.3773,38.3974],[-85.327,38.4708],[-85.2766,38.5442],[-85.2261,38.6176],[-85.1755,38.691],[-85.1703,38.6985],[-85.1196,38.7719],[-85.0687,38.8452],[-85.0178,38.9185],[-84.9668,38.9918],[-84.948,39.0186],[-84.8968,39.0918],[-84.8455,39.1651],[-84.7941,39.2383],[-84.7426,39.3114],[-84.691,39.3846],[-84.6393,39.4577],[-84.5875,39.5308],[-84.5355,39.6039],[-84.4835,39.6769],[-84.4313,39.75],[-84.379,39.823],[-84.3267,39.896],[-84.3087,39.9209],[-84.2562,39.9939],[-84.2035,40.0668],[-84.1507,40.1397],[-84.0977,40.2125],[-84.0447,40.2854],[-84.0429,40.2878]]}},{"type":"Feature","properties":{"ident":"Q140","type":"RNAV","run":1},"geometry":{"type":"LineString","coordinates":[[-122.8296,48.6003],[-122.7038,48.5954],[-122.5781,48.5903],[-122.4523,48.5851],[-122.3266,48.5798],[-122.201,48.5743],[-122.0753,48.5687],[-121.9497,48.563],[-121.8241,48.5571],[-121.6985,48.5511],[-121.573,48.5449],[-121.4475,48.5386],[-121.322,48.5322],[-121.1966,48.5256],[-121.0712,48.5189],[-120.9458,48.5121],[-120.8205,48.5051],[-120.6951,48.498],[-120.5699,48.4908],[-120.4446,48.4834],[-120.3195,48.4759],[-120.1943,48.4682],[-120.0692,48.4605],[-119.9441,48.4525],[-119.819,48.4445],[-119.694,48.4363],[-119.5691,48.428],[-119.5275,48.4252],[-119.4027,48.4159],[-119.278,48.4066],[-119.1533,48.3971],[-119.0286,48.3875],[-118.904,48.3777],[-118.7795,48.3679],[-118.6549,48.3578],[-118.5305,48.3477],[-118.4061,48.3374],[-118.2817,48.327],[-118.1574,48.3164],[-118.0332,48.3057],[-117.9089,48.2949],[-117.7848,48.2839],[-117.6607,48.2728],[-117.5367,48.2616],[-117.4127,48.2502],[-117.2887,48.2387],[-117.1649,48.2271],[-117.041,48.2154],[-116.9173,48.2035],[-116.7936,48.1914],[-116.6727,48.1796],[-116.5489,48.1687],[-116.425,48.1576],[-116.3013,48.1465],[-116.1775,48.1352],[-116.0539,48.1237],[-115.9303,48.1122],[-115.8067,48.1005],[-115.6832,48.0887],[-115.5597,48.0767],[-115.4364,48.0646],[-115.313,48.0524],[-115.1898,48.04],[-115.0666,48.0275],[-114.9434,48.0149],[-114.8203,48.0022],[-114.6973,47.9893],[-114.6057,47.9796],[-114.4831,47.9652],[-114.3605,47.9506],[-114.2381,47.936],[-114.1157,47.9212],[-113.9934,47.9062],[-113.8711,47.8912],[-113.749,47.876],[-113.6269,47.8606],[-113.5048,47.8452],[-113.3829,47.8296],[-113.261,47.8139],[-113.1392,47.7981],[-113.0175,47.7821],[-112.8958,47.766],[-112.7742,47.7498],[-112.6527,47.7334],[-112.5313,47.7169],[-112.4099,47.7003],[-112.2887,47.6836],[-112.1675,47.6667],[-112.1606,47.6658],[-112.0392,47.6498],[-111.9178,47.6338],[-111.7965,47.6176],[-111.6753,47.6012],[-111.5542,47.5848],[-111.4331,47.5682],[-111.3122,47.5515],[-111.1913,47.5347],[-111.0704,47.5177],[-110.9497,47.5007],[-110.829,47.4834],[-110.7084,47.4661],[-110.5879,47.4486],[-110.4675,47.4311],[-110.3471,47.4133],[-110.2269,47.3955],[-110.1458,47.3834],[-110.0227,47.3825],[-109.8997,47.3815],[-109.7766,47.3804],[-109.6536,47.3791],[-109.5305,47.3777],[-109.4075,47.3762],[-109.2845,47.3745],[-109.1614,47.3727],[-109.0384,47.3708],[-108.9154,47.3687],[-108.7924,47.3665],[-108.6695,47.3642],[-108.5465,47.3617],[-108.4235,47.3591],[-108.3006,47.3564],[-108.1776,47.3536],[-108.0547,47.3506],[-107.9318,47.3475],[-107.8089,47.3442],[-107.6861,47.3408],[-107.5632,47.3373],[-107.4404,47.3337],[-107.3175,47.3299],[-107.1947,47.326],[-107.0719,47.322],[-106.9492,47.3178],[-106.8264,47.3135],[-106.7037,47.3091],[-106.581,47.3046],[-106.4583,47.2999],[-106.3356,47.295],[-106.213,47.2901],[-106.0904,47.285],[-105.9678,47.2798],[-105.8452,47.2745],[-105.7227,47.269],[-105.6001,47.2634],[-105.4776,47.2577],[-105.3552,47.2518],[-105.2327,47.2458],[-105.1103,47.2397],[-104.9879,47.2334],[-104.9776,47.2329],[-104.8549,47.2307],[-104.7323,47.2283],[-104.6096,47.2258],[-104.487,47.2232],[-104.3643,47.2204],[-104.2417,47.2176],[-104.1191,47.2145],[-103.9965,47.2114],[-103.874,47.2081],[-103.7514,47.2047],[-103.6289,47.2012],[-103.5063,47.1975],[-103.3838,47.1937],[-103.2613,47.1898],[-103.1389,47.1857],[-103.0164,47.1816],[-102.894,47.1772],[-102.7716,47.1728],[-102.6492,47.1682],[-102.5268,47.1635],[-102.4045,47.1587],[-102.2821,47.1537],[-102.1598,47.1486],[-102.0375,47.1434],[-101.9153,47.138],[-101.7931,47.1325],[-101.6709,47.1269],[-101.5487,47.1212],[-101.4265,47.1153],[-101.3044,47.1093],[-101.1823,47.1031],[-101.0602,47.0969],[-100.9382,47.0905],[-100.8162,47.0839],[-100.7955,47.0828],[-100.6739,47.0734],[-100.5524,47.0639],[-100.4309,47.0542],[-100.3095,47.0444],[-100.188,47.0345],[-100.0667,47.0245],[-99.9454,47.0143],[-99.8241,47.004],[-99.7029,46.9936],[-99.5817,46.983],[-99.4606,46.9723],[-99.3395,46.9615],[-99.2185,46.9506],[-99.0975,46.9395],[-98.9766,46.9283],[-98.8557,46.917],[-98.7349,46.9055],[-98.6141,46.8939],[-98.4934,46.8822],[-98.3727,46.8704],[-98.2521,46.8584],[-98.1315,46.8464],[-98.011,46.8341],[-97.8906,46.8218],[-97.7702,46.8093],[-97.6498,46.7968],[-97.5296,46.784],[-97.4093,46.7712],[-97.2892,46.7582],[-97.1691,46.7451],[-97.049,46.7319],[-96.929,46.7186],[-96.8091,46.7051],[-96.6892,46.6915],[-96.6858,46.6911],[-96.5676,46.6721],[-96.4494,46.653],[-96.3313,46.6338],[-96.2133,46.6144],[-96.0954,46.5949],[-95.9775,46.5753],[-95.8598,46.5556],[-95.7421,46.5357],[-95.6245,46.5158],[-95.507,46.4957],[-95.3896,46.4755],[-95.2723,46.4551],[-95.155,46.4347],[-95.0379,46.4141],[-94.9208,46.3934],[-94.8039,46.3726],[-94.687,46.3517],[-94.5702,46.3306],[-94.4535,46.3095],[-94.3369,46.2882],[-94.2203,46.2668],[-94.1039,46.2453],[-93.9876,46.2236],[-93.8713,46.2019],[-93.7552,46.18],[-93.6391,46.158],[-93.5232,46.1359],[-93.4073,46.1137],[-93.2915,46.0913],[-93.1758,46.0689],[-93.0602,46.0463],[-92.9447,46.0236],[-92.8293,46.0008],[-92.714,45.9779],[-92.5988,45.9548],[-92.4837,45.9317],[-92.3687,45.9084],[-92.2537,45.885],[-92.1831,45.8706],[-92.0678,45.8481],[-91.9527,45.8256],[-91.8376,45.8029],[-91.7227,45.7802],[-91.6078,45.7573],[-91.493,45.7343],[-91.3784,45.7111],[-91.2638,45.6879],[-91.1493,45.6645],[-91.0349,45.6411],[-90.9206,45.6175],[-90.8064,45.5938],[-90.6923,45.57],[-90.5783,45.5461],[-90.4644,45.522],[-90.3506,45.4979],[-90.2369,45.4736],[-90.1233,45.4493],[-90.0098,45.4248],[-89.8964,45.4002],[-89.783,45.3755],[-89.6698,45.3507],[-89.5567,45.3257],[-89.465,45.3054],[-89.352,45.2803],[-89.2392,45.2551],[-89.1264,45.2298],[-89.0137,45.2044],[-88.9012,45.1789],[-88.7887,45.1532],[-88.7661,45.1481],[-88.6525,45.1253],[-88.539,45.1024],[-88.4255,45.0793],[-88.3122,45.0562],[-88.1989,45.033],[-88.0858,45.0096],[-87.9727,44.9861],[-87.8597,44.9625],[-87.7468,44.9389],[-87.634,44.9151],[-87.5213,44.8911],[-87.4087,44.8671],[-87.2962,44.843],[-87.1838,44.8187],[-87.0715,44.7944],[-86.9592,44.7699],[-86.8471,44.7453],[-86.7351,44.7206],[-86.6231,44.6959],[-86.5113,44.6709],[-86.3995,44.6459],[-86.2879,44.6208],[-86.1763,44.5956],[-86.0649,44.5702],[-85.9535,44.5448],[-85.8423,44.5192],[-85.7311,44.4936],[-85.62,44.4678],[-85.5091,44.4419],[-85.3982,44.4159],[-85.2874,44.3898],[-85.1767,44.3636],[-85.0662,44.3373],[-84.9557,44.3109],[-84.8453,44.2844],[-84.7351,44.2578],[-84.6249,44.231],[-84.5148,44.2042],[-84.4048,44.1773],[-84.3731,44.1695],[-84.2571,44.1748],[-84.1412,44.1801],[-84.0252,44.1852],[-83.9092,44.1902],[-83.7932,44.1951],[-83.6771,44.1999],[-83.5611,44.2046],[-83.445,44.2091],[-83.3289,44.2136],[-83.2128,44.2179],[-83.0967,44.2221],[-82.9805,44.2262],[-82.8644,44.2301],[-82.7482,44.234],[-82.632,44.2377],[-82.5158,44.2413],[-82.3996,44.2448],[-82.2833,44.2482],[-82.2689,44.2486],[-82.127,44.2217],[-81.9853,44.1946],[-81.8437,44.1674],[-81.7022,44.14],[-81.5609,44.1124],[-81.4196,44.0846],[-81.2786,44.0567],[-81.1376,44.0286],[-80.9968,44.0003],[-80.8561,43.9719],[-80.7156,43.9432],[-80.5752,43.9144],[-80.4349,43.8855],[-80.2947,43.8563],[-80.1547,43.827],[-80.0149,43.7975],[-79.9042,43.7739],[-79.7936,43.7502],[-79.6831,43.7264],[-79.5726,43.7024],[-79.4623,43.6784],[-79.352,43.6542],[-79.3492,43.6536],[-79.1477,43.5974],[-78.9467,43.5408],[-78.8396,43.5105],[-78.7628,43.4886],[-78.6559,43.4582],[-78.5491,43.4276],[-78.4425,43.3969],[-78.3359,43.3662],[-78.2295,43.3353],[-78.1264,43.3053],[-78.027,43.264],[-77.9278,43.2225],[-77.8286,43.1811],[-77.7296,43.1395],[-77.6308,43.0978],[-77.532,43.056],[-77.4334,43.0142],[-77.335,42.9723],[-77.2367,42.9303],[-77.1542,42.895],[-77.0567,42.8521],[-76.9847,42.8204],[-76.8874,42.7774],[-76.7903,42.7343],[-76.6932,42.6911],[-76.6184,42.6577],[-76.5216,42.6144],[-76.425,42.571],[-76.3285,42.5275],[-76.3043,42.5166],[-76.2079,42.473],[-76.1117,42.4294],[-76.0157,42.3857],[-75.9197,42.3419],[-75.8239,42.298],[-75.7844,42.2799],[-75.6888,42.2359],[-75.5933,42.1918],[-75.4979,42.1477],[-75.4027,42.1035],[-75.3168,42.0635],[-75.2109,42.0359],[-75.1051,42.0083],[-74.9993,41.9805],[-74.8937,41.9527],[-74.7882,41.9248],[-74.6827,41.8967],[-74.5971,41.8739],[-74.4916,41.8459],[-74.3863,41.8179],[-74.2811,41.7898],[-74.1759,41.7616],[-74.0709,41.7333],[-74.0313,41.7226]]}},{"type":"Feature","properties":{"ident":"Q141","type":"RNAV","run":1},"geometry":{"type":"LineString","coordinates":[[-77.1327,37.3322],[-77.0975,37.4107],[-77.0623,37.4892],[-77.0622,37.4893],[-77.0269,37.5678],[-76.9915,37.6463],[-76.9561,37.7248],[-76.9205,37.8032],[-76.8849,37.8817],[-76.8492,37.9601],[-76.8446,37.9702],[-76.7681,38.0277],[-76.6915,38.0852],[-76.6147,38.1426],[-76.5378,38.2],[-76.4608,38.2573],[-76.4138,38.2922],[-76.3499,38.3587],[-76.2858,38.4252],[-76.2216,38.4917],[-76.1573,38.5581],[-76.0929,38.6245],[-76.0283,38.6909],[-75.9841,38.7362],[-75.8917,38.7781],[-75.7992,38.8199],[-75.7066,38.8616],[-75.6364,38.8931]]}},{"type":"Feature","properties":{"ident":"Q142","type":"RNAV","run":1},"geometry":{"type":"LineString","coordinates":[[-120.15,48.1333],[-120.0275,48.1175],[-119.905,48.1015],[-119.7826,48.0854],[-119.6602,48.0691],[-119.538,48.0527],[-119.4158,48.0362],[-119.2937,48.0196],[-119.1717,48.0028],[-119.0498,47.9859],[-118.9279,47.9689],[-118.8062,47.9517],[-118.6845,47.9344],[-118.5629,47.917],[-118.4413,47.8995],[-118.3199,47.8818],[-118.1985,47.864],[-118.0772,47.8461],[-117.956,47.828],[-117.8349,47.8099],[-117.7139,47.7916],[-117.593,47.7731],[-117.4721,47.7546],[-117.3514,47.7359],[-117.2307,47.7171],[-117.1101,47.6981],[-116.9896,47.679],[-116.8692,47.6599],[-116.7488,47.6405],[-116.6286,47.6211],[-116.5084,47.6015],[-116.3884,47.5818],[-116.2684,47.562],[-116.1485,47.542],[-116.0288,47.522],[-115.9091,47.5018],[-115.7895,47.4815],[-115.67,47.461],[-115.6461,47.4569],[-115.5229,47.4533],[-115.3998,47.4496],[-115.2767,47.4457],[-115.1537,47.4417],[-115.0306,47.4376],[-114.9076,47.4334],[-114.7846,47.429],[-114.6616,47.4244],[-114.5386,47.4198],[-114.4157,47.415],[-114.2927,47.4101],[-114.1698,47.4051],[-114.047,47.3999],[-113.9241,47.3946],[-113.8013,47.3891],[-113.6785,47.3836],[-113.5557,47.3779],[-113.433,47.372],[-113.3102,47.3661],[-113.1875,47.36],[-113.0649,47.3538],[-112.9422,47.3474],[-112.881,47.3442],[-112.7587,47.3351],[-112.6365,47.3259],[-112.5144,47.3165],[-112.3923,47.307],[-112.2702,47.2974],[-112.1482,47.2877],[-112.0262,47.2778],[-111.9043,47.2678],[-111.7824,47.2577],[-111.6606,47.2474],[-111.5388,47.237],[-111.4171,47.2265],[-111.2954,47.2159],[-111.1738,47.2051],[-111.0522,47.1942],[-110.9306,47.1831],[-110.8091,47.172],[-110.6877,47.1607],[-110.5663,47.1493],[-110.445,47.1377],[-110.3237,47.126],[-110.2025,47.1142],[-110.0813,47.1023],[-109.9602,47.0903],[-109.8391,47.0781],[-109.7181,47.0658],[-109.5972,47.0533],[-109.5936,47.053],[-109.472,47.0446],[-109.3503,47.0361],[-109.2287,47.0274],[-109.1072,47.0187],[-108.9856,47.0098],[-108.8642,47.0007],[-108.7427,46.9916],[-108.6213,46.9823],[-108.5,46.9729],[-108.3787,46.9634],[-108.2574,46.9537],[-108.1362,46.9439],[-108.015,46.934],[-107.8939,46.9239],[-107.7728,46.9138],[-107.6517,46.9034],[-107.5308,46.893],[-107.4098,46.8825],[-107.2889,46.8718],[-107.1681,46.861],[-107.0473,46.85],[-106.9265,46.8389],[-106.8058,46.8278],[-106.6852,46.8164],[-106.5646,46.805],[-106.444,46.7934],[-106.3235,46.7817],[-106.2031,46.7699],[-106.0827,46.7579],[-105.9623,46.7458],[-105.8421,46.7336],[-105.7218,46.7213],[-105.6017,46.7088],[-105.4815,46.6963],[-105.3615,46.6835],[-105.2415,46.6707],[-105.1215,46.6577],[-105.0016,46.6447],[-104.8818,46.6315],[-104.762,46.6181],[-104.6423,46.6047],[-104.5908,46.5988]]}},{"type":"Feature","properties":{"ident":"Q143","type":"RNAV","run":1},"geometry":{"type":"LineString","coordinates":[[-113.5,37.9333],[-113.5654,37.9988],[-113.6309,38.0643],[-113.6965,38.1297],[-113.7622,38.1951],[-113.828,38.2604],[-113.894,38.3257],[-113.9601,38.391],[-114.0263,38.4562],[-114.0926,38.5214],[-114.159,38.5865],[-114.2256,38.6516],[-114.2922,38.7167],[-114.2961,38.7205],[-114.3629,38.7855],[-114.4298,38.8505],[-114.4969,38.9154],[-114.5641,38.9804],[-114.6314,39.0452],[-114.6988,39.1101],[-114.7663,39.1749],[-114.834,39.2396],[-114.9018,39.3044],[-114.9697,39.3691],[-115.0378,39.4337],[-115.1059,39.4983],[-115.1742,39.5629],[-115.2427,39.6274],[-115.2711,39.6542],[-115.2711,39.7375],[-115.2711,39.8208],[-115.2711,39.9042],[-115.2711,39.9875],[-115.2711,40.0708],[-115.2711,40.1542],[-115.2711,40.2375],[-115.2711,40.3208],[-115.2711,40.4042],[-115.2711,40.451],[-115.2495,40.5327],[-115.2278,40.6144],[-115.2061,40.6961],[-115.1843,40.7777],[-115.1625,40.8594],[-115.1406,40.9411],[-115.1186,41.0228],[-115.0966,41.1044],[-115.0746,41.1861],[-115.0525,41.2677],[-115.0303,41.3494],[-115.0081,41.431],[-114.9858,41.5127],[-114.9635,41.5943],[-114.9411,41.6759],[-114.9187,41.7576],[-114.8962,41.8392],[-114.8811,41.8937],[-114.8806,41.977],[-114.88,42.0604],[-114.8794,42.1437],[-114.8789,42.227],[-114.8783,42.3104],[-114.8777,42.3937],[-114.8772,42.477],[-114.8766,42.5603],[-114.876,42.6437],[-114.8755,42.721]]}},{"type":"Feature","properties":{"ident":"Q144","type":"RNAV","run":1},"geometry":{"type":"LineString","coordinates":[[-120.4181,47.5389],[-120.2949,47.5333],[-120.1718,47.5277],[-120.0487,47.5219],[-119.9256,47.5159],[-119.8026,47.5098],[-119.6795,47.5036],[-119.5566,47.4973],[-119.4336,47.4908],[-119.3107,47.4842],[-119.1878,47.4775],[-119.0649,47.4707],[-118.9421,47.4637],[-118.8193,47.4565],[-118.6965,47.4493],[-118.5738,47.4419],[-118.4511,47.4344],[-118.3284,47.4267],[-118.3094,47.4255],[-118.1863,47.4214],[-118.0633,47.4172],[-117.9404,47.4129],[-117.8174,47.4084],[-117.6945,47.4038],[-117.5716,47.3991],[-117.4487,47.3942],[-117.3258,47.3892],[-117.203,47.384],[-117.0801,47.3788],[-116.9573,47.3734],[-116.8346,47.3679],[-116.7118,47.3622],[-116.5891,47.3564],[-116.4664,47.3505],[-116.3438,47.3444],[-116.2211,47.3382],[-116.0985,47.3319],[-115.9759,47.3255],[-115.8534,47.3189],[-115.7309,47.3122],[-115.6084,47.3054],[-115.4859,47.2984],[-115.3635,47.2913],[-115.2411,47.2841],[-115.1188,47.2767],[-115.0,47.2694],[-114.8775,47.2748],[-114.7549,47.2801],[-114.6323,47.2852],[-114.5097,47.2902],[-114.387,47.2951],[-114.2644,47.2998],[-114.1417,47.3045],[-114.0189,47.3089],[-113.8962,47.3133],[-113.7735,47.3175],[-113.6507,47.3216],[-113.5279,47.3255],[-113.4051,47.3293],[-113.2822,47.333],[-113.1594,47.3366],[-113.0365,47.34],[-112.9137,47.3433],[-112.881,47.3442],[-112.7581,47.3473],[-112.6352,47.3504],[-112.5122,47.3533],[-112.3893,47.356],[-112.2664,47.3587],[-112.1434,47.3612],[-112.0204,47.3635],[-111.8974,47.3658],[-111.7745,47.3679],[-111.6515,47.3699],[-111.5284,47.3717],[-111.4054,47.3734],[-111.2824,47.375],[-111.1594,47.3765],[-111.0363,47.3778],[-110.9133,47.379],[-110.7902,47.38],[-110.6672,47.3809],[-110.5441,47.3817],[-110.421,47.3824],[-110.298,47.3829],[-110.1749,47.3833],[-110.1458,47.3834]]}},{"type":"Feature","properties":{"ident":"Q145","type":"RNAV","run":1},"geometry":{"type":"LineString","coordinates":[[-82.1368,37.5054],[-82.1029,37.5843],[-82.0689,37.6632],[-82.0349,37.742],[-82.0008,37.8209],[-81.9666,37.8997],[-81.9323,37.9785],[-81.898,38.0573],[-81.8636,38.1361],[-81.8291,38.2149],[-81.7945,38.2937],[-81.7699,38.3497],[-81.7354,38.4285],[-81.7007,38.5073],[-81.666,38.5861],[-81.6313,38.6648],[-81.5964,38.7436],[-81.5615,38.8224],[-81.5264,38.9011],[-81.4914,38.9798],[-81.4562,39.0586],[-81.4209,39.1373],[-81.3856,39.216],[-81.3502,39.2947],[-81.3147,39.3734],[-81.2792,39.452],[-81.2435,39.5307],[-81.242,39.5339],[-81.2074,39.6129],[-81.1727,39.6918],[-81.1379,39.7707],[-81.103,39.8496],[-81.0681,39.9285],[-81.0331,40.0074],[-80.9979,40.0863],[-80.9627,40.1652],[-80.9275,40.244],[-80.8921,40.3229],[-80.8567,40.4017],[-80.8212,40.4805],[-80.7855,40.5593],[-80.7499,40.6381],[-80.7141,40.7169],[-80.6782,40.7957],[-80.6423,40.8745],[-80.6062,40.9532],[-80.5701,41.032],[-80.5339,41.1107],[-80.4976,41.1894],[-80.4956,41.1939]]}},{"type":"Feature","properties":{"ident":"Q146","type":"RNAV","run":1},"geometry":{"type":"LineString","coordinates":[[-120.4584,47.4059],[-120.3369,47.3926],[-120.2154,47.3792],[-120.094,47.3657],[-119.9727,47.352],[-119.8514,47.3382],[-119.7302,47.3243],[-119.609,47.3103],[-119.4879,47.2961],[-119.3669,47.2818],[-119.2459,47.2674],[-119.125,47.2528],[-119.0042,47.2381],[-118.8834,47.2233],[-118.7627,47.2084],[-118.6421,47.1933],[-118.5216,47.1781],[-118.4011,47.1628],[-118.2807,47.1473],[-118.1603,47.1318],[-118.04,47.1161],[-117.9198,47.1002],[-117.7997,47.0843],[-117.6796,47.0682],[-117.6614,47.0658],[-117.5392,47.0622],[-117.417,47.0586],[-117.2948,47.0548],[-117.1727,47.0508],[-117.0505,47.0468],[-116.9284,47.0426],[-116.8063,47.0383],[-116.6842,47.0338],[-116.5621,47.0293],[-116.44,47.0245],[-116.318,47.0197],[-116.196,47.0147],[-116.074,47.0097],[-115.9521,47.0044],[-115.8301,46.9991],[-115.7082,46.9936],[-115.5863,46.988],[-115.4645,46.9822],[-115.3426,46.9764],[-115.2208,46.9704],[-115.099,46.9642],[-114.9773,46.958],[-114.8556,46.9516],[-114.7339,46.9451],[-114.6895,46.9427],[-114.5674,46.9438],[-114.4454,46.9447],[-114.3233,46.9456],[-114.2013,46.9463],[-114.0792,46.9469],[-113.9571,46.9473],[-113.8351,46.9477],[-113.713,46.9479],[-113.5909,46.9479],[-113.4689,46.9479],[-113.3468,46.9477],[-113.2248,46.9473],[-113.1027,46.9469],[-112.9806,46.9463],[-112.8586,46.9456],[-112.7365,46.9447],[-112.6145,46.9438],[-112.4924,46.9427],[-112.3704,46.9414],[-112.2484,46.9401],[-112.1263,46.9386],[-112.0172,46.9371],[-111.8953,46.9341],[-111.7733,46.9309],[-111.6514,46.9277],[-111.5295,46.9242],[-111.4076,46.9207],[-111.2857,46.917],[-111.1638,46.9132],[-111.042,46.9093],[-110.9202,46.9052],[-110.7984,46.901],[-110.6766,46.8967],[-110.5548,46.8923],[-110.4331,46.8877],[-110.3113,46.883],[-110.1896,46.8781],[-110.0857,46.8739],[-109.9639,46.8707],[-109.8421,46.8673],[-109.7203,46.8638],[-109.5986,46.8602],[-109.4769,46.8565],[-109.3551,46.8526],[-109.2334,46.8486],[-109.1117,46.8445],[-108.9901,46.8402],[-108.8684,46.8358],[-108.7468,46.8313],[-108.6252,46.8267],[-108.5036,46.8219],[-108.382,46.817],[-108.2605,46.812],[-108.139,46.8068],[-108.0175,46.8015],[-107.896,46.7961],[-107.7746,46.7906],[-107.6532,46.7849],[-107.5318,46.7791],[-107.4104,46.7732],[-107.289,46.7671],[-107.1677,46.7609],[-107.0465,46.7546],[-106.9252,46.7482],[-106.804,46.7416],[-106.6828,46.7349],[-106.5616,46.7281],[-106.4405,46.7211],[-106.3194,46.7141],[-106.1983,46.7068],[-106.0772,46.6995],[-105.9562,46.692],[-105.8353,46.6845],[-105.7143,46.6767],[-105.5934,46.6689],[-105.4726,46.6609],[-105.3517,46.6528],[-105.2309,46.6446],[-105.1102,46.6362],[-104.9895,46.6277],[-104.8688,46.6191],[-104.7481,46.6104],[-104.6275,46.6015],[-104.5908,46.5988],[-104.4697,46.5935],[-104.3487,46.5881],[-104.2278,46.5826],[-104.1068,46.5769],[-103.9859,46.5712],[-103.865,46.5652],[-103.7441,46.5592],[-103.6232,46.553],[-103.5024,46.5467],[-103.3816,46.5403],[-103.2609,46.5338],[-103.1401,46.5271],[-103.0194,46.5203],[-102.8987,46.5134],[-102.7781,46.5063],[-102.6575,46.4991],[-102.5369,46.4918],[-102.4164,46.4844],[-102.2958,46.4768],[-102.1754,46.4691],[-102.0549,46.4613],[-101.9345,46.4534],[-101.8141,46.4453],[-101.6938,46.4371],[-101.5735,46.4288],[-101.4532,46.4203],[-101.333,46.4117],[-101.2128,46.403],[-101.0927,46.3942],[-100.9725,46.3853],[-100.9083,46.3804],[-100.7894,46.3659],[-100.6705,46.3512],[-100.5517,46.3364],[-100.433,46.3214],[-100.3143,46.3064],[-100.1958,46.2912],[-100.0772,46.2759],[-99.9588,46.2605],[-99.8404,46.2449],[-99.722,46.2292],[-99.6038,46.2134],[-99.4856,46.1975],[-99.3675,46.1815],[-99.2494,46.1653],[-99.1314,46.1491],[-99.0135,46.1327],[-98.8957,46.1161],[-98.7779,46.0995],[-98.6602,46.0827],[-98.5426,46.0659],[-98.425,46.0489],[-98.3075,46.0317],[-98.1901,46.0145],[-98.0728,45.9971],[-97.9555,45.9796],[-97.8383,45.962],[-97.7212,45.9443],[-97.6042,45.9265],[-97.569,45.9211],[-97.4526,45.9013],[-97.3364,45.8813],[-97.2202,45.8613],[-97.1041,45.8412],[-96.9881,45.8209],[-96.8722,45.8005],[-96.7564,45.78],[-96.6406,45.7594],[-96.525,45.7386],[-96.4094,45.7178],[-96.2939,45.6968],[-96.1785,45.6757],[-96.0632,45.6545],[-95.948,45.6332],[-95.8328,45.6117],[-95.7178,45.5902],[-95.6028,45.5685],[-95.488,45.5467],[-95.3732,45.5248],[-95.2585,45.5028],[-95.1439,45.4807],[-95.0294,45.4584],[-94.9149,45.4361],[-94.8006,45.4136],[-94.6864,45.391],[-94.5722,45.3683],[-94.4582,45.3455],[-94.3442,45.3226],[-94.2303,45.2995],[-94.1166,45.2764],[-94.0029,45.2531],[-93.8893,45.2297],[-93.7758,45.2062],[-93.6624,45.1826],[-93.5491,45.1589],[-93.4916,45.1468]]}},{"type":"Feature","properties":{"ident":"Q147","type":"RNAV","run":1},"geometry":{"type":"LineString","coordinates":[[-81.9269,35.0335],[-81.9231,35.1168],[-81.9193,35.2],[-81.9155,35.2833],[-81.9117,35.3666],[-81.9079,35.4499],[-81.9041,35.5331],[-81.9003,35.6164],[-81.8964,35.6997],[-81.8926,35.7829],[-81.8888,35.8662],[-81.8849,35.9495],[-81.881,36.0328],[-81.8771,36.116],[-81.8733,36.1993],[-81.8694,36.2826],[-81.8655,36.3658],[-81.8616,36.4491],[-81.8576,36.5324],[-81.8537,36.6157],[-81.8498,36.6989],[-81.8458,36.7822],[-81.8419,36.8655],[-81.8379,36.9487],[-81.834,37.032],[-81.83,37.1153],[-81.826,37.1985],[-81.822,37.2818],[-81.818,37.3651],[-81.814,37.4483],[-81.81,37.5316],[-81.8068,37.5961],[-81.8028,37.6794],[-81.7987,37.7627],[-81.7947,37.8459],[-81.7906,37.9292],[-81.7865,38.0125],[-81.7824,38.0957],[-81.7783,38.179],[-81.7742,38.2623],[-81.7701,38.3455],[-81.7699,38.3497],[-81.7755,38.4329],[-81.781,38.5161],[-81.7866,38.5993],[-81.7922,38.6825],[-81.7976,38.7637],[-81.8032,38.8469],[-81.8089,38.9301],[-81.8145,39.0133],[-81.8201,39.0965],[-81.8258,39.1797],[-81.8315,39.263],[-81.8372,39.3462],[-81.8429,39.4294],[-81.8486,39.5126],[-81.8543,39.5958],[-81.8601,39.679],[-81.8623,39.7108],[-81.8769,39.7933],[-81.8916,39.8759],[-81.9043,39.947],[-81.9191,40.0296],[-81.9339,40.1121],[-81.9488,40.1947],[-81.9637,40.2772],[-81.9727,40.3274],[-81.9877,40.41],[-81.9949,40.4496],[-82.0098,40.5322],[-82.0129,40.5488],[-82.0279,40.6313],[-82.043,40.7139],[-82.0581,40.7964],[-82.0732,40.879],[-82.0884,40.9615],[-82.1037,41.044],[-82.1189,41.1266],[-82.1342,41.2091],[-82.1496,41.2916],[-82.162,41.3581]]}},{"type":"Feature","properties":{"ident":"Q148","type":"RNAV","run":1},"geometry":{"type":"LineString","coordinates":[[-120.5361,47.2485],[-120.4168,47.229],[-120.2975,47.2094],[-120.1784,47.1896],[-120.0593,47.1698],[-120.0449,47.1674],[-119.9245,47.152],[-119.8042,47.1364],[-119.6839,47.1207],[-119.5636,47.1049],[-119.4435,47.0889],[-119.3234,47.0729],[-119.2034,47.0567],[-119.0835,47.0404],[-118.9636,47.0239],[-118.8439,47.0074],[-118.7242,46.9907],[-118.6045,46.9739],[-118.485,46.9569],[-118.3655,46.9399],[-118.2461,46.9227],[-118.1268,46.9053],[-118.0075,46.8879],[-117.8883,46.8703],[-117.7692,46.8527],[-117.6502,46.8349],[-117.5313,46.8169],[-117.4124,46.7989],[-117.2937,46.7807],[-117.175,46.7624],[-117.0888,46.749],[-116.9757,46.7185],[-116.8627,46.6879],[-116.7498,46.6572],[-116.637,46.6263],[-116.5244,46.5954],[-116.4119,46.5643],[-116.2995,46.5331],[-116.1873,46.5019],[-116.0752,46.4705],[-115.9632,46.439],[-115.8514,46.4074],[-115.7396,46.3756],[-115.628,46.3438],[-115.5166,46.3119],[-115.4053,46.2798],[-115.2941,46.2477],[-115.183,46.2154],[-115.072,46.183],[-114.9612,46.1506],[-114.8506,46.118],[-114.74,46.0853],[-114.6296,46.0525],[-114.5193,46.0196],[-114.4092,45.9866],[-114.2991,45.9535],[-114.1892,45.9203],[-114.084,45.8883],[-113.9821,45.8447],[-113.8803,45.801],[-113.7787,45.7571],[-113.6772,45.7132],[-113.5759,45.6692],[-113.4747,45.6251],[-113.3737,45.581],[-113.2729,45.5367],[-113.1722,45.4923],[-113.0717,45.4479],[-112.9714,45.4034],[-112.8712,45.3587],[-112.7711,45.314],[-112.6713,45.2692],[-112.5715,45.2244],[-112.472,45.1794],[-112.3726,45.1343],[-112.2733,45.0892],[-112.1742,45.044],[-112.0753,44.9987],[-111.9765,44.9533],[-111.8779,44.9078],[-111.7794,44.8622],[-111.7465,44.8469],[-111.6499,44.7994],[-111.5536,44.7518],[-111.4574,44.7041],[-111.3614,44.6564],[-111.2655,44.6085],[-111.1698,44.5606],[-111.0742,44.5126],[-110.9788,44.4645],[-110.8836,44.4163],[-110.7885,44.3681],[-110.6936,44.3198],[-110.5988,44.2714],[-110.5042,44.2229],[-110.4097,44.1743],[-110.3154,44.1257],[-110.2213,44.077],[-110.1273,44.0282],[-110.0335,43.9793],[-109.9398,43.9304],[-109.8463,43.8814],[-109.7529,43.8323],[-109.6597,43.7831],[-109.5666,43.7338],[-109.4737,43.6845],[-109.3809,43.6351],[-109.2883,43.5856],[-109.1958,43.5361],[-109.1035,43.4865],[-109.0114,43.4368],[-108.9194,43.387],[-108.8275,43.3372],[-108.7358,43.2872],[-108.6443,43.2373],[-108.5529,43.1872],[-108.4616,43.1371],[-108.3705,43.0868],[-108.2796,43.0366],[-108.1888,42.9862],[-108.1454,42.9621],[-108.0516,42.9149],[-107.958,42.8676],[-107.8645,42.8202],[-107.7712,42.7727],[-107.678,42.7251],[-107.585,42.6775],[-107.4921,42.6298],[-107.3993,42.582],[-107.3067,42.5342],[-107.2142,42.4863],[-107.1219,42.4383],[-107.0297,42.3902],[-106.9376,42.3421],[-106.8457,42.2938],[-106.7539,42.2455],[-106.6623,42.1972],[-106.5708,42.1487],[-106.4795,42.1002],[-106.3882,42.0516],[-106.2972,42.003],[-106.2062,41.9543],[-106.1154,41.9055],[-106.0248,41.8566],[-106.0043,41.8455],[-105.9078,41.8035],[-105.8114,41.7613],[-105.7151,41.7191],[-105.6189,41.6768],[-105.5229,41.6344],[-105.427,41.5919],[-105.3313,41.5494],[-105.2356,41.5067],[-105.1401,41.464],[-105.0447,41.4212],[-104.9494,41.3784],[-104.8543,41.3354],[-104.7593,41.2924],[-104.6644,41.2493],[-104.5696,41.2061],[-104.5527,41.1984],[-104.4602,41.1527],[-104.3678,41.1068],[-104.2756,41.0609],[-104.1835,41.0149],[-104.0915,40.9689],[-103.9996,40.9227],[-103.9078,40.8765],[-103.8162,40.8302],[-103.7247,40.7839],[-103.6334,40.7375],[-103.5421,40.691],[-103.451,40.6444],[-103.3601,40.5978],[-103.2692,40.551],[-103.2301,40.5309],[-103.1382,40.4854],[-103.0465,40.4398],[-102.955,40.3942],[-102.8635,40.3485],[-102.7722,40.3027],[-102.681,40.2568],[-102.5899,40.2109],[-102.4989,40.1649],[-102.4081,40.1189],[-102.3174,40.0727],[-102.2268,40.0265],[-102.1363,39.9802],[-102.046,39.9339],[-101.9558,39.8875],[-101.8657,39.841],[-101.7757,39.7944],[-101.6858,39.7478],[-101.5961,39.7011],[-101.5065,39.6543],[-101.417,39.6075],[-101.3276,39.5606],[-101.2384,39.5136],[-101.1492,39.4666],[-101.0602,39.4195],[-100.9713,39.3723],[-100.8826,39.3251],[-100.8687,39.3177],[-100.7815,39.2688],[-100.6944,39.2198],[-100.6074,39.1708],[-100.5206,39.1217],[-100.4339,39.0726],[-100.3473,39.0234],[-100.2608,38.9741],[-100.1745,38.9248],[-100.0882,38.8754],[-100.0021,38.8259],[-99.9161,38.7764],[-99.8303,38.7268],[-99.7445,38.6771],[-99.6589,38.6274],[-99.6404,38.6167],[-99.5464,38.5774],[-99.4524,38.5381],[-99.3586,38.4986],[-99.2649,38.4591],[-99.1712,38.4196],[-99.0777,38.3799],[-98.9843,38.3402],[-98.891,38.3004],[-98.7978,38.2606],[-98.7046,38.2206],[-98.6116,38.1806],[-98.5187,38.1405],[-98.4259,38.1003],[-98.4015,38.0898],[-98.3116,38.0458],[-98.2218,38.0017],[-98.1322,37.9575],[-98.0426,37.9133],[-97.9532,37.869],[-97.8638,37.8247],[-97.7746,37.7803],[-97.6855,37.7358],[-97.5965,37.6912],[-97.5075,37.6466],[-97.4187,37.6019],[-97.33,37.5572],[-97.2558,37.5196],[-97.1692,37.4725],[-97.0827,37.4253],[-96.9963,37.378],[-96.91,37.3307],[-96.8238,37.2833],[-96.7378,37.2358],[-96.6518,37.1883],[-96.566,37.1407],[-96.4802,37.0931],[-96.3946,37.0454],[-96.3091,36.9976],[-96.2237,36.9498],[-96.1384,36.9019],[-96.0532,36.8539],[-96.0184,36.8343]]}},{"type":"Feature","properties":{"ident":"Q149","type":"RNAV","run":1},"geometry":{"type":"LineString","coordinates":[[-81.9269,35.0335],[-81.9369,35.1164],[-81.947,35.1993],[-81.9571,35.2823],[-81.9672,35.3652],[-81.9773,35.4481],[-81.9874,35.531],[-81.9976,35.6139],[-82.0077,35.6969],[-82.0179,35.7798],[-82.0282,35.8627],[-82.0384,35.9456],[-82.0487,36.0285],[-82.0589,36.1114],[-82.0692,36.1944],[-82.0796,36.2773],[-82.0899,36.3602],[-82.1003,36.4431],[-82.1107,36.526],[-82.1211,36.6089],[-82.1315,36.6918],[-82.142,36.7747],[-82.1525,36.8576],[-82.163,36.9405],[-82.1735,37.0234],[-82.1841,37.1064],[-82.1946,37.1893],[-82.2052,37.2722],[-82.2159,37.3551],[-82.2265,37.438],[-82.2372,37.5209],[-82.2479,37.6038],[-82.2586,37.6866],[-82.2693,37.7695],[-82.2801,37.8524],[-82.2909,37.9353],[-82.3017,38.0182],[-82.3125,38.1011],[-82.3234,38.184],[-82.3246,38.1935],[-82.3355,38.2764],[-82.3464,38.3593],[-82.3573,38.4422],[-82.3683,38.5251],[-82.3792,38.6079],[-82.3902,38.6908],[-82.4013,38.7737],[-82.4123,38.8566],[-82.4234,38.9395],[-82.4345,39.0224],[-82.4456,39.1052],[-82.4568,39.1881],[-82.4679,39.271],[-82.4791,39.3539],[-82.4904,39.4368],[-82.5016,39.5196],[-82.5129,39.6025],[-82.5242,39.6854],[-82.5356,39.7683],[-82.5469,39.8511],[-82.5583,39.934],[-82.5697,40.0169],[-82.5812,40.0997],[-82.5883,40.1511],[-82.5603,40.2316],[-82.5323,40.3122],[-82.5042,40.3927],[-82.4761,40.4732],[-82.4479,40.5537],[-82.4196,40.6343],[-82.4195,40.6345],[-82.3911,40.715],[-82.3627,40.7955],[-82.3342,40.876],[-82.3056,40.9565],[-82.277,41.037],[-82.2483,41.1174],[-82.2195,41.1979],[-82.1906,41.2784],[-82.162,41.3581]]}},{"type":"Feature","properties":{"ident":"Q15","type":"RNAV","run":1},"geometry":{"type":"LineString","coordinates":[[-111.315,34.3279],[-111.4108,34.3541],[-111.5067,34.3802],[-111.6026,34.4062],[-111.6986,34.4322],[-111.7946,34.4581],[-111.8908,34.4839],[-111.9869,34.5096],[-112.0832,34.5352],[-112.1795,34.5608],[-112.2758,34.5863],[-112.3722,34.6117],[-112.4687,34.6371],[-112.5652,34.6623],[-112.6618,34.6875],[-112.7584,34.7126],[-112.7618,34.7135],[-112.8542,34.7478],[-112.9466,34.782],[-113.0392,34.8162],[-113.1318,34.8503],[-113.2246,34.8843],[-113.3173,34.9183],[-113.4102,34.9521],[-113.5032,34.9859],[-113.5962,35.0197],[-113.6893,35.0534],[-113.7824,35.0869],[-113.8757,35.1205],[-113.969,35.1539],[-114.0624,35.1873],[-114.1559,35.2206],[-114.2495,35.2538],[-114.3431,35.287],[-114.4368,35.3201],[-114.5306,35.3531],[-114.6245,35.3861],[-114.7184,35.419],[-114.8003,35.4475],[-114.8824,35.4972],[-114.9647,35.5468],[-115.0471,35.5963],[-115.1295,35.6458],[-115.2121,35.6953],[-115.2948,35.7446],[-115.3776,35.794],[-115.4605,35.8432],[-115.5434,35.8924],[-115.6265,35.9416],[-115.7097,35.9907],[-115.793,36.0397],[-115.8764,36.0887],[-115.9599,36.1376],[-116.0435,36.1865],[-116.1272,36.2353],[-116.211,36.2841],[-116.2206,36.2896],[-116.2926,36.3494],[-116.3647,36.4092],[-116.4368,36.469],[-116.5091,36.5287],[-116.5816,36.5884],[-116.6105,36.6122],[-116.668,36.6815],[-116.7256,36.7509],[-116.7833,36.8202],[-116.8411,36.8895],[-116.8991,36.9588],[-116.9571,37.0281],[-117.0153,37.0973],[-117.0735,37.1665],[-117.1319,37.2356],[-117.1706,37.2814],[-117.2336,37.348],[-117.2652,37.3813],[-117.3292,37.4473],[-117.3933,37.5133],[-117.4576,37.5792],[-117.522,37.6451],[-117.5865,37.711],[-117.6511,37.7768],[-117.656,37.7818],[-117.7207,37.8476],[-117.7856,37.9134],[-117.8505,37.9791],[-117.9156,38.0448],[-117.9808,38.1105],[-118.0461,38.1761],[-118.1115,38.2417],[-118.1771,38.3072],[-118.2428,38.3727],[-118.3086,38.4382],[-118.3745,38.5036],[-118.4405,38.569],[-118.5066,38.6344],[-118.5729,38.6997],[-118.6393,38.765],[-118.7058,38.8302],[-118.7724,38.8954],[-118.8392,38.9606],[-118.9061,39.0257],[-118.9731,39.0908],[-119.0402,39.1559],[-119.1064,39.2199]]}},{"type":"Feature","properties":{"ident":"Q150","type":"RNAV","run":1},"geometry":{"type":"LineString","coordinates":[[-120.5361,47.2485],[-120.4168,47.229],[-120.2975,47.2094],[-120.1784,47.1896],[-120.0593,47.1698],[-120.0449,47.1674],[-119.9351,47.1305],[-119.8254,47.0934],[-119.7159,47.0563],[-119.6065,47.0191],[-119.4973,46.9817],[-119.3882,46.9443],[-119.2793,46.9067],[-119.1705,46.8691],[-119.0619,46.8313],[-118.9534,46.7934],[-118.8451,46.7555],[-118.7369,46.7174],[-118.6289,46.6793],[-118.5211,46.641],[-118.4134,46.6026],[-118.3058,46.5641],[-118.1984,46.5256],[-118.0912,46.4869],[-117.9841,46.4481],[-117.8771,46.4093],[-117.7704,46.3703],[-117.6637,46.3312],[-117.5572,46.2921],[-117.4509,46.2528],[-117.3447,46.2134],[-117.2387,46.174],[-117.1567,46.1433],[-117.0481,46.1075],[-116.9397,46.0716],[-116.8314,46.0356],[-116.7233,45.9995],[-116.6153,45.9632],[-116.5074,45.9269],[-116.3997,45.8905],[-116.2921,45.854],[-116.1847,45.8173],[-116.0774,45.7806],[-115.9703,45.7438],[-115.8633,45.7069],[-115.7564,45.6698],[-115.6497,45.6327],[-115.5431,45.5955],[-115.4366,45.5582],[-115.3303,45.5207],[-115.2242,45.4832],[-115.1182,45.4456],[-115.0123,45.4079],[-114.9066,45.3701],[-114.801,45.3322],[-114.6955,45.2941],[-114.5902,45.256],[-114.485,45.2178],[-114.38,45.1795],[-114.2751,45.1411],[-114.1704,45.1026],[-114.0658,45.0641],[-114.0258,45.0493],[-113.9216,45.0103],[-113.8175,44.9712],[-113.7136,44.9321],[-113.6098,44.8928],[-113.5061,44.8535],[-113.4026,44.814],[-113.2992,44.7745],[-113.196,44.7348],[-113.0929,44.6951],[-112.99,44.6553],[-112.8872,44.6154],[-112.7845,44.5754],[-112.682,44.5353],[-112.5796,44.4951],[-112.4774,44.4548],[-112.3753,44.4145],[-112.2733,44.374],[-112.1715,44.3335],[-112.0699,44.2928],[-111.9683,44.2521],[-111.8669,44.2113],[-111.7657,44.1704],[-111.6646,44.1294],[-111.5636,44.0883],[-111.4628,44.0471],[-111.3621,44.0059],[-111.2615,43.9645],[-111.2494,43.9595],[-111.146,43.9221],[-111.0427,43.8846],[-110.9395,43.847],[-110.8365,43.8094],[-110.7336,43.7716],[-110.6308,43.7337],[-110.5282,43.6958],[-110.4257,43.6577],[-110.3233,43.6196],[-110.221,43.5814],[-110.1189,43.543],[-110.0169,43.5046],[-109.9151,43.4661],[-109.8134,43.4275],[-109.7118,43.3889],[-109.6103,43.3501],[-109.509,43.3112],[-109.5066,43.3103],[-109.4146,43.2608],[-109.3227,43.2112],[-109.2309,43.1615],[-109.1393,43.1118],[-109.0478,43.062],[-108.9565,43.0121],[-108.8653,42.9621],[-108.7743,42.9121],[-108.6834,42.862],[-108.5927,42.8118],[-108.5021,42.7616],[-108.4117,42.7113],[-108.3214,42.6609],[-108.2312,42.6104],[-108.1412,42.5599],[-108.0514,42.5093],[-107.9617,42.4586],[-107.8721,42.4079],[-107.7827,42.3571],[-107.6935,42.3062],[-107.6043,42.2552],[-107.5153,42.2042],[-107.4265,42.1531],[-107.3378,42.102],[-107.2493,42.0507],[-107.1609,41.9995],[-107.0726,41.9481],[-106.9845,41.8967],[-106.8965,41.8452],[-106.8086,41.7936],[-106.7209,41.742],[-106.6334,41.6903],[-106.546,41.6385],[-106.4587,41.5867],[-106.3716,41.5348],[-106.2846,41.4829],[-106.245,41.4592],[-106.1545,41.4109],[-106.0641,41.3625],[-105.9738,41.314],[-105.8837,41.2654],[-105.7937,41.2168],[-105.7038,41.1681],[-105.6141,41.1194],[-105.5245,41.0705],[-105.435,41.0216],[-105.3457,40.9727],[-105.2564,40.9236],[-105.1674,40.8745],[-105.0784,40.8254],[-104.9896,40.7761],[-104.901,40.7268],[-104.8124,40.6775],[-104.7339,40.6336],[-104.6456,40.584],[-104.5574,40.5345],[-104.4694,40.4848],[-104.3815,40.4351],[-104.2937,40.3854],[-104.2061,40.3355],[-104.1186,40.2856],[-104.0312,40.2356],[-103.9439,40.1856],[-103.8568,40.1355],[-103.7698,40.0853],[-103.6829,40.0351],[-103.6397,40.01],[-103.553,39.9597],[-103.4664,39.9093],[-103.38,39.8588],[-103.2937,39.8083],[-103.2076,39.7577],[-103.1215,39.7071],[-103.0356,39.6563],[-102.9498,39.6056],[-102.8642,39.5547],[-102.7786,39.5038],[-102.6932,39.4528],[-102.6079,39.4018],[-102.5228,39.3507],[-102.4377,39.2996],[-102.3528,39.2484],[-102.268,39.1971],[-102.1834,39.1457],[-102.0988,39.0943],[-102.0144,39.0429],[-101.9301,38.9913],[-101.8459,38.9398],[-101.7619,38.8881],[-101.7,38.85],[-101.632,38.7857],[-101.5641,38.7213],[-101.4964,38.6569],[-101.4288,38.5925],[-101.3613,38.528],[-101.2939,38.4635],[-101.2266,38.3989],[-101.1598,38.3346]]}},{"type":"Feature","properties":{"ident":"Q151","type":"RNAV","run":1},"geometry":{"type":"LineString","coordinates":[[-113.5,37.9333],[-113.4655,38.0121],[-113.431,38.0909],[-113.3964,38.1696],[-113.3617,38.2484],[-113.3269,38.3271],[-113.292,38.4058],[-113.2571,38.4845],[-113.2221,38.5632],[-113.187,38.6419],[-113.1764,38.6656],[-113.1412,38.7443],[-113.106,38.823],[-113.0706,38.9016],[-113.0351,38.9803],[-112.9996,39.0589],[-112.964,39.1375],[-112.9284,39.2161],[-112.8926,39.2947],[-112.8568,39.3733],[-112.8208,39.4519],[-112.7848,39.5304],[-112.7488,39.609],[-112.7126,39.6875],[-112.6763,39.7661],[-112.64,39.8446],[-112.6036,39.9231],[-112.5833,39.9667],[-112.5802,40.05],[-112.577,40.1333],[-112.5739,40.2166],[-112.5707,40.2999],[-112.5675,40.3831],[-112.5644,40.4664],[-112.5612,40.5497],[-112.558,40.633],[-112.5548,40.7163],[-112.5515,40.7996],[-112.5483,40.8829],[-112.5451,40.9662],[-112.5418,41.0495],[-112.5386,41.1328],[-112.5353,41.2161],[-112.5333,41.2667],[-112.6175,41.3209],[-112.7018,41.3751],[-112.7863,41.4293],[-112.8709,41.4833],[-112.9556,41.5374],[-113.0405,41.5913],[-113.1255,41.6452],[-113.2107,41.699],[-113.296,41.7528],[-113.3814,41.8065],[-113.467,41.8601],[-113.5527,41.9137],[-113.6386,41.9672],[-113.7247,42.0207],[-113.8108,42.074],[-113.8971,42.1274],[-113.9836,42.1806],[-114.0702,42.2338],[-114.1569,42.2869],[-114.2438,42.34],[-114.3309,42.393],[-114.4181,42.4459],[-114.5054,42.4988],[-114.5929,42.5515],[-114.6805,42.6043],[-114.7683,42.6569],[-114.8562,42.7095],[-114.8755,42.721],[-114.9608,42.776],[-115.0462,42.831],[-115.1317,42.8859],[-115.2174,42.9407],[-115.3033,42.9954],[-115.3893,43.0501],[-115.4754,43.1047],[-115.5617,43.1593],[-115.6482,43.2138],[-115.7348,43.2682],[-115.8216,43.3225],[-115.9085,43.3768],[-115.9956,43.4311],[-116.0829,43.4852],[-116.1703,43.5393],[-116.1921,43.5528],[-116.2019,43.6358],[-116.2116,43.7189],[-116.2214,43.8019],[-116.2312,43.8849],[-116.241,43.968],[-116.2509,44.051],[-116.2608,44.134],[-116.2707,44.217],[-116.2807,44.3001],[-116.2906,44.3831],[-116.3006,44.4661],[-116.3107,44.5491],[-116.3207,44.6322],[-116.3308,44.7152],[-116.341,44.7982],[-116.3511,44.8812],[-116.3613,44.9642],[-116.3715,45.0473],[-116.3817,45.1303],[-116.392,45.2133],[-116.4023,45.2963],[-116.4126,45.3793],[-116.423,45.4623],[-116.4334,45.5453],[-116.4438,45.6283],[-116.4542,45.7114],[-116.4647,45.7944],[-116.4752,45.8774],[-116.4858,45.9604],[-116.4963,46.0434],[-116.5069,46.1264],[-116.5176,46.2094],[-116.5282,46.2924],[-116.5389,46.3754],[-116.5497,46.4584],[-116.5605,46.5414],[-116.5713,46.6244],[-116.5821,46.7074],[-116.593,46.7904],[-116.6039,46.8734],[-116.6148,46.9564],[-116.6258,47.0394],[-116.6368,47.1224],[-116.6478,47.2054],[-116.6589,47.2884],[-116.67,47.3713],[-116.6811,47.4543],[-116.6897,47.5182],[-116.6811,47.6013],[-116.6724,47.6844],[-116.6636,47.7675],[-116.6549,47.8506],[-116.6461,47.9338],[-116.6373,48.0169],[-116.6285,48.1],[-116.6196,48.1831],[-116.6107,48.2663],[-116.6018,48.3494],[-116.5928,48.4325],[-116.5839,48.5156],[-116.5749,48.5987],[-116.5658,48.6818],[-116.5568,48.765],[-116.5477,48.8481],[-116.5385,48.9312],[-116.5309,49.0]]}},{"type":"Feature","properties":{"ident":"Q152","type":"RNAV","run":1},"geometry":{"type":"LineString","coordinates":[[-119.9601,46.2949],[-119.8397,46.2898],[-119.7193,46.2846],[-119.599,46.2792],[-119.4787,46.2738],[-119.3584,46.2682],[-119.2382,46.2625],[-119.1179,46.2566],[-118.9977,46.2507],[-118.8776,46.2446],[-118.7574,46.2384],[-118.6373,46.232],[-118.5172,46.2255],[-118.3971,46.2189],[-118.2771,46.2122],[-118.1571,46.2054],[-118.0371,46.1984],[-117.9172,46.1913],[-117.7973,46.1841],[-117.6774,46.1767],[-117.5575,46.1692],[-117.4377,46.1616],[-117.3179,46.1539],[-117.1982,46.1461],[-117.1567,46.1433],[-117.037,46.135],[-116.9174,46.1265],[-116.7978,46.1179],[-116.6783,46.1092],[-116.5588,46.1003],[-116.4393,46.0914],[-116.3199,46.0823],[-116.2005,46.073],[-116.0811,46.0637],[-115.9618,46.0542],[-115.8426,46.0446],[-115.7233,46.0349],[-115.6041,46.0251],[-115.485,46.0151],[-115.3659,46.005],[-115.2469,45.9948],[-115.1278,45.9845],[-115.0089,45.974],[-114.89,45.9634],[-114.7711,45.9527],[-114.6523,45.9419],[-114.5335,45.9309],[-114.4147,45.9199],[-114.2961,45.9087],[-114.1774,45.8973],[-114.084,45.8883],[-113.967,45.8709],[-113.85,45.8534],[-113.7331,45.8357],[-113.6163,45.8179],[-113.4995,45.8],[-113.3828,45.782],[-113.2662,45.7638],[-113.1497,45.7456],[-113.0333,45.7272],[-112.9169,45.7087],[-112.8006,45.6901],[-112.6844,45.6713],[-112.5682,45.6525],[-112.4522,45.6335],[-112.3362,45.6144],[-112.2203,45.5952],[-112.1045,45.5759],[-111.9887,45.5565],[-111.873,45.5369],[-111.7575,45.5172],[-111.642,45.4974],[-111.5265,45.4775],[-111.4112,45.4575],[-111.2959,45.4374],[-111.1808,45.4171],[-111.0657,45.3968],[-110.9507,45.3763],[-110.8357,45.3557],[-110.7209,45.335],[-110.6061,45.3141],[-110.4915,45.2932],[-110.3769,45.2721],[-110.2624,45.2509],[-110.148,45.2297],[-110.0336,45.2083],[-109.9194,45.1867],[-109.8052,45.1651],[-109.6912,45.1434],[-109.5772,45.1215],[-109.4633,45.0995],[-109.3495,45.0775],[-109.2358,45.0553],[-109.1221,45.0329],[-109.0086,45.0105],[-108.8951,44.988],[-108.7818,44.9653],[-108.6685,44.9426],[-108.5553,44.9197],[-108.5393,44.9165],[-108.4256,44.895],[-108.312,44.8733],[-108.1986,44.8516],[-108.0851,44.8297],[-107.9718,44.8078],[-107.8586,44.7857],[-107.7454,44.7635],[-107.6324,44.7412],[-107.5194,44.7188],[-107.4065,44.6963],[-107.2937,44.6736],[-107.181,44.6509],[-107.0684,44.628],[-106.9559,44.6051],[-106.8434,44.582],[-106.7311,44.5588],[-106.6188,44.5355],[-106.5066,44.5121],[-106.3946,44.4886],[-106.2826,44.465],[-106.1707,44.4412],[-106.0588,44.4174],[-105.9471,44.3934],[-105.8355,44.3694],[-105.724,44.3452],[-105.6125,44.3209],[-105.5012,44.2965],[-105.3899,44.272],[-105.2787,44.2474],[-105.2648,44.2443],[-105.1542,44.2184],[-105.0438,44.1924],[-104.9334,44.1663],[-104.8232,44.1401],[-104.7131,44.1138],[-104.603,44.0873],[-104.4931,44.0608],[-104.3832,44.0342],[-104.2734,44.0074],[-104.1638,43.9806],[-104.0542,43.9536],[-103.9448,43.9266],[-103.8354,43.8994],[-103.7262,43.8721],[-103.617,43.8448],[-103.508,43.8173],[-103.399,43.7897],[-103.2902,43.762],[-103.1814,43.7342],[-103.0728,43.7064],[-102.9642,43.6784],[-102.8558,43.6503],[-102.7474,43.6221],[-102.6392,43.5938],[-102.531,43.5654],[-102.423,43.5369],[-102.315,43.5083],[-102.2072,43.4796],[-102.0995,43.4507],[-101.9918,43.4218],[-101.8843,43.3928],[-101.7769,43.3637],[-101.6696,43.3345],[-101.5624,43.3052],[-101.4552,43.2758],[-101.3482,43.2463],[-101.2413,43.2167],[-101.1345,43.187],[-101.0278,43.1572],[-100.9212,43.1272],[-100.8147,43.0972],[-100.7083,43.0671],[-100.6021,43.0369],[-100.4959,43.0066],[-100.3898,42.9762],[-100.2838,42.9457],[-100.178,42.9151],[-100.0722,42.8844],[-99.9666,42.8537],[-99.861,42.8228],[-99.7556,42.7918],[-99.6503,42.7607],[-99.545,42.7295],[-99.4399,42.6983],[-99.3349,42.6669],[-99.23,42.6354],[-99.1252,42.6039],[-99.0205,42.5722],[-98.9159,42.5405],[-98.8114,42.5086],[-98.707,42.4767],[-98.6869,42.4705]]}},{"type":"Feature","properties":{"ident":"Q154","type":"RNAV","run":1},"geometry":{"type":"LineString","coordinates":[[-121.6236,46.4733],[-121.5209,46.4294],[-121.4182,46.3854],[-121.3158,46.3413],[-121.2135,46.2971],[-121.1114,46.2528],[-121.0094,46.2084],[-120.9076,46.1639],[-120.806,46.1194],[-120.7045,46.0747],[-120.6032,46.03],[-120.5021,45.9851],[-120.4011,45.9402],[-120.3003,45.8952],[-120.1997,45.8501],[-120.0992,45.8049],[-119.9989,45.7597],[-119.8987,45.7143],[-119.7987,45.6689],[-119.6989,45.6233],[-119.5992,45.5777],[-119.4997,45.532],[-119.4004,45.4862],[-119.3012,45.4403],[-119.2022,45.3944],[-119.1033,45.3483],[-119.0046,45.3022],[-118.9061,45.256],[-118.8077,45.2097],[-118.7095,45.1633],[-118.6114,45.1168],[-118.5135,45.0703],[-118.4158,45.0236],[-118.3532,44.9937],[-118.2594,44.9433],[-118.1657,44.8929],[-118.0721,44.8424],[-117.9788,44.7919],[-117.8856,44.7412],[-117.7925,44.6905],[-117.6997,44.6397],[-117.607,44.5888],[-117.5144,44.5378],[-117.422,44.4868],[-117.3298,44.4357],[-117.2377,44.3846],[-117.192,44.3591],[-117.0957,44.3122],[-116.9995,44.2653],[-116.9035,44.2182],[-116.8076,44.1711],[-116.7119,44.124],[-116.6163,44.0767],[-116.5209,44.0293],[-116.4257,43.9819],[-116.3305,43.9344],[-116.2356,43.8868],[-116.1408,43.8392],[-116.0461,43.7914],[-115.9516,43.7436],[-115.8573,43.6957],[-115.7631,43.6477],[-115.7481,43.6401],[-115.6562,43.5899],[-115.5645,43.5397],[-115.4729,43.4894],[-115.3815,43.439],[-115.2902,43.3885],[-115.1991,43.3379],[-115.1081,43.2873],[-115.0173,43.2366],[-114.9266,43.1859],[-114.8361,43.135],[-114.7458,43.0841],[-114.6555,43.0331],[-114.5655,42.9821],[-114.4756,42.931],[-114.3858,42.8798],[-114.2962,42.8285],[-114.2067,42.7772],[-114.1174,42.7258],[-114.0282,42.6743],[-113.9392,42.6228],[-113.8659,42.5802],[-113.7709,42.535],[-113.6761,42.4896],[-113.5814,42.4442],[-113.4868,42.3987],[-113.3924,42.3531],[-113.2981,42.3074],[-113.2039,42.2617],[-113.1099,42.2159],[-113.016,42.17],[-112.9223,42.124],[-112.8287,42.078],[-112.7352,42.0319],[-112.6419,41.9857],[-112.5487,41.9394],[-112.4556,41.893],[-112.3627,41.8466],[-112.3132,41.8219],[-112.2263,41.7695],[-112.1395,41.717],[-112.0529,41.6645],[-111.9664,41.6119],[-111.8801,41.5592],[-111.7939,41.5065],[-111.7078,41.4537],[-111.6219,41.4009],[-111.5361,41.3479],[-111.4504,41.295],[-111.3649,41.2419],[-111.2796,41.1888],[-111.2527,41.1721],[-111.1626,41.1237],[-111.0725,41.0753],[-110.9827,41.0269],[-110.8929,40.9784],[-110.8033,40.9297],[-110.7138,40.8811],[-110.6244,40.8323],[-110.5352,40.7835],[-110.4461,40.7346],[-110.3571,40.6857],[-110.2683,40.6367],[-110.1796,40.5876],[-110.091,40.5384],[-110.0026,40.4892],[-109.9142,40.4399],[-109.8261,40.3906],[-109.738,40.3412],[-109.6501,40.2917],[-109.5623,40.2421],[-109.4746,40.1925],[-109.3871,40.1428],[-109.3563,40.1253],[-109.2643,40.0807],[-109.1724,40.036],[-109.0806,39.9912],[-108.989,39.9464],[-108.8975,39.9015],[-108.806,39.8565],[-108.7148,39.8114],[-108.6236,39.7663],[-108.5325,39.7211],[-108.4416,39.6758],[-108.3508,39.6305],[-108.2601,39.5851],[-108.1696,39.5396],[-108.0791,39.4941],[-107.9888,39.4484],[-107.8986,39.4027],[-107.8085,39.357],[-107.7185,39.3112],[-107.6286,39.2653],[-107.5389,39.2193],[-107.4492,39.1732],[-107.3597,39.1271],[-107.3086,39.1008],[-107.22,39.0537],[-107.1315,39.0066],[-107.0432,38.9594],[-106.9549,38.9122],[-106.8668,38.8649],[-106.7788,38.8175],[-106.734,38.7934],[-106.6457,38.7464],[-106.5576,38.6994],[-106.4695,38.6523],[-106.3815,38.6052],[-106.2937,38.558],[-106.206,38.5107],[-106.1184,38.4633],[-106.0309,38.4159],[-105.9435,38.3684],[-105.8563,38.3209],[-105.7691,38.2733],[-105.6821,38.2256],[-105.5952,38.1779],[-105.5084,38.1301],[-105.4217,38.0822],[-105.3351,38.0343],[-105.2486,37.9863],[-105.1623,37.9383],[-105.0761,37.8901],[-104.9899,37.842],[-104.9039,37.7937],[-104.818,37.7454],[-104.7322,37.6971],[-104.6466,37.6486],[-104.5973,37.6207],[-104.5123,37.5717],[-104.4274,37.5226],[-104.3425,37.4735],[-104.2578,37.4243],[-104.1732,37.375],[-104.0887,37.3257],[-104.0044,37.2763],[-103.9201,37.2269],[-103.8359,37.1774],[-103.7519,37.1278],[-103.668,37.0782],[-103.5841,37.0285],[-103.5004,36.9788],[-103.4168,36.929],[-103.3333,36.8791],[-103.2499,36.8292],[-103.1666,36.7792],[-103.0992,36.7386],[-103.0141,36.6908],[-102.9291,36.6429],[-102.8442,36.5949],[-102.7595,36.5469],[-102.6748,36.4988],[-102.5902,36.4506],[-102.5057,36.4024],[-102.4214,36.3541],[-102.3371,36.3058],[-102.253,36.2574],[-102.1689,36.2089],[-102.085,36.1604],[-102.0011,36.1118],[-101.9174,36.0632],[-101.8338,36.0145],[-101.7503,35.9658],[-101.6668,35.917],[-101.5835,35.8681],[-101.5003,35.8192],[-101.4172,35.7702],[-101.3342,35.7212],[-101.2512,35.6721],[-101.1684,35.6229],[-101.0857,35.5737],[-101.0031,35.5245],[-100.9939,35.5189],[-100.9114,35.4696],[-100.829,35.4202],[-100.7467,35.3708],[-100.6646,35.3213],[-100.5825,35.2717],[-100.5005,35.2221],[-100.4186,35.1724],[-100.3368,35.1227],[-100.2552,35.0729],[-100.1736,35.0231],[-100.0921,34.9732],[-100.0107,34.9232],[-99.9294,34.8732],[-99.8483,34.8232],[-99.7672,34.7731],[-99.6862,34.7229],[-99.6053,34.6727],[-99.5245,34.6224],[-99.4438,34.5721],[-99.3632,34.5218],[-99.2827,34.4713],[-99.2023,34.4208],[-99.122,34.3703],[-99.0418,34.3197],[-98.9617,34.2691],[-98.8817,34.2184],[-98.8018,34.1677],[-98.722,34.1169],[-98.6423,34.066],[-98.5626,34.0151],[-98.4831,33.9642],[-98.4037,33.9132],[-98.3243,33.8622],[-98.2451,33.8111],[-98.1659,33.7599],[-98.0869,33.7087],[-98.0079,33.6575],[-97.929,33.6062],[-97.8503,33.5548],[-97.8213,33.5359]]}},{"type":"Feature","properties":{"ident":"Q156","type":"RNAV","run":1},"geometry":{"type":"LineString","coordinates":[[-120.5361,47.2485],[-120.4168,47.229],[-120.2975,47.2094],[-120.1784,47.1896],[-120.0593,47.1698],[-120.0449,47.1674],[-119.9245,47.152],[-119.8042,47.1364],[-119.6839,47.1207],[-119.5636,47.1049],[-119.4435,47.0889],[-119.3234,47.0729],[-119.2034,47.0567],[-119.0835,47.0404],[-118.9636,47.0239],[-118.8439,47.0074],[-118.7242,46.9907],[-118.6045,46.9739],[-118.485,46.9569],[-118.3655,46.9399],[-118.2461,46.9227],[-118.1268,46.9053],[-118.0075,46.8879],[-117.8883,46.8703],[-117.7692,46.8527],[-117.6502,46.8349],[-117.5313,46.8169],[-117.4124,46.7989],[-117.2937,46.7807],[-117.175,46.7624],[-117.0888,46.749],[-116.9672,46.7489],[-116.8456,46.7486],[-116.724,46.7483],[-116.6024,46.7477],[-116.4808,46.7471],[-116.3592,46.7463],[-116.2376,46.7454],[-116.116,46.7444],[-115.9944,46.7432],[-115.8728,46.7419],[-115.7512,46.7405],[-115.6296,46.739],[-115.5081,46.7373],[-115.3865,46.7355],[-115.265,46.7336],[-115.1434,46.7315],[-115.0219,46.7293],[-114.9004,46.727],[-114.7789,46.7245],[-114.6574,46.722],[-114.5359,46.7193],[-114.4144,46.7164],[-114.2929,46.7135],[-114.1715,46.7104],[-114.0837,46.7081],[-113.9623,46.7044],[-113.8409,46.7005],[-113.7196,46.6966],[-113.5982,46.6925],[-113.4769,46.6883],[-113.3556,46.6839],[-113.2343,46.6795],[-113.113,46.6749],[-112.9918,46.6702],[-112.8706,46.6653],[-112.7494,46.6603],[-112.6282,46.6552],[-112.507,46.65],[-112.3859,46.6446],[-112.2648,46.6391],[-112.1673,46.6346],[-112.046,46.6326],[-111.9247,46.6304],[-111.8034,46.6281],[-111.6821,46.6257],[-111.5608,46.6231],[-111.4396,46.6204],[-111.3183,46.6176],[-111.1971,46.6147],[-111.1558,46.6136],[-111.0346,46.609],[-110.9136,46.6042],[-110.7925,46.5993],[-110.6714,46.5943],[-110.5504,46.5891],[-110.4294,46.5838],[-110.3084,46.5784],[-110.1875,46.5729],[-110.0665,46.5672],[-109.9456,46.5614],[-109.8247,46.5555],[-109.7039,46.5494],[-109.5831,46.5433],[-109.4623,46.537],[-109.3415,46.5305],[-109.2207,46.524],[-109.1,46.5173],[-108.9793,46.5105],[-108.8587,46.5035],[-108.7381,46.4965],[-108.6175,46.4893],[-108.4969,46.4819],[-108.3764,46.4745],[-108.2559,46.4669],[-108.1355,46.4592],[-108.015,46.4514],[-107.8946,46.4434],[-107.7743,46.4354],[-107.654,46.4271],[-107.5337,46.4188],[-107.4135,46.4104],[-107.2932,46.4018],[-107.1731,46.3931],[-107.053,46.3842],[-106.9329,46.3753],[-106.8128,46.3662],[-106.6928,46.357],[-106.5728,46.3476],[-106.4529,46.3382],[-106.333,46.3286],[-106.2132,46.3189],[-106.0934,46.309],[-105.9736,46.2991],[-105.8539,46.289],[-105.7342,46.2787],[-105.6146,46.2684],[-105.495,46.2579],[-105.3755,46.2474],[-105.256,46.2366],[-105.2145,46.2329],[-105.0975,46.2132],[-104.9805,46.1935],[-104.8637,46.1736],[-104.7469,46.1536],[-104.6302,46.1334],[-104.5135,46.1132],[-104.397,46.0928],[-104.2805,46.0723],[-104.1642,46.0517],[-104.0479,46.031],[-103.9317,46.0102],[-103.8156,45.9892],[-103.6996,45.9681],[-103.5837,45.9469],[-103.4678,45.9256],[-103.3521,45.9042],[-103.2364,45.8826],[-103.1209,45.861],[-103.0054,45.8392],[-102.89,45.8173],[-102.8631,45.8122],[-102.7476,45.7907],[-102.6322,45.769],[-102.5169,45.7473],[-102.4017,45.7254],[-102.2866,45.7034],[-102.1716,45.6813],[-102.0566,45.6591],[-101.9418,45.6367],[-101.827,45.6143],[-101.7124,45.5917],[-101.5978,45.569],[-101.4834,45.5462],[-101.369,45.5233],[-101.2547,45.5003],[-101.1405,45.4772],[-101.0264,45.4539],[-100.9124,45.4306],[-100.7985,45.4071],[-100.6847,45.3835],[-100.571,45.3598],[-100.4573,45.336],[-100.3438,45.312],[-100.2803,45.2986],[-100.1652,45.2789],[-100.0502,45.2591],[-99.9353,45.2391],[-99.8205,45.219],[-99.7057,45.1989],[-99.591,45.1786],[-99.4764,45.1582],[-99.3619,45.1377],[-99.2475,45.117],[-99.1331,45.0963],[-99.0189,45.0754],[-98.9047,45.0544],[-98.7906,45.0334],[-98.6766,45.0122],[-98.5626,44.9908],[-98.4488,44.9694],[-98.335,44.9479],[-98.2214,44.9262],[-98.1078,44.9044],[-97.9943,44.8826],[-97.8809,44.8606],[-97.7675,44.8385],[-97.6543,44.8162],[-97.5411,44.7939],[-97.4281,44.7715],[-97.3151,44.7489],[-97.2022,44.7263],[-97.0894,44.7035],[-96.9767,44.6806],[-96.8641,44.6576],[-96.7515,44.6345],[-96.6391,44.6113],[-96.5267,44.588],[-96.4145,44.5645],[-96.3023,44.541],[-96.1902,44.5173],[-96.0903,44.4961],[-95.9787,44.4714],[-95.8673,44.4466],[-95.7559,44.4217],[-95.6446,44.3967],[-95.5335,44.3716],[-95.4224,44.3463],[-95.3114,44.321],[-95.2005,44.2955],[-95.0897,44.27],[-94.979,44.2443],[-94.8684,44.2186],[-94.7579,44.1927],[-94.6475,44.1667],[-94.5372,44.1406],[-94.427,44.1144],[-94.3169,44.0881],[-94.2069,44.0617],[-94.097,44.0352],[-93.9872,44.0086],[-93.9611,44.0022],[-93.8564,43.9666],[-93.7519,43.9308],[-93.6475,43.895],[-93.5432,43.8591],[-93.439,43.823],[-93.3349,43.7869],[-93.231,43.7507],[-93.1272,43.7144],[-93.0235,43.678],[-92.92,43.6415],[-92.8166,43.6049],[-92.7133,43.5682],[-92.6101,43.5314],[-92.5071,43.4945],[-92.4042,43.4576],[-92.3014,43.4205],[-92.1987,43.3833],[-92.0962,43.3461],[-91.9938,43.3088],[-91.8915,43.2713],[-91.7893,43.2338],[-91.6873,43.1962],[-91.6592,43.1858]]}},{"type":"Feature","properties":{"ident":"Q158","type":"RNAV","run":1},"geometry":{"type":"LineString","coordinates":[[-119.8895,36.8997],[-119.786,36.8903],[-119.6825,36.8808],[-119.579,36.8712],[-119.4756,36.8615],[-119.3721,36.8517],[-119.2687,36.8418],[-119.1654,36.8318],[-119.062,36.8218],[-118.9587,36.8116],[-118.8554,36.8014],[-118.7522,36.791],[-118.6489,36.7806],[-118.6468,36.7804],[-118.5437,36.7696],[-118.4406,36.7587],[-118.3375,36.7477],[-118.2344,36.7366],[-118.1314,36.7254],[-118.0284,36.7141],[-117.9254,36.7028],[-117.8225,36.6913],[-117.7196,36.6798],[-117.6167,36.6681],[-117.5138,36.6564],[-117.411,36.6446],[-117.3082,36.6327],[-117.2055,36.6208],[-117.1157,36.6102],[-117.013,36.5981],[-116.9104,36.5859],[-116.8077,36.5736],[-116.75,36.5667],[-116.6499,36.5449],[-116.5498,36.5231],[-116.4498,36.5011],[-116.3498,36.4791],[-116.2643,36.4602],[-116.1644,36.4379],[-116.0647,36.4156],[-115.9649,36.3932],[-115.8653,36.3707],[-115.7657,36.3481],[-115.6661,36.3255],[-115.6562,36.3232]]}},{"type":"Feature","properties":{"ident":"Q160","type":"RNAV","run":1},"geometry":{"type":"LineString","coordinates":[[-119.8136,37.2399],[-119.7118,37.2206],[-119.61,37.2012],[-119.5083,37.1816],[-119.4067,37.1621],[-119.3051,37.1424],[-119.2035,37.1226],[-119.1021,37.1028],[-119.0006,37.0828],[-118.8992,37.0628],[-118.7979,37.0427],[-118.6966,37.0225],[-118.5954,37.0022],[-118.5841,37.0],[-118.4838,36.9771],[-118.3835,36.9542],[-118.2833,36.9311],[-118.1832,36.908],[-118.0831,36.8848],[-117.9831,36.8616],[-117.8831,36.8382],[-117.7832,36.8148],[-117.6834,36.7912],[-117.5836,36.7676],[-117.4839,36.7439],[-117.3842,36.7202],[-117.2846,36.6963],[-117.1851,36.6724],[-117.1043,36.6528],[-117.0048,36.6288],[-116.9055,36.6046],[-116.8062,36.5804],[-116.75,36.5667]]}},{"type":"Feature","properties":{"ident":"Q161","type":"RNAV","run":1},"geometry":{"type":"LineString","coordinates":[[-77.5405,34.5183],[-77.4958,34.5931],[-77.4511,34.6678],[-77.4062,34.7426],[-77.3613,34.8173],[-77.3163,34.892],[-77.2713,34.9667],[-77.2261,35.0414],[-77.1809,35.116],[-77.1356,35.1907],[-77.0902,35.2653],[-77.0447,35.3399],[-76.9991,35.4145],[-76.9534,35.489],[-76.9077,35.5636],[-76.8975,35.5802],[-76.8522,35.6549],[-76.8067,35.7296],[-76.7612,35.8043],[-76.7155,35.8789],[-76.699,35.906],[-76.6497,35.9792],[-76.6003,36.0524],[-76.5509,36.1255],[-76.5014,36.1986],[-76.4517,36.2717],[-76.402,36.3447],[-76.3522,36.4178],[-76.3023,36.4908],[-76.2523,36.5638],[-76.2022,36.6368],[-76.152,36.7098],[-76.1018,36.7827],[-76.0514,36.8556],[-76.0009,36.9285],[-75.9503,37.0014],[-75.8997,37.0743],[-75.8895,37.0888],[-75.8617,37.1692],[-75.8339,37.2495],[-75.8059,37.3298],[-75.778,37.4101],[-75.7499,37.4904],[-75.7218,37.5707],[-75.6937,37.651],[-75.6655,37.7313],[-75.6372,37.8116],[-75.6265,37.842]]}},{"type":"Feature","properties":{"ident":"Q162","type":"RNAV","run":1},"geometry":{"type":"LineString","coordinates":[[-111.8622,35.4561],[-111.7599,35.458],[-111.6577,35.4598],[-111.5554,35.4615],[-111.4531,35.4632],[-111.3508,35.4647],[-111.2485,35.4662],[-111.1462,35.4676],[-111.0439,35.4689],[-110.9416,35.4701],[-110.8393,35.4712],[-110.7667,35.472],[-110.6644,35.4729],[-110.5621,35.4738],[-110.4598,35.4746],[-110.3574,35.4754],[-110.2551,35.476],[-110.1528,35.4765],[-110.0505,35.477],[-109.9481,35.4774],[-109.8458,35.4776],[-109.7435,35.4778],[-109.6411,35.478],[-109.6202,35.478],[-109.5179,35.478],[-109.4156,35.4779],[-109.3132,35.4777],[-109.2109,35.4775],[-109.1086,35.4771],[-109.0062,35.4767],[-108.9039,35.4762],[-108.8726,35.476],[-108.7707,35.4837],[-108.6688,35.4912],[-108.5669,35.4987],[-108.4649,35.5061],[-108.3629,35.5134],[-108.3034,35.5177],[-108.2014,35.5248],[-108.0993,35.5319],[-107.9973,35.5389],[-107.8953,35.5459],[-107.7932,35.5527],[-107.7336,35.5566],[-107.6315,35.5633],[-107.5293,35.5699],[-107.4272,35.5765],[-107.325,35.5829],[-107.2229,35.5892],[-107.1622,35.593],[-107.06,35.5992],[-107.0399,35.6004],[-106.9377,35.6065],[-106.8354,35.6125],[-106.7332,35.6184],[-106.6309,35.6243],[-106.5287,35.63],[-106.4264,35.6357],[-106.3241,35.6413],[-106.2218,35.6468],[-106.1194,35.6522],[-106.0171,35.6575],[-105.9147,35.6628],[-105.8124,35.6679],[-105.71,35.673],[-105.6076,35.678],[-105.5052,35.6829],[-105.4027,35.6877],[-105.3691,35.6892],[-105.2669,35.6962],[-105.1646,35.703],[-105.0623,35.7097],[-104.96,35.7164],[-104.8577,35.723],[-104.7554,35.7295],[-104.653,35.7359],[-104.5506,35.7422],[-104.4483,35.7484],[-104.3459,35.7546],[-104.2434,35.7606],[-104.141,35.7666],[-104.0386,35.7725],[-103.9361,35.7783],[-103.8422,35.7835],[-103.7395,35.7855],[-103.6368,35.7873],[-103.5341,35.7891],[-103.4314,35.7907],[-103.3287,35.7923],[-103.226,35.7938],[-103.1232,35.7952],[-103.0205,35.7965],[-102.9185,35.7978],[-102.8158,35.7989],[-102.7131,35.7999],[-102.6103,35.8009],[-102.5076,35.8018],[-102.4049,35.8026],[-102.3021,35.8033],[-102.1994,35.8039],[-102.0966,35.8044],[-101.9939,35.8049],[-101.8911,35.8052],[-101.7884,35.8055],[-101.6856,35.8057],[-101.5829,35.8058],[-101.4801,35.8058],[-101.4775,35.8058]]}},{"type":"Feature","properties":{"ident":"Q164","type":"RNAV","run":1},"geometry":{"type":"LineString","coordinates":[[-119.8895,36.8997],[-119.7931,36.9314],[-119.6966,36.963],[-119.6,36.9944],[-119.5034,37.0259],[-119.4067,37.0572],[-119.3098,37.0885],[-119.2129,37.1196],[-119.116,37.1508],[-119.0189,37.1818],[-118.9218,37.2127],[-118.8246,37.2436],[-118.7273,37.2744],[-118.72,37.2767],[-118.6293,37.3183],[-118.5385,37.3599],[-118.4475,37.4014],[-118.3565,37.4429],[-118.2654,37.4842],[-118.1741,37.5255],[-118.0828,37.5668],[-117.9914,37.6079],[-117.8998,37.649],[-117.8082,37.69],[-117.7165,37.731],[-117.6246,37.7719],[-117.5327,37.8127],[-117.4406,37.8534],[-117.3485,37.8941],[-117.2563,37.9347],[-117.1833,37.9667],[-117.0909,38.007],[-116.9983,38.0473],[-116.9056,38.0876],[-116.8128,38.1277],[-116.7199,38.1678],[-116.6269,38.2078],[-116.5338,38.2478],[-116.4406,38.2876],[-116.3473,38.3274],[-116.3333,38.3333],[-116.2271,38.3336],[-116.1209,38.3337],[-116.0146,38.3337],[-115.9084,38.3337],[-115.8022,38.3335],[-115.696,38.3333],[-115.5897,38.3329],[-115.4835,38.3325],[-115.3773,38.332],[-115.271,38.3313],[-115.1648,38.3306],[-115.0586,38.3298],[-114.9615,38.329],[-114.8573,38.3127],[-114.7532,38.2964],[-114.6491,38.28],[-114.5451,38.2634],[-114.4411,38.2468],[-114.3371,38.2301],[-114.2332,38.2133],[-114.1294,38.1965],[-114.0256,38.1795],[-113.9218,38.1624],[-113.8181,38.1453],[-113.7145,38.128],[-113.6109,38.1107],[-113.5073,38.0932],[-113.4038,38.0757],[-113.3004,38.0581],[-113.197,38.0404],[-113.0936,38.0226],[-112.9903,38.0047],[-112.8871,37.9868],[-112.7839,37.9687],[-112.6807,37.9505],[-112.5776,37.9323],[-112.4746,37.914],[-112.3716,37.8955],[-112.2686,37.877],[-112.1657,37.8584],[-112.0629,37.8397],[-112.0,37.8282]]}},{"type":"Feature","properties":{"ident":"Q166","type":"RNAV","run":1},"geometry":{"type":"LineString","coordinates":[[-113.9721,32.7758],[-113.8744,32.7899],[-113.7767,32.8039],[-113.6789,32.8178],[-113.5812,32.8317],[-113.4833,32.8455],[-113.3855,32.8591],[-113.2876,32.8728],[-113.1897,32.8863],[-113.0918,32.8998],[-112.9938,32.9132],[-112.8958,32.9265],[-112.7978,32.9397],[-112.6997,32.9529],[-112.6743,32.9563],[-112.5755,32.9475],[-112.4768,32.9386],[-112.3781,32.9296],[-112.2794,32.9205],[-112.1807,32.9114],[-112.0821,32.9022],[-111.9835,32.8929],[-111.9087,32.8859],[-111.8221,32.8453],[-111.7355,32.8046],[-111.649,32.7639],[-111.5626,32.7232],[-111.4763,32.6824],[-111.39,32.6415],[-111.3038,32.6006],[-111.2177,32.5596],[-111.1317,32.5185],[-111.0458,32.4774],[-110.9599,32.4363],[-110.8741,32.395],[-110.7884,32.3537],[-110.7028,32.3124],[-110.6172,32.271],[-110.5318,32.2295],[-110.4464,32.188],[-110.3611,32.1465],[-110.2758,32.1048],[-110.1907,32.0631],[-110.1897,32.0627],[-110.0918,32.055],[-109.994,32.0472],[-109.8961,32.0394],[-109.7982,32.0315],[-109.7004,32.0235],[-109.6026,32.0154],[-109.5048,32.0072],[-109.407,31.999],[-109.3092,31.9907],[-109.2115,31.9823],[-109.1137,31.9739],[-109.016,31.9654],[-108.9183,31.9568],[-108.8207,31.9481],[-108.723,31.9394],[-108.6254,31.9305],[-108.5277,31.9216],[-108.4301,31.9127],[-108.3326,31.9036],[-108.235,31.8945],[-108.1374,31.8853],[-108.1167,31.8833],[-108.0186,31.8813],[-107.9205,31.8792],[-107.8224,31.8771],[-107.7243,31.8748],[-107.6262,31.8725],[-107.5281,31.8701],[-107.43,31.8676],[-107.332,31.8651],[-107.2339,31.8625],[-107.1358,31.8598],[-107.0378,31.857],[-106.9397,31.8541],[-106.8417,31.8512],[-106.7436,31.8482],[-106.6456,31.8451],[-106.5862,31.8432],[-106.4886,31.8346],[-106.3911,31.8258],[-106.2936,31.817],[-106.2819,31.8159],[-106.2051,31.7641],[-106.1285,31.7122],[-106.0519,31.6602],[-105.9754,31.6082],[-105.899,31.5562],[-105.8227,31.5041],[-105.7465,31.452],[-105.6703,31.3998],[-105.5942,31.3476],[-105.5183,31.2954],[-105.4424,31.2431],[-105.3665,31.1907],[-105.3414,31.1733],[-105.2626,31.1244],[-105.1838,31.0755],[-105.1052,31.0264],[-105.0897,31.0168],[-105.0111,30.9677],[-104.9326,30.9186],[-104.8542,30.8694],[-104.7759,30.8202],[-104.6977,30.771],[-104.6195,30.7216],[-104.5414,30.6723],[-104.4634,30.6229],[-104.3855,30.5734],[-104.3076,30.524],[-104.2299,30.4744],[-104.1522,30.4248],[-104.0746,30.3752],[-103.9971,30.3255],[-103.9548,30.2984],[-103.8599,30.2832],[-103.765,30.268],[-103.6702,30.2527],[-103.5754,30.2374],[-103.4806,30.2219],[-103.3858,30.2065],[-103.2911,30.1909],[-103.1964,30.1753],[-103.1018,30.1596],[-103.0071,30.1438],[-102.9125,30.128],[-102.818,30.1121],[-102.7234,30.0961],[-102.6464,30.0831]]}},{"type":"Feature","properties":{"ident":"Q167","type":"RNAV","run":1},"geometry":{"type":"LineString","coordinates":[[-75.6265,37.842],[-75.5668,37.9107],[-75.5069,37.9794],[-75.447,38.048],[-75.4429,38.0528],[-75.3799,38.1198],[-75.3168,38.1867],[-75.2535,38.2536],[-75.1902,38.3205],[-75.1268,38.3873],[-75.0632,38.4541],[-75.0502,38.4678],[-74.9812,38.5296],[-74.9141,38.5943],[-74.8468,38.659],[-74.7794,38.7236],[-74.751,38.7508],[-74.6791,38.8124],[-74.6071,38.8741],[-74.5349,38.9356],[-74.529,38.9407],[-74.4602,39.0046],[-74.3913,39.0685],[-74.3222,39.1323],[-74.253,39.1961],[-74.1838,39.2598],[-74.1143,39.3235],[-74.0448,39.3872],[-74.0171,39.4125],[-73.9473,39.476],[-73.8774,39.5396],[-73.8074,39.603],[-73.7372,39.6665],[-73.667,39.7299],[-73.5966,39.7932],[-73.5367,39.847],[-73.4661,39.9103],[-73.3955,39.9737],[-73.3247,40.0369],[-73.2618,40.093],[-73.1906,40.1562],[-73.1194,40.2193],[-73.0857,40.249],[-73.0143,40.312],[-72.9427,40.375],[-72.871,40.438],[-72.7992,40.5009],[-72.7272,40.5637],[-72.6551,40.6265],[-72.5828,40.6893],[-72.5819,40.6901],[-72.5121,40.7545],[-72.4617,40.801],[-72.3843,40.8603],[-72.3121,40.9154],[-72.2123,40.9508],[-72.1123,40.9862],[-72.0123,41.0214],[-71.9752,41.0345],[-71.8837,41.0812],[-71.792,41.1278],[-71.7577,41.1452],[-71.6661,41.192],[-71.5743,41.2387],[-71.4825,41.2853],[-71.3905,41.3319],[-71.3348,41.36],[-71.2427,41.4064],[-71.1503,41.4529],[-71.0579,41.4992],[-70.9653,41.5455],[-70.9641,41.5461],[-70.9098,41.6188],[-70.8553,41.6916],[-70.8008,41.7643],[-70.7462,41.8368]]}},{"type":"Feature","properties":{"ident":"Q168","type":"RNAV","run":1},"geometry":{"type":"LineString","coordinates":[[-114.7551,34.7542],[-114.667,34.7953],[-114.5787,34.8365],[-114.4903,34.8775],[-114.4018,34.9185],[-114.3133,34.9594],[-114.2902,34.9701],[-114.2015,35.0109],[-114.1127,35.0516],[-114.0239,35.0923],[-113.9349,35.1329],[-113.8459,35.1734],[-113.7567,35.2139],[-113.6675,35.2543],[-113.5782,35.2947],[-113.4888,35.335],[-113.3993,35.3752],[-113.3097,35.4153],[-113.2201,35.4554],[-113.1932,35.4674],[-113.1035,35.5074],[-113.0136,35.5473],[-112.9237,35.5872],[-112.8336,35.627],[-112.7435,35.6668],[-112.6533,35.7064],[-112.563,35.7461],[-112.4726,35.7856],[-112.3821,35.8251],[-112.2915,35.8645],[-112.2008,35.9038],[-112.1101,35.9431],[-112.0192,35.9823],[-111.9283,36.0214],[-111.8372,36.0605],[-111.8127,36.071]]}},{"type":"Feature","properties":{"ident":"Q172","type":"RNAV","run":1},"geometry":{"type":"LineString","coordinates":[[-81.5553,33.7913],[-81.4598,33.8166],[-81.3642,33.8418],[-81.2685,33.867],[-81.1728,33.8921],[-81.0771,33.9171],[-80.9812,33.9421],[-80.8853,33.967],[-80.7894,33.9918],[-80.7534,34.0011],[-80.655,34.0179],[-80.5565,34.0347],[-80.458,34.0515],[-80.3594,34.0681],[-80.2608,34.0847],[-80.1622,34.1012],[-80.0635,34.1176],[-79.9648,34.1339],[-79.8661,34.1502],[-79.7673,34.1664],[-79.7467,34.1697],[-79.6479,34.1858],[-79.549,34.2018],[-79.4658,34.2152],[-79.3669,34.2311],[-79.2679,34.2468],[-79.178,34.2611],[-79.0771,34.2604],[-78.9951,34.2598],[-78.8943,34.2582],[-78.7935,34.2566],[-78.6927,34.2548],[-78.5919,34.2529],[-78.4911,34.251],[-78.4882,34.2509]]}},{"type":"Feature","properties":{"ident":"Q174","type":"RNAV","run":1},"geometry":{"type":"LineString","coordinates":[[-119.8895,36.8997],[-119.7931,36.9314],[-119.6966,36.963],[-119.6,36.9944],[-119.5034,37.0259],[-119.4067,37.0572],[-119.3098,37.0885],[-119.2129,37.1196],[-119.116,37.1508],[-119.0189,37.1818],[-118.9218,37.2127],[-118.8246,37.2436],[-118.7273,37.2744],[-118.72,37.2767],[-118.6158,37.2848],[-118.5115,37.2928],[-118.4072,37.3007],[-118.3029,37.3085],[-118.1986,37.3163],[-118.0943,37.3239],[-117.9899,37.3314],[-117.8855,37.3389],[-117.7811,37.3463],[-117.6818,37.3532],[-117.5774,37.3604],[-117.4729,37.3675],[-117.3684,37.3745],[-117.2652,37.3813],[-117.1873,37.3255],[-117.1096,37.2697],[-117.0319,37.2138],[-116.9544,37.1578],[-116.877,37.1018],[-116.8754,37.1006]]}},{"type":"Feature","properties":{"ident":"Q176","type":"RNAV","run":1},"geometry":{"type":"LineString","coordinates":[[-104.872,36.4914],[-104.77,36.5064],[-104.668,36.5213],[-104.566,36.5361],[-104.4639,36.5508],[-104.3618,36.5654],[-104.2596,36.58],[-104.1574,36.5944],[-104.0551,36.6088],[-103.9529,36.6231],[-103.8505,36.6373],[-103.7482,36.6514],[-103.6458,36.6654],[-103.5433,36.6793],[-103.4409,36.6932],[-103.3384,36.7069],[-103.2358,36.7206],[-103.1332,36.7342],[-103.0992,36.7386],[-102.9971,36.7543],[-102.8949,36.7698],[-102.7926,36.7852],[-102.6903,36.8006],[-102.588,36.8158],[-102.4857,36.831],[-102.3833,36.8461],[-102.2808,36.8611],[-102.1783,36.876],[-102.0758,36.8908],[-101.9733,36.9055],[-101.8707,36.9202],[-101.768,36.9347],[-101.6654,36.9492],[-101.5626,36.9636],[-101.4599,36.9779],[-101.3571,36.9921],[-101.2543,37.0062],[-101.1514,37.0202],[-101.0485,37.0341],[-100.9714,37.0445],[-100.8708,37.0669],[-100.7702,37.0892],[-100.6695,37.1114],[-100.5687,37.1336],[-100.4679,37.1556],[-100.367,37.1776],[-100.2661,37.1995],[-100.1651,37.2213],[-100.0641,37.243],[-99.963,37.2646],[-99.8618,37.2861],[-99.7606,37.3076],[-99.6593,37.329],[-99.558,37.3502],[-99.4566,37.3714],[-99.3551,37.3925],[-99.2536,37.4136],[-99.152,37.4345],[-99.0504,37.4553],[-98.9487,37.4761],[-98.847,37.4968],[-98.7452,37.5174],[-98.6434,37.5379],[-98.5415,37.5583],[-98.4395,37.5786],[-98.3994,37.5866],[-98.2974,37.6068],[-98.1953,37.6269],[-98.0931,37.6469],[-97.9909,37.6668],[-97.8887,37.6867],[-97.7864,37.7064],[-97.684,37.7261],[-97.584,37.7452],[-97.4814,37.7641],[-97.3787,37.7829],[-97.2759,37.8017],[-97.1731,37.8203],[-97.0703,37.8388],[-96.9674,37.8573],[-96.8644,37.8757],[-96.8046,37.8863],[-96.7016,37.9045],[-96.5985,37.9226],[-96.4953,37.9407],[-96.3921,37.9586],[-96.2889,37.9765],[-96.1856,37.9943],[-96.0822,38.0119],[-95.9789,38.0295],[-95.8754,38.047],[-95.7719,38.0644],[-95.6684,38.0818],[-95.5648,38.099],[-95.4611,38.1161],[-95.3575,38.1332],[-95.2537,38.1501],[-95.1499,38.167],[-95.1268,38.1707],[-95.023,38.1875],[-94.9191,38.2041],[-94.8151,38.2207],[-94.7112,38.2371],[-94.6071,38.2535],[-94.503,38.2698],[-94.4883,38.2721],[-94.3844,38.2892],[-94.2804,38.3062],[-94.1765,38.3232],[-94.0724,38.34],[-94.0422,38.3449],[-93.9381,38.3616],[-93.834,38.3783],[-93.7298,38.3948],[-93.6255,38.4113],[-93.5212,38.4276],[-93.4169,38.4439],[-93.3125,38.4601],[-93.2081,38.4762],[-93.1036,38.4921],[-92.9991,38.508],[-92.8945,38.5238],[-92.7899,38.5396],[-92.6852,38.5552],[-92.5805,38.5707],[-92.4758,38.5861],[-92.371,38.6015],[-92.2662,38.6167],[-92.1613,38.6319],[-92.1309,38.6362],[-92.026,38.6514],[-91.9211,38.6665],[-91.8161,38.6815],[-91.7426,38.6919],[-91.6375,38.7065],[-91.5323,38.7211],[-91.4271,38.7355],[-91.3219,38.7499],[-91.2166,38.7641],[-91.1113,38.7783],[-91.0059,38.7923],[-90.9005,38.8063],[-90.795,38.8202],[-90.6895,38.834],[-90.584,38.8476],[-90.4824,38.8607],[-90.3753,38.8599],[-90.2683,38.8589],[-90.1613,38.8578],[-90.0543,38.8566],[-89.9473,38.8554],[-89.8404,38.854],[-89.7334,38.8525],[-89.6264,38.851],[-89.5194,38.8493],[-89.4124,38.8475],[-89.3055,38.8457],[-89.1985,38.8437],[-89.1197,38.8422],[-89.0128,38.8401],[-88.9712,38.8392],[-88.8642,38.837],[-88.7573,38.8346],[-88.6504,38.8321],[-88.5435,38.8296],[-88.4365,38.8269],[-88.3296,38.8242],[-88.2227,38.8213],[-88.1159,38.8184],[-88.009,38.8153],[-87.9021,38.8122],[-87.7952,38.8089],[-87.6884,38.8056],[-87.5816,38.8022],[-87.4747,38.7986],[-87.3679,38.795],[-87.2611,38.7913],[-87.1543,38.7874],[-87.0475,38.7835],[-86.9408,38.7795],[-86.834,38.7754],[-86.7272,38.7712],[-86.6205,38.7669],[-86.5138,38.7625],[-86.4402,38.7594],[-86.3335,38.7548],[-86.2268,38.7501],[-86.1201,38.7453],[-86.0135,38.7405],[-85.9068,38.7355],[-85.8002,38.7304],[-85.6936,38.7253],[-85.587,38.72],[-85.4804,38.7147],[-85.3739,38.7092],[-85.2673,38.7037],[-85.1703,38.6985],[-85.064,38.6908],[-84.9577,38.6829],[-84.8515,38.6749],[-84.7452,38.6668],[-84.639,38.6586],[-84.5329,38.6504],[-84.4267,38.642],[-84.4225,38.6417],[-84.316,38.6477],[-84.2096,38.6536],[-84.1032,38.6595],[-83.9967,38.6652],[-83.8902,38.6709],[-83.7837,38.6765],[-83.6772,38.6819],[-83.5707,38.6873],[-83.4641,38.6925],[-83.3576,38.6977],[-83.251,38.7028],[-83.1444,38.7078],[-83.0378,38.7127],[-82.9312,38.7174],[-82.8245,38.7221],[-82.7179,38.7267],[-82.6112,38.7312],[-82.5046,38.7356],[-82.3979,38.7399],[-82.2912,38.7441],[-82.1845,38.7482],[-82.0777,38.7522],[-82.0262,38.7541],[-81.9195,38.7586],[-81.8128,38.763],[-81.706,38.7673],[-81.5993,38.7715],[-81.4925,38.7757],[-81.3858,38.7797],[-81.279,38.7836],[-81.1722,38.7874],[-81.0654,38.7911],[-80.9586,38.7947],[-80.8518,38.7983],[-80.7449,38.8017],[-80.6381,38.805],[-80.5312,38.8083],[-80.4244,38.8114],[-80.3175,38.8145],[-80.2106,38.8174],[-80.1193,38.8198],[-80.0124,38.8226],[-79.9055,38.8253],[-79.7986,38.8278],[-79.6916,38.8303],[-79.5847,38.8326],[-79.4778,38.8349],[-79.3708,38.8371],[-79.2639,38.8392],[-79.1968,38.8404],[-79.0899,38.8423],[-78.9829,38.8441],[-78.8759,38.8459],[-78.769,38.8475],[-78.662,38.849],[-78.555,38.8504],[-78.448,38.8518],[-78.341,38.853],[-78.234,38.8541],[-78.2056,38.8544]]}},{"type":"Feature","properties":{"ident":"Q178","type":"RNAV","run":1},"geometry":{"type":"LineString","coordinates":[[-82.162,41.3581],[-82.068,41.3137],[-81.9742,41.2693],[-81.8805,41.2248],[-81.7869,41.1802],[-81.6935,41.1355],[-81.6014,41.0914],[-81.5082,41.0465],[-81.4151,41.0017],[-81.3222,40.9567],[-81.2294,40.9117],[-81.1443,40.8703],[-81.0518,40.8251],[-80.9593,40.7798],[-80.867,40.7345],[-80.7748,40.6891],[-80.7408,40.6723],[-80.6488,40.6268],[-80.5847,40.5951],[-80.4929,40.5494],[-80.4013,40.5037],[-80.3315,40.4689],[-80.2401,40.423],[-80.1488,40.3771],[-80.0576,40.3312],[-80.0573,40.331],[-79.9662,40.285],[-79.8753,40.2389],[-79.7845,40.1927],[-79.6938,40.1464],[-79.6032,40.1001],[-79.5127,40.0537],[-79.4224,40.0073],[-79.4149,40.0034],[-79.3132,39.9738],[-79.2116,39.9441],[-79.1102,39.9143],[-79.0088,39.8845],[-78.9074,39.8545],[-78.8062,39.8245],[-78.7051,39.7943],[-78.604,39.7641],[-78.5031,39.7338],[-78.4022,39.7034],[-78.3014,39.6729],[-78.2007,39.6424],[-78.1001,39.6117],[-77.9996,39.581],[-77.8992,39.5501],[-77.8606,39.5383],[-77.7599,39.5081],[-77.6593,39.4778],[-77.5983,39.4594],[-77.4979,39.4289],[-77.3975,39.3984],[-77.3013,39.3691],[-77.2011,39.3384],[-77.101,39.3076],[-77.001,39.2767],[-76.9011,39.2458],[-76.8013,39.2148],[-76.7015,39.1837],[-76.6613,39.1711]]}},{"type":"Feature","properties":{"ident":"Q180","type":"RNAV","run":1},"geometry":{"type":"LineString","coordinates":[[-112.8246,33.4535],[-112.7276,33.4338],[-112.6305,33.4141],[-112.5336,33.3943],[-112.4367,33.3745],[-112.3398,33.3545],[-112.243,33.3345],[-112.1462,33.3144],[-112.0494,33.2943],[-111.9527,33.274],[-111.8561,33.2537],[-111.7595,33.2333],[-111.6629,33.2128],[-111.5664,33.1923],[-111.4699,33.1717],[-111.3735,33.151],[-111.2884,33.1327],[-111.1921,33.1118],[-111.0958,33.0909],[-110.9996,33.0699],[-110.9034,33.0489],[-110.8072,33.0277],[-110.7111,33.0065],[-110.615,32.9852],[-110.519,32.9639],[-110.4231,32.9425],[-110.3271,32.9209],[-110.2313,32.8994],[-110.1354,32.8777],[-110.0397,32.856],[-109.9439,32.8342],[-109.8483,32.8123],[-109.7526,32.7904],[-109.657,32.7684],[-109.5615,32.7463],[-109.466,32.7241],[-109.3705,32.7019],[-109.2751,32.6796],[-109.1798,32.6572],[-109.0845,32.6347],[-108.9892,32.6122],[-108.8956,32.59],[-108.8005,32.5673],[-108.7053,32.5446],[-108.6103,32.5218],[-108.5153,32.4989],[-108.4203,32.4759],[-108.3254,32.4529],[-108.2305,32.4298],[-108.1357,32.4066],[-108.0409,32.3834],[-107.9462,32.3601],[-107.8515,32.3367],[-107.7569,32.3133],[-107.6623,32.2897],[-107.6055,32.2756],[-107.5106,32.253],[-107.4158,32.2305],[-107.321,32.2078],[-107.2263,32.1851],[-107.1316,32.1623],[-107.0369,32.1394],[-106.9423,32.1165],[-106.8478,32.0935],[-106.7533,32.0704],[-106.6588,32.0473],[-106.5644,32.0241],[-106.47,32.0008],[-106.3757,31.9775],[-106.2815,31.954],[-106.2725,31.9518]]}},{"type":"Feature","properties":{"ident":"Q184","type":"RNAV","run":1},"geometry":{"type":"LineString","coordinates":[[-97.1794,32.8895],[-97.0802,32.8873],[-96.981,32.885],[-96.8818,32.8827],[-96.7827,32.8803],[-96.6835,32.8778],[-96.5843,32.8752],[-96.4851,32.8725],[-96.386,32.8698],[-96.2868,32.867],[-96.1877,32.8641],[-96.0885,32.8611],[-95.9894,32.8581],[-95.8903,32.855],[-95.7911,32.8518],[-95.692,32.8485],[-95.5929,32.8451],[-95.4938,32.8417],[-95.3947,32.8382],[-95.2956,32.8346],[-95.1966,32.8309],[-95.0975,32.8272],[-94.9984,32.8234],[-94.8994,32.8195],[-94.8004,32.8155],[-94.7013,32.8114],[-94.6023,32.8073],[-94.5033,32.8031],[-94.4043,32.7988],[-94.3053,32.7944],[-94.2063,32.79],[-94.1073,32.7854],[-94.0084,32.7808],[-93.9094,32.7761],[-93.8105,32.7714],[-93.8097,32.7714],[-93.711,32.7638],[-93.6124,32.7562],[-93.5972,32.7551],[-93.4986,32.7474],[-93.3999,32.7396],[-93.3013,32.7317],[-93.2027,32.7238],[-93.181,32.7221],[-93.0824,32.714],[-93.0561,32.7119],[-92.9575,32.7038],[-92.859,32.6955],[-92.7604,32.6873],[-92.6619,32.6789],[-92.5634,32.6705],[-92.5521,32.6695],[-92.4536,32.661],[-92.3552,32.6524],[-92.2567,32.6437],[-92.1583,32.635],[-92.0599,32.6261],[-91.9616,32.6172],[-91.8632,32.6083],[-91.7649,32.5992],[-91.6666,32.5901],[-91.5683,32.5809],[-91.47,32.5716],[-91.3718,32.5622],[-91.2735,32.5528],[-91.1753,32.5433],[-91.0771,32.5337],[-90.979,32.524],[-90.8808,32.5143],[-90.7827,32.5045],[-90.6846,32.4946],[-90.5865,32.4846],[-90.4884,32.4746],[-90.3904,32.4644],[-90.2924,32.4542],[-90.1944,32.444],[-90.0996,32.434],[-90.001,32.4302],[-89.9024,32.4264],[-89.8038,32.4225],[-89.7052,32.4185],[-89.6066,32.4144],[-89.508,32.4103],[-89.4094,32.406],[-89.3108,32.4017],[-89.2123,32.3974],[-89.1137,32.3929],[-89.0152,32.3884],[-88.9167,32.3838],[-88.8182,32.3791],[-88.8041,32.3784],[-88.7055,32.3752],[-88.6069,32.3719],[-88.5083,32.3685],[-88.4582,32.3668],[-88.3595,32.3658],[-88.2609,32.3648],[-88.1622,32.3637],[-88.0636,32.3625],[-87.965,32.3612],[-87.8663,32.3599],[-87.7677,32.3585],[-87.669,32.357],[-87.5704,32.3554],[-87.4718,32.3538],[-87.3732,32.352],[-87.2746,32.3502],[-87.1759,32.3483],[-87.0773,32.3464],[-86.9913,32.3446]]}},{"type":"Feature","properties":{"ident":"Q186","type":"RNAV","run":1},"geometry":{"type":"LineString","coordinates":[[-86.3074,41.7698],[-86.1957,41.7711],[-86.084,41.7722],[-85.9723,41.7733],[-85.8605,41.7743],[-85.7488,41.7751],[-85.6371,41.7759],[-85.5253,41.7765],[-85.4136,41.7771],[-85.3019,41.7775],[-85.2067,41.7778],[-85.0949,41.7781],[-84.9832,41.7783],[-84.8715,41.7784],[-84.7597,41.7784],[-84.648,41.7783],[-84.5362,41.7781],[-84.4251,41.7777],[-84.3133,41.7773],[-84.2016,41.7768],[-84.0898,41.7761],[-83.9781,41.7753],[-83.8664,41.7745],[-83.7547,41.7735],[-83.6429,41.7724],[-83.5518,41.7714],[-83.441,41.7608],[-83.3303,41.75],[-83.2195,41.7391],[-83.1088,41.7281],[-82.9982,41.717],[-82.8876,41.7058],[-82.7892,41.6958],[-82.7006,41.6867],[-82.604,41.6766],[-82.4935,41.6651],[-82.3831,41.6534],[-82.2727,41.6416],[-82.1624,41.6297],[-82.052,41.6177],[-81.9418,41.6056],[-81.8315,41.5934],[-81.7214,41.581],[-81.6112,41.5686],[-81.5011,41.5561],[-81.4123,41.5459],[-81.3017,41.5359],[-81.1912,41.5258],[-81.0808,41.5155],[-80.9704,41.5052],[-80.86,41.4947],[-80.7496,41.4842],[-80.6393,41.4736],[-80.529,41.4628],[-80.4188,41.4519],[-80.3086,41.441],[-80.1984,41.4299],[-80.1118,41.4211],[-80.0016,41.4105],[-79.8914,41.3998],[-79.7813,41.3889],[-79.6712,41.378],[-79.5611,41.367],[-79.4511,41.3558],[-79.3411,41.3446],[-79.2312,41.3332],[-79.1213,41.3218],[-79.0114,41.3102],[-78.9015,41.2986],[-78.8643,41.2946],[-78.7545,41.2828],[-78.6448,41.2708],[-78.5351,41.2588],[-78.4581,41.2503],[-78.3485,41.2378],[-78.239,41.2252],[-78.1295,41.2124],[-78.0201,41.1996],[-77.9709,41.1937]]}},{"type":"Feature","properties":{"ident":"Q19","type":"RNAV","run":1},"geometry":{"type":"LineString","coordinates":[[-84.0762,30.3736],[-84.119,30.4483],[-84.1618,30.523],[-84.2047,30.5977],[-84.2477,30.6724],[-84.2907,30.7471],[-84.3338,30.8217],[-84.377,30.8964],[-84.4202,30.971],[-84.4635,31.0456],[-84.5069,31.1202],[-84.5503,31.1948],[-84.5938,31.2693],[-84.6251,31.3229],[-84.6516,31.4031],[-84.6782,31.4833],[-84.7048,31.5635],[-84.7314,31.6437],[-84.7581,31.7238],[-84.7848,31.804],[-84.8059,31.8671],[-84.8389,31.9455],[-84.872,32.024],[-84.9052,32.1025],[-84.9384,32.1809],[-84.9717,32.2593],[-85.005,32.3378],[-85.0384,32.4162],[-85.0718,32.4946],[-85.1053,32.573],[-85.1389,32.6514],[-85.1725,32.7297],[-85.2062,32.8081],[-85.2399,32.8865],[-85.2737,32.9648],[-85.3076,33.0432],[-85.3415,33.1215],[-85.3755,33.1998],[-85.4095,33.2781],[-85.4436,33.3564],[-85.4778,33.4347],[-85.512,33.513],[-85.5463,33.5913],[-85.5475,33.594],[-85.5824,33.6721],[-85.6173,33.7502],[-85.6524,33.8283],[-85.6875,33.9063],[-85.7226,33.9844],[-85.7578,34.0624],[-85.7931,34.1405],[-85.8285,34.2185],[-85.8639,34.2965],[-85.8994,34.3745],[-85.9349,34.4525],[-85.9706,34.5305],[-86.0063,34.6085],[-86.0304,34.6612],[-86.0646,34.7396],[-86.0988,34.8181],[-86.1331,34.8965],[-86.1674,34.9749],[-86.2018,35.0533],[-86.2363,35.1318],[-86.2709,35.2102],[-86.3055,35.2885],[-86.3402,35.3669],[-86.3749,35.4453],[-86.4098,35.5236],[-86.4447,35.602],[-86.4796,35.6803],[-86.5146,35.7587],[-86.5497,35.837],[-86.5849,35.9153],[-86.6201,35.9936],[-86.6555,36.0719],[-86.6848,36.1368],[-86.76,36.1939],[-86.8353,36.2509],[-86.9107,36.308],[-86.9862,36.3649],[-87.0618,36.4218],[-87.1375,36.4787],[-87.2134,36.5355],[-87.2893,36.5922],[-87.3159,36.6121],[-87.3921,36.6688],[-87.4683,36.7254],[-87.5446,36.782],[-87.6211,36.8385],[-87.6977,36.895],[-87.7744,36.9515],[-87.8512,37.0078],[-87.9281,37.0642],[-88.0051,37.1205],[-88.0823,37.1767],[-88.1595,37.2329],[-88.2369,37.289],[-88.2562,37.303],[-88.3337,37.3591],[-88.4114,37.4151],[-88.4891,37.4711],[-88.567,37.527],[-88.645,37.5829],[-88.7011,37.623],[-88.7793,37.6788],[-88.8575,37.7346],[-88.9359,37.7903],[-88.9632,37.8096],[-89.0418,37.8652],[-89.1205,37.9207],[-89.1993,37.9763],[-89.2782,38.0317],[-89.3573,38.0871],[-89.4365,38.1424],[-89.5158,38.1977],[-89.5952,38.253],[-89.6747,38.3082],[-89.7544,38.3633],[-89.8342,38.4184],[-89.9141,38.4734],[-89.9941,38.5284],[-90.0743,38.5833],[-90.1545,38.6381],[-90.2349,38.6929],[-90.3154,38.7477],[-90.3961,38.8024],[-90.4769,38.857],[-90.4824,38.8607],[-90.5543,38.9224],[-90.6264,38.9841],[-90.6986,39.0457],[-90.7709,39.1073],[-90.8433,39.1688],[-90.9159,39.2303],[-90.9886,39.2918],[-91.0615,39.3532],[-91.1344,39.4145],[-91.2075,39.4758],[-91.2807,39.5371],[-91.3541,39.5983],[-91.4275,39.6595],[-91.4431,39.6724],[-91.5167,39.7335],[-91.5904,39.7946],[-91.6643,39.8556],[-91.7383,39.9166],[-91.8124,39.9776],[-91.8867,40.0385],[-91.9611,40.0993],[-92.0356,40.1601],[-92.1103,40.2209],[-92.1839,40.2806],[-92.2588,40.3412],[-92.3339,40.4018],[-92.4091,40.4624],[-92.4845,40.5229],[-92.5573,40.5812],[-92.6329,40.6416],[-92.6986,40.694],[-92.7745,40.7543],[-92.7888,40.7656],[-92.8649,40.8259],[-92.9411,40.8861],[-93.0174,40.9462],[-93.0938,41.0063],[-93.1704,41.0664],[-93.2472,41.1264],[-93.324,41.1863],[-93.4011,41.2462],[-93.4782,41.3061],[-93.5555,41.3659],[-93.6329,41.4256],[-93.6486,41.4376],[-93.7275,41.4964],[-93.8065,41.555],[-93.8857,41.6137],[-93.965,41.6722],[-94.0445,41.7307],[-94.1241,41.7892],[-94.2038,41.8476],[-94.2837,41.9059],[-94.3638,41.9642],[-94.444,42.0225],[-94.5243,42.0806],[-94.6048,42.1388],[-94.6855,42.1968],[-94.7662,42.2548],[-94.8472,42.3128],[-94.9283,42.3707],[-95.0095,42.4285],[-95.0194,42.4356],[-95.1008,42.4933],[-95.1824,42.551],[-95.2641,42.6087],[-95.3459,42.6663],[-95.428,42.7238],[-95.5101,42.7813],[-95.5925,42.8387],[-95.6749,42.8961],[-95.7576,42.9534],[-95.8404,43.0106],[-95.9233,43.0678],[-96.0064,43.1249],[-96.0896,43.182],[-96.173,43.2389],[-96.2566,43.2959],[-96.3403,43.3528],[-96.4242,43.4096],[-96.5082,43.4663],[-96.5924,43.523],[-96.6767,43.5796],[-96.7613,43.6362],[-96.7811,43.6495],[-96.8424,43.7201],[-96.9037,43.7907],[-96.9652,43.8612],[-97.0269,43.9317],[-97.0887,44.0022],[-97.1506,44.0726],[-97.2127,44.143],[-97.275,44.2133],[-97.3374,44.2837],[-97.3999,44.354],[-97.4626,44.4242],[-97.5255,44.4945],[-97.5885,44.5647],[-97.6516,44.6348],[-97.7149,44.7049],[-97.7784,44.775],[-97.842,44.8451],[-97.9057,44.9151],[-97.9697,44.9851],[-98.0337,45.055],[-98.098,45.1249],[-98.1624,45.1948],[-98.2269,45.2646],[-98.2916,45.3344],[-98.3565,45.4042],[-98.3687,45.4174]]}},{"type":"Feature","properties":{"ident":"Q190","type":"RNAV","run":1},"geometry":{"type":"LineString","coordinates":[[-81.8723,41.9212],[-81.831,41.9176],[-81.7198,41.9078],[-81.6086,41.8979],[-81.4975,41.8879],[-81.3864,41.8778],[-81.2753,41.8676],[-81.1643,41.8573],[-81.0533,41.8469],[-80.9423,41.8363],[-80.8314,41.8257],[-80.7205,41.815],[-80.6097,41.8041],[-80.5846,41.8016],[-80.4738,41.7907],[-80.3631,41.7796],[-80.2523,41.7684],[-80.1417,41.7571],[-80.031,41.7457],[-79.9204,41.7341],[-79.8098,41.7225],[-79.6993,41.7108],[-79.5888,41.6989],[-79.4784,41.687],[-79.368,41.675],[-79.2576,41.6628],[-79.2075,41.6573],[-79.0972,41.6449],[-78.9869,41.6325],[-78.8767,41.62],[-78.7666,41.6074],[-78.6564,41.5947],[-78.5463,41.5818],[-78.4363,41.5689],[-78.3263,41.5558],[-78.2164,41.5427],[-78.1065,41.5294],[-77.9966,41.5161],[-77.9811,41.5142],[-77.8806,41.55],[-77.78,41.5857],[-77.6793,41.6214],[-77.5784,41.6569],[-77.4775,41.6924],[-77.3764,41.7278],[-77.2752,41.7631],[-77.174,41.7983],[-77.1093,41.8207],[-77.0081,41.8563],[-76.9328,41.8827],[-76.8315,41.9181],[-76.73,41.9534],[-76.6284,41.9887],[-76.5267,42.0238],[-76.425,42.0589],[-76.323,42.0938],[-76.221,42.1287],[-76.1365,42.1575],[-76.0348,42.193],[-75.9329,42.2284],[-75.831,42.2638],[-75.7844,42.2799],[-75.6824,42.3151],[-75.5801,42.3502],[-75.4778,42.3853],[-75.3754,42.4203],[-75.2728,42.4551],[-75.2394,42.4665],[-75.1304,42.4886],[-75.0214,42.5106],[-74.9124,42.5326],[-74.8032,42.5544],[-74.694,42.5761],[-74.5847,42.5977],[-74.4753,42.6192],[-74.3658,42.6407],[-74.2563,42.662],[-74.1467,42.6832],[-74.037,42.7043],[-73.9272,42.7253],[-73.8174,42.7461],[-73.8134,42.7469]]}},{"type":"Feature","properties":{"ident":"Q190","type":"RNAV","run":2},"geometry":{"type":"LineString","coordinates":[[-83.4576,42.048],[-83.3459,42.0398],[-83.2343,42.0315],[-83.1422,42.0246]]}},{"type":"Feature","properties":{"ident":"Q2","type":"RNAV","run":1},"geometry":{"type":"LineString","coordinates":[[-118.0259,34.4224],[-117.9286,34.3999],[-117.8314,34.3773],[-117.7343,34.3546],[-117.6372,34.3318],[-117.5402,34.309],[-117.4432,34.286],[-117.3463,34.263],[-117.2494,34.2399],[-117.1526,34.2168],[-117.0559,34.1935],[-116.9591,34.1702],[-116.8625,34.1469],[-116.7659,34.1234],[-116.6693,34.0999],[-116.5728,34.0762],[-116.4764,34.0526],[-116.38,34.0288],[-116.2837,34.005],[-116.1874,33.981],[-116.0912,33.9571],[-115.995,33.933],[-115.8989,33.9089],[-115.8028,33.8846],[-115.7068,33.8604],[-115.6109,33.836],[-115.515,33.8116],[-115.4191,33.7871],[-115.3233,33.7625],[-115.2276,33.7378],[-115.1319,33.7131],[-115.0363,33.6883],[-114.9407,33.6634],[-114.8452,33.6385],[-114.7498,33.6134],[-114.6544,33.5883],[-114.559,33.5632],[-114.4706,33.5397],[-114.3723,33.5246],[-114.274,33.5094],[-114.1758,33.4941],[-114.0776,33.4787],[-113.9794,33.4632],[-113.8813,33.4477],[-113.7832,33.4321],[-113.6851,33.4164],[-113.5871,33.4006],[-113.4891,33.3848],[-113.3912,33.3689],[-113.2933,33.3529],[-113.1954,33.3368],[-113.0975,33.3207],[-112.9997,33.3044],[-112.902,33.2881],[-112.8042,33.2717],[-112.7065,33.2553],[-112.6089,33.2388],[-112.5112,33.2221],[-112.4137,33.2055],[-112.3333,33.1917],[-112.239,33.1652],[-112.1446,33.1386],[-112.0504,33.1119],[-111.9561,33.0852],[-111.862,33.0584],[-111.7679,33.0315],[-111.6738,33.0046],[-111.5798,32.9776],[-111.4859,32.9505],[-111.392,32.9234],[-111.2982,32.8961],[-111.2045,32.8689],[-111.1108,32.8415],[-111.0171,32.8141],[-110.9236,32.7866],[-110.83,32.759],[-110.7366,32.7314],[-110.6432,32.7037],[-110.5498,32.6759],[-110.4565,32.648],[-110.3633,32.6201],[-110.2701,32.5921],[-110.177,32.5641],[-110.0839,32.536],[-109.9909,32.5078],[-109.898,32.4795],[-109.8051,32.4512],[-109.7739,32.4417],[-109.6762,32.4294],[-109.5786,32.417],[-109.481,32.4046],[-109.3834,32.3921],[-109.2859,32.3795],[-109.1884,32.3668],[-109.0909,32.3541],[-108.9934,32.3413],[-108.896,32.3284],[-108.7986,32.3154],[-108.7012,32.3024],[-108.6038,32.2893],[-108.5065,32.2761],[-108.4092,32.2628],[-108.312,32.2495],[-108.2147,32.2361],[-108.1175,32.2226],[-108.0203,32.2091],[-107.9232,32.1954],[-107.8261,32.1817],[-107.729,32.1679],[-107.6319,32.1541],[-107.5349,32.1402],[-107.4379,32.1261],[-107.3409,32.1121],[-107.2439,32.0979],[-107.147,32.0837],[-107.0501,32.0694],[-106.9533,32.055],[-106.8565,32.0406],[-106.7597,32.0261],[-106.6629,32.0115],[-106.5662,31.9968],[-106.4695,31.9821],[-106.3728,31.9672],[-106.2762,31.9524],[-106.2725,31.9518]]}},{"type":"Feature","properties":{"ident":"Q20","type":"RNAV","run":1},"geometry":{"type":"LineString","coordinates":[[-105.678,34.367],[-105.6122,34.3039],[-105.5464,34.2407],[-105.4808,34.1775],[-105.4153,34.1142],[-105.3498,34.0509],[-105.2845,33.9876],[-105.2192,33.9242],[-105.1541,33.8608],[-105.089,33.7974],[-105.0241,33.7339],[-104.9592,33.6704],[-104.8944,33.6069],[-104.8534,33.5666],[-104.7751,33.5147],[-104.697,33.4628],[-104.6189,33.4109],[-104.5409,33.3589],[-104.463,33.3068],[-104.3852,33.2547],[-104.3075,33.2026],[-104.2299,33.1504],[-104.1523,33.0982],[-104.0749,33.0459],[-103.9976,32.9936],[-103.9333,32.95],[-103.8552,32.8986],[-103.7772,32.8471],[-103.6993,32.7956],[-103.6214,32.744],[-103.5436,32.6924],[-103.466,32.6408],[-103.3884,32.589],[-103.3109,32.5373],[-103.2335,32.4855],[-103.1562,32.4336],[-103.079,32.3817],[-103.0018,32.3298],[-102.9248,32.2778],[-102.8478,32.2258],[-102.771,32.1737],[-102.6942,32.1215],[-102.6175,32.0694],[-102.5409,32.0171],[-102.4644,31.9649],[-102.388,31.9125],[-102.3116,31.8602],[-102.2354,31.8078],[-102.1592,31.7553],[-102.0831,31.7028],[-102.0071,31.6503],[-101.9312,31.5977],[-101.8554,31.5451],[-101.7796,31.4924],[-101.704,31.4397],[-101.6284,31.3869],[-101.5529,31.3341],[-101.4775,31.2812],[-101.4022,31.2283],[-101.3292,31.1769],[-101.24,31.1435],[-101.1509,31.1099],[-101.0618,31.0763],[-100.9728,31.0427],[-100.8839,31.009],[-100.795,30.9752],[-100.7062,30.9414],[-100.6175,30.9075],[-100.5288,30.8735],[-100.4402,30.8395],[-100.3517,30.8054],[-100.2632,30.7713],[-100.1748,30.7371],[-100.0864,30.7028],[-99.9981,30.6685],[-99.9099,30.6341],[-99.8217,30.5997],[-99.8175,30.598]]}},{"type":"Feature","properties":{"ident":"Q21","type":"RNAV","run":1},"geometry":{"type":"LineString","coordinates":[[-95.4594,34.5159],[-95.406,34.5867],[-95.3525,34.6574],[-95.2989,34.7281],[-95.2452,34.7988],[-95.1915,34.8695],[-95.1376,34.9402],[-95.0837,35.0108],[-95.0296,35.0814],[-94.9755,35.152],[-94.9213,35.2226],[-94.8669,35.2931],[-94.8125,35.3637],[-94.758,35.4341],[-94.7034,35.5046],[-94.6487,35.5751],[-94.5939,35.6455],[-94.539,35.7159],[-94.484,35.7862],[-94.4289,35.8566],[-94.3737,35.9269],[-94.3184,35.9972],[-94.263,36.0675],[-94.2075,36.1377],[-94.1519,36.2079],[-94.1214,36.2464]]}},{"type":"Feature","properties":{"ident":"Q22","type":"RNAV","run":1},"geometry":{"type":"LineString","coordinates":[[-92.9098,29.9709],[-92.816,29.9892],[-92.7221,30.0075],[-92.6282,30.0257],[-92.5342,30.0438],[-92.4402,30.0618],[-92.3462,30.0798],[-92.2521,30.0977],[-92.1581,30.1156],[-92.0639,30.1334],[-91.9698,30.1511],[-91.8756,30.1687],[-91.7814,30.1863],[-91.6871,30.2038],[-91.5928,30.2213],[-91.4985,30.2386],[-91.4041,30.256],[-91.3097,30.2732],[-91.2153,30.2904],[-91.1208,30.3075],[-91.0264,30.3245],[-90.9318,30.3415],[-90.8373,30.3584],[-90.7427,30.3752],[-90.6481,30.392],[-90.5534,30.4087],[-90.4587,30.4253],[-90.364,30.4419],[-90.2693,30.4584],[-90.197,30.4709],[-90.1043,30.4946],[-90.0116,30.5183],[-89.9188,30.5418],[-89.8259,30.5654],[-89.7331,30.5888],[-89.6401,30.6122],[-89.5472,30.6355],[-89.4542,30.6588],[-89.3611,30.682],[-89.268,30.7051],[-89.1749,30.7281],[-89.0817,30.7511],[-88.9884,30.7741],[-88.8952,30.7969],[-88.8018,30.8197],[-88.7085,30.8424],[-88.6151,30.8651],[-88.5216,30.8877],[-88.4281,30.9102],[-88.3697,30.9242],[-88.2853,30.9655],[-88.2008,31.0068],[-88.1163,31.048],[-88.0317,31.0891],[-87.947,31.1302],[-87.8623,31.1712],[-87.7775,31.2122],[-87.6926,31.2531],[-87.6076,31.294],[-87.5799,31.3072],[-87.5055,31.3611],[-87.4309,31.4148],[-87.3562,31.4686],[-87.2815,31.5223],[-87.2067,31.5759],[-87.1318,31.6295],[-87.0568,31.6831],[-86.9817,31.7366],[-86.9065,31.7901],[-86.8313,31.8435],[-86.7559,31.8969],[-86.6805,31.9502],[-86.605,32.0035],[-86.5294,32.0568],[-86.4537,32.11],[-86.3779,32.1631],[-86.302,32.2163],[-86.2261,32.2693],[-86.15,32.3224],[-86.0739,32.3753],[-85.9977,32.4283],[-85.9214,32.4812],[-85.845,32.534],[-85.7685,32.5868],[-85.6919,32.6395],[-85.6152,32.6922],[-85.5384,32.7449],[-85.4616,32.7975],[-85.3846,32.8501],[-85.3076,32.9026],[-85.2305,32.955],[-85.1532,33.0075],[-85.0759,33.0598],[-84.9985,33.1122],[-84.921,33.1644],[-84.8434,33.2167],[-84.7658,33.2689],[-84.688,33.321],[-84.6101,33.3731],[-84.5322,33.4251],[-84.4541,33.4771],[-84.3759,33.529],[-84.2977,33.5809],[-84.2194,33.6328],[-84.1409,33.6845],[-84.0624,33.7363],[-83.9838,33.788],[-83.9051,33.8396],[-83.8263,33.8912],[-83.819,33.8959],[-83.7384,33.9456],[-83.6577,33.9953],[-83.5769,34.0449],[-83.496,34.0944],[-83.415,34.1439],[-83.3339,34.1933],[-83.2528,34.2427],[-83.1715,34.292],[-83.0901,34.3413],[-83.0086,34.3905],[-82.9271,34.4397],[-82.8454,34.4888],[-82.7637,34.5378],[-82.6818,34.5868],[-82.5999,34.6358],[-82.5179,34.6847],[-82.4357,34.7335],[-82.3535,34.7823],[-82.2711,34.831],[-82.1887,34.8797],[-82.1062,34.9283],[-82.0236,34.9768],[-81.9408,35.0253],[-81.9269,35.0335],[-81.8458,35.0839],[-81.7646,35.1342],[-81.6833,35.1844],[-81.6019,35.2346],[-81.5204,35.2848],[-81.4388,35.3349],[-81.3571,35.3849],[-81.2753,35.4349],[-81.1934,35.4849],[-81.1114,35.5347],[-81.0428,35.5764],[-80.9606,35.6262],[-80.8783,35.6759],[-80.7959,35.7255],[-80.7134,35.7752],[-80.6308,35.8247],[-80.5481,35.8742],[-80.4653,35.9236],[-80.3846,35.9716],[-80.3017,36.0211],[-80.2187,36.0704],[-80.1356,36.1198],[-80.0523,36.169],[-80.0399,36.1764],[-79.9566,36.2256],[-79.8731,36.2747],[-79.7896,36.3238],[-79.7059,36.3728],[-79.6221,36.4218],[-79.5383,36.4707],[-79.4543,36.5196],[-79.3702,36.5683],[-79.286,36.6171],[-79.2017,36.6658],[-79.1173,36.7144],[-79.0328,36.7629],[-78.9482,36.8114],[-78.9249,36.8247],[-78.84,36.8729],[-78.7549,36.921],[-78.6698,36.9691],[-78.5845,37.0171],[-78.4991,37.0651],[-78.4136,37.113],[-78.328,37.1608],[-78.2566,37.2006],[-78.1653,37.2412],[-78.0738,37.2818],[-77.9823,37.3223],[-77.8906,37.3627],[-77.8193,37.3941],[-77.7275,37.4344],[-77.6356,37.4746],[-77.5435,37.5148],[-77.4514,37.5549],[-77.3592,37.5949],[-77.2669,37.6349],[-77.1744,37.6747],[-77.1327,37.6927],[-77.0822,37.7659],[-77.0316,37.839],[-76.9809,37.9121],[-76.9301,37.9851],[-76.8792,38.0582],[-76.8282,38.1312],[-76.7771,38.2042],[-76.7478,38.2459],[-76.6792,38.3095],[-76.6105,38.3731],[-76.5575,38.422],[-76.489,38.4858],[-76.4205,38.5496],[-76.3518,38.6134],[-76.283,38.677],[-76.2141,38.7407],[-76.145,38.8043],[-76.0759,38.8679],[-76.0066,38.9314],[-75.9752,38.9601],[-75.9025,39.0213],[-75.8296,39.0824],[-75.7566,39.1436],[-75.6835,39.2046],[-75.6102,39.2657],[-75.5666,39.3019],[-75.4931,39.3629],[-75.4195,39.4238],[-75.3458,39.4847],[-75.2719,39.5455],[-75.198,39.6062],[-75.1239,39.667],[-75.1124,39.6764],[-75.0416,39.7394],[-74.9871,39.7878],[-74.9159,39.8507],[-74.861,39.8993],[-74.7984,39.9674],[-74.736,40.0351],[-74.6554,40.0912],[-74.5748,40.1472],[-74.495,40.2024],[-74.4261,40.267],[-74.3571,40.3316],[-74.2879,40.3961],[-74.2186,40.4606],[-74.1491,40.5251],[-74.1205,40.5516],[-74.0508,40.616],[-73.9811,40.6804],[-73.9111,40.7447],[-73.8411,40.809],[-73.7826,40.8625],[-73.6925,40.9105],[-73.6022,40.9584],[-73.5118,41.0062],[-73.4213,41.054],[-73.3306,41.1016],[-73.2398,41.1493],[-73.1489,41.1968],[-73.0579,41.2443],[-72.9713,41.2893],[-72.8761,41.3321],[-72.7808,41.3748],[-72.6854,41.4175],[-72.5899,41.46],[-72.4942,41.5025],[-72.3984,41.545],[-72.3025,41.5873],[-72.2064,41.6296],[-72.1102,41.6717],[-72.0139,41.7138],[-71.9175,41.7559],[-71.8209,41.7978],[-71.802,41.806]]}},{"type":"Feature","properties":{"ident":"Q220","type":"RNAV","run":1},"geometry":{"type":"LineString","coordinates":[[-72.5819,40.6901],[-72.5121,40.7545],[-72.4617,40.801],[-72.3843,40.8603],[-72.3121,40.9154],[-72.2123,40.9508],[-72.1123,40.9862],[-72.0123,41.0214],[-71.9752,41.0345],[-71.8742,41.0683],[-71.7731,41.102],[-71.6719,41.1357],[-71.5761,41.1674],[-71.4743,41.2003],[-71.3725,41.2331],[-71.279,41.2631],[-71.177,41.2958],[-71.0749,41.3285],[-70.9727,41.361],[-70.8704,41.3934],[-70.8426,41.4023],[-70.7497,41.448],[-70.6567,41.4938],[-70.5636,41.5394],[-70.4704,41.585],[-70.377,41.6305],[-70.2835,41.6759],[-70.1899,41.7212],[-70.0961,41.7665],[-70.0022,41.8117],[-69.9783,41.8232]]}},{"type":"Feature","properties":{"ident":"Q221","type":"RNAV","run":1},"geometry":{"type":"LineString","coordinates":[[-77.4667,38.9346],[-77.4653,39.0179],[-77.464,39.1012],[-77.4626,39.1846],[-77.4613,39.2679],[-77.4599,39.3512],[-77.4585,39.4345],[-77.4571,39.5179],[-77.4558,39.6012],[-77.4551,39.6429],[-77.4537,39.7262],[-77.4523,39.8095],[-77.4509,39.8929],[-77.4499,39.9557],[-77.4485,40.039],[-77.447,40.1224],[-77.4464,40.1592],[-77.445,40.2425],[-77.4436,40.3259],[-77.4422,40.4092],[-77.4408,40.4925],[-77.4393,40.5758],[-77.4385,40.6268],[-77.437,40.7102],[-77.4366,40.7371],[-77.435,40.8205],[-77.4347,40.8398],[-77.4333,40.9231],[-77.4319,41.0065],[-77.4304,41.0898],[-77.4291,41.1663],[-77.4277,41.2497],[-77.4262,41.3323],[-77.4248,41.4156],[-77.4233,41.499],[-77.4218,41.5823],[-77.4203,41.6656],[-77.4197,41.6952]]}},{"type":"Feature","properties":{"ident":"Q227","type":"RNAV","run":1},"geometry":{"type":"LineString","coordinates":[[-77.4667,38.9346],[-77.4653,39.0179],[-77.464,39.1012],[-77.4626,39.1846],[-77.4613,39.2679],[-77.4599,39.3512],[-77.4585,39.4345],[-77.4571,39.5179],[-77.4558,39.6012],[-77.4551,39.6429],[-77.4537,39.7262],[-77.4523,39.8095],[-77.4509,39.8929],[-77.4499,39.9557],[-77.4485,40.039],[-77.447,40.1224],[-77.4464,40.1592],[-77.445,40.2425],[-77.4436,40.3259],[-77.4422,40.4092],[-77.4408,40.4925],[-77.4393,40.5758],[-77.4385,40.6268],[-77.437,40.7102],[-77.4366,40.7371],[-77.4124,40.8184],[-77.3882,40.8997],[-77.3854,40.909],[-77.3611,40.9903],[-77.3368,41.0716],[-77.3124,41.1528],[-77.2879,41.2341],[-77.2633,41.3154],[-77.2387,41.3966],[-77.2141,41.4779],[-77.1894,41.5591],[-77.1646,41.6404],[-77.1528,41.6791],[-77.1279,41.7603],[-77.1093,41.8207],[-77.0842,41.9019],[-77.0591,41.9831],[-77.0339,42.0643],[-77.0246,42.0941]]}},{"type":"Feature","properties":{"ident":"Q23","type":"RNAV","run":1},"geometry":{"type":"LineString","coordinates":[[-94.2715,35.3884],[-94.2572,35.4709],[-94.2429,35.5534],[-94.2286,35.6359],[-94.2142,35.7185],[-94.1998,35.801],[-94.1853,35.8835],[-94.1708,35.966],[-94.1563,36.0485],[-94.1418,36.131],[-94.1272,36.2135],[-94.1214,36.2464]]}},{"type":"Feature","properties":{"ident":"Q232","type":"RNAV","run":1},"geometry":{"type":"LineString","coordinates":[[-77.0246,42.0941],[-76.919,42.0657],[-76.8136,42.0373],[-76.7082,42.0088],[-76.6029,41.9802],[-76.4976,41.9515],[-76.3925,41.9226],[-76.2875,41.8937],[-76.1826,41.8647],[-76.0778,41.8356],[-75.973,41.8065],[-75.9511,41.8003],[-75.8465,41.771],[-75.742,41.7416],[-75.6376,41.7121],[-75.5332,41.6825],[-75.429,41.6528],[-75.3249,41.623],[-75.2209,41.5931],[-75.1399,41.5697],[-75.0533,41.5173],[-74.967,41.4648],[-74.8807,41.4122],[-74.7946,41.3595],[-74.7169,41.3119],[-74.631,41.2591],[-74.5808,41.2281]]}},{"type":"Feature","properties":{"ident":"Q24","type":"RNAV","run":1},"geometry":{"type":"LineString","coordinates":[[-98.4613,29.644],[-98.3655,29.6456],[-98.2696,29.6471],[-98.1737,29.6485],[-98.0779,29.6499],[-98.0175,29.6507],[-97.9216,29.6521],[-97.83,29.6534],[-97.7342,29.6544],[-97.6383,29.6555],[-97.5424,29.6564],[-97.4465,29.6573],[-97.3506,29.6581],[-97.2547,29.6588],[-97.2496,29.6589],[-97.1537,29.6595],[-97.0579,29.6601],[-97.0104,29.6603],[-96.9145,29.6608],[-96.8186,29.6613],[-96.8,29.6614],[-96.7041,29.6617],[-96.6082,29.662],[-96.5123,29.6623],[-96.5047,29.6623],[-96.4088,29.6622],[-96.313,29.662],[-96.2171,29.6618],[-96.1212,29.6615],[-96.0253,29.6612],[-95.9294,29.6607],[-95.8335,29.6602],[-95.7528,29.6598],[-95.6569,29.6589],[-95.5611,29.658],[-95.5444,29.6578],[-95.4485,29.6571],[-95.3526,29.6563],[-95.2766,29.6556],[-95.184,29.6772],[-95.0913,29.6987],[-94.9986,29.7201],[-94.9058,29.7415],[-94.8131,29.7628],[-94.7202,29.784],[-94.6273,29.8052],[-94.5344,29.8263],[-94.4681,29.8413],[-94.3752,29.8623],[-94.2821,29.8832],[-94.1891,29.9041],[-94.096,29.9249],[-94.0028,29.9456],[-93.9097,29.9663],[-93.8165,29.9869],[-93.7232,30.0074],[-93.6299,30.0279],[-93.5366,30.0483],[-93.4432,30.0686],[-93.3498,30.0889],[-93.2564,30.1091],[-93.1629,30.1292],[-93.1056,30.1415],[-93.0116,30.16],[-92.9176,30.1784],[-92.8236,30.1968],[-92.7295,30.2151],[-92.6354,30.2333],[-92.5413,30.2515],[-92.4471,30.2696],[-92.3529,30.2876],[-92.2586,30.3056],[-92.1644,30.3235],[-92.0701,30.3413],[-91.9757,30.3591],[-91.8813,30.3767],[-91.7869,30.3944],[-91.6925,30.4119],[-91.598,30.4294],[-91.5035,30.4468],[-91.4089,30.4642],[-91.3143,30.4814],[-91.2941,30.4851],[-91.2006,30.5067],[-91.1072,30.5281],[-91.0137,30.5495],[-90.9201,30.5708],[-90.8265,30.592],[-90.7329,30.6132],[-90.6392,30.6343],[-90.5455,30.6554],[-90.4517,30.6764],[-90.3579,30.6973],[-90.2641,30.7181],[-90.1702,30.7389],[-90.0763,30.7596],[-89.9823,30.7803],[-89.8883,30.8008],[-89.7943,30.8213],[-89.7002,30.8418],[-89.6061,30.8621],[-89.5119,30.8825],[-89.4177,30.9027],[-89.3235,30.9229],[-89.2292,30.9429],[-89.1349,30.963],[-89.0405,30.9829],[-88.9461,31.0028],[-88.9385,31.0044],[-88.8522,31.0429],[-88.7659,31.0813],[-88.6795,31.1196],[-88.593,31.1579],[-88.5065,31.1962],[-88.4199,31.2343],[-88.3332,31.2725],[-88.2465,31.3105],[-88.1596,31.3485],[-88.0727,31.3864],[-87.9858,31.4243],[-87.8987,31.4621],[-87.8855,31.4679]]}},{"type":"Feature","properties":{"ident":"Q25","type":"RNAV","run":1},"geometry":{"type":"LineString","coordinates":[[-93.5236,34.3181],[-93.4477,34.373],[-93.3716,34.4278],[-93.2955,34.4826],[-93.2192,34.5373],[-93.1429,34.592],[-93.0664,34.6467],[-92.9899,34.7013],[-92.9132,34.7558],[-92.8365,34.8103],[-92.7596,34.8648],[-92.6827,34.9192],[-92.6056,34.9735],[-92.5285,35.0278],[-92.4512,35.0821],[-92.3738,35.1363],[-92.2964,35.1905],[-92.2188,35.2446],[-92.1411,35.2986],[-92.0633,35.3527],[-91.9855,35.4066],[-91.9075,35.4605],[-91.8294,35.5144],[-91.7512,35.5682],[-91.6729,35.622],[-91.5945,35.6757],[-91.516,35.7293],[-91.4374,35.7829],[-91.3586,35.8365],[-91.2798,35.89],[-91.2009,35.9434],[-91.1218,35.9968],[-91.0427,36.0502],[-90.9634,36.1035],[-90.9537,36.11],[-90.8681,36.1566],[-90.7824,36.203],[-90.6966,36.2495],[-90.6107,36.2958],[-90.5247,36.3421],[-90.4387,36.3883],[-90.3525,36.4345],[-90.2662,36.4806],[-90.1797,36.5267],[-90.0932,36.5726],[-90.0066,36.6186],[-89.9199,36.6644],[-89.8331,36.7102],[-89.7462,36.7559],[-89.6592,36.8016],[-89.572,36.8472],[-89.4848,36.8928],[-89.3975,36.9382],[-89.31,36.9836],[-89.2225,37.029],[-89.1348,37.0743],[-89.0471,37.1195],[-88.9592,37.1647],[-88.8713,37.2097],[-88.7832,37.2548],[-88.695,37.2997],[-88.6067,37.3446],[-88.5184,37.3894],[-88.4299,37.4342],[-88.3413,37.4789],[-88.2526,37.5235],[-88.1638,37.5681],[-88.1333,37.5833],[-88.0653,37.6469],[-87.9972,37.7105],[-87.929,37.7739],[-87.8606,37.8374],[-87.7921,37.9008],[-87.7624,37.9283]]}},{"type":"Feature","properties":{"ident":"Q26","type":"RNAV","run":1},"geometry":{"type":"LineString","coordinates":[[-90.9537,36.11],[-90.8614,36.0729],[-90.7692,36.0357],[-90.677,35.9984],[-90.585,35.961],[-90.493,35.9236],[-90.4011,35.8861],[-90.3093,35.8486],[-90.2176,35.8109],[-90.126,35.7732],[-90.0345,35.7355],[-89.9431,35.6976],[-89.8517,35.6597],[-89.7604,35.6217],[-89.6693,35.5837],[-89.5782,35.5456],[-89.4872,35.5074],[-89.3962,35.4691],[-89.3054,35.4308],[-89.2146,35.3924],[-89.124,35.354],[-89.0803,35.3354],[-88.9898,35.2968],[-88.8994,35.2582],[-88.809,35.2195],[-88.7188,35.1807],[-88.6286,35.1419],[-88.5385,35.103],[-88.4485,35.064],[-88.3586,35.025],[-88.2687,34.9859],[-88.179,34.9467],[-88.0893,34.9075],[-87.9997,34.8682],[-87.9102,34.8288],[-87.8208,34.7894],[-87.7315,34.7499],[-87.6423,34.7103],[-87.5531,34.6707],[-87.464,34.631],[-87.4352,34.6181]]}},{"type":"Feature","properties":{"ident":"Q27","type":"RNAV","run":1},"geometry":{"type":"LineString","coordinates":[[-94.2715,35.3884],[-94.2102,35.4551],[-94.1487,35.5217],[-94.0872,35.5883],[-94.0255,35.6549],[-93.9638,35.7215],[-93.9019,35.788],[-93.84,35.8545],[-93.7779,35.9209],[-93.7158,35.9873],[-93.6535,36.0537],[-93.627,36.082]]}},{"type":"Feature","properties":{"ident":"Q28","type":"RNAV","run":1},"geometry":{"type":"LineString","coordinates":[[-94.3581,34.25],[-94.2723,34.2938],[-94.1864,34.3376],[-94.1005,34.3813],[-94.0144,34.4249],[-93.9283,34.4685],[-93.8421,34.512],[-93.7557,34.5554],[-93.7333,34.5667],[-93.6547,34.6192],[-93.576,34.6716],[-93.4972,34.724],[-93.4183,34.7764],[-93.3393,34.8287],[-93.2602,34.8809],[-93.181,34.9331],[-93.1017,34.9853],[-93.0223,35.0374],[-92.9428,35.0894],[-92.8631,35.1414],[-92.7834,35.1933],[-92.7036,35.2452],[-92.6237,35.297],[-92.5437,35.3488],[-92.4635,35.4005],[-92.3833,35.4522],[-92.303,35.5038],[-92.2226,35.5554],[-92.142,35.6069],[-92.0614,35.6584],[-91.9806,35.7098],[-91.8998,35.7611],[-91.8188,35.8124],[-91.7378,35.8637],[-91.6566,35.9149],[-91.5754,35.966],[-91.494,36.0171],[-91.4125,36.0681],[-91.3309,36.1191],[-91.2492,36.17],[-91.1674,36.2209],[-91.0855,36.2717],[-91.0667,36.2833],[-90.98,36.3287],[-90.8931,36.3741],[-90.8062,36.4193],[-90.7192,36.4645],[-90.6321,36.5097],[-90.5448,36.5547],[-90.4575,36.5997],[-90.3701,36.6447],[-90.2826,36.6896],[-90.1949,36.7344],[-90.1072,36.7791],[-90.0194,36.8238],[-89.9314,36.8685],[-89.8434,36.913],[-89.7552,36.9575],[-89.667,37.0019],[-89.5786,37.0463],[-89.4902,37.0906],[-89.4016,37.1348],[-89.3129,37.179],[-89.2242,37.2231],[-89.1353,37.2671],[-89.0463,37.3111],[-88.9573,37.355],[-88.8681,37.3988],[-88.7788,37.4426],[-88.6894,37.4863],[-88.5999,37.5299],[-88.5103,37.5735],[-88.4206,37.617],[-88.3308,37.6604],[-88.2833,37.6833],[-88.193,37.7261],[-88.1025,37.7688],[-88.0119,37.8115],[-87.9212,37.8541],[-87.8304,37.8966],[-87.7624,37.9283]]}},{"type":"Feature","properties":{"ident":"Q29","type":"RNAV","run":1},"geometry":{"type":"LineString","coordinates":[[-91.7333,33.0],[-91.6759,33.068],[-91.6184,33.136],[-91.5608,33.204],[-91.5032,33.2719],[-91.4454,33.3399],[-91.3875,33.4078],[-91.3296,33.4756],[-91.2715,33.5435],[-91.2134,33.6113],[-91.1552,33.6791],[-91.0969,33.7468],[-91.0385,33.8145],[-90.98,33.8822],[-90.968,33.8961],[-90.9094,33.9637],[-90.8507,34.0314],[-90.7919,34.099],[-90.733,34.1666],[-90.674,34.2341],[-90.6149,34.3016],[-90.5557,34.3691],[-90.4964,34.4366],[-90.437,34.504],[-90.3776,34.5714],[-90.318,34.6388],[-90.2583,34.7062],[-90.1986,34.7735],[-90.1387,34.8408],[-90.0788,34.9081],[-90.0187,34.9753],[-89.983,35.0152],[-89.9229,35.0824],[-89.8627,35.1496],[-89.8024,35.2168],[-89.742,35.284],[-89.6814,35.3511],[-89.6208,35.4182],[-89.5601,35.4853],[-89.4993,35.5523],[-89.4384,35.6193],[-89.3773,35.6863],[-89.3162,35.7532],[-89.255,35.8201],[-89.1937,35.887],[-89.1322,35.9538],[-89.0707,36.0207],[-89.009,36.0874],[-88.9699,36.1298],[-88.908,36.1965],[-88.8461,36.2632],[-88.7841,36.3299],[-88.7219,36.3965],[-88.6597,36.4631],[-88.5973,36.5297],[-88.5348,36.5962],[-88.4723,36.6627],[-88.4096,36.7292],[-88.3468,36.7956],[-88.2839,36.862],[-88.2209,36.9284],[-88.1578,36.9947],[-88.0945,37.061],[-88.0312,37.1273],[-87.9677,37.1935],[-87.9042,37.2597],[-87.8405,37.3259],[-87.8333,37.3333],[-87.7583,37.3915],[-87.6831,37.4497],[-87.6078,37.5078],[-87.5324,37.5658],[-87.4569,37.6238],[-87.3813,37.6817],[-87.3055,37.7396],[-87.2296,37.7975],[-87.1537,37.8553],[-87.0775,37.913],[-87.0013,37.9707],[-86.925,38.0284],[-86.8485,38.086],[-86.7719,38.1435],[-86.6952,38.2011],[-86.6183,38.2585],[-86.5414,38.3159],[-86.4643,38.3733],[-86.3871,38.4306],[-86.3098,38.4878],[-86.2323,38.545],[-86.1548,38.6022],[-86.0771,38.6593],[-85.9993,38.7163],[-85.9213,38.7733],[-85.8433,38.8303],[-85.7651,38.8872],[-85.6867,38.944],[-85.6083,39.0008],[-85.5297,39.0575],[-85.451,39.1142],[-85.3722,39.1708],[-85.2933,39.2274],[-85.2142,39.2839],[-85.135,39.3404],[-85.0557,39.3968],[-84.9762,39.4532],[-84.8966,39.5095],[-84.8169,39.5657],[-84.7371,39.6219],[-84.6571,39.6781],[-84.577,39.7342],[-84.4967,39.7902],[-84.4164,39.8462],[-84.3359,39.9021],[-84.3087,39.9209],[-84.2332,39.9808],[-84.1575,40.0407],[-84.0816,40.1005],[-84.0057,40.1602],[-83.9296,40.2199],[-83.8533,40.2796],[-83.7769,40.3392],[-83.7004,40.3987],[-83.6238,40.4582],[-83.5945,40.481],[-83.5176,40.5404],[-83.4407,40.5998],[-83.3636,40.6591],[-83.3123,40.6985],[-83.2255,40.7496],[-83.1385,40.8007],[-83.0515,40.8517],[-82.9642,40.9027],[-82.8769,40.9535],[-82.7894,41.0044],[-82.7018,41.0551],[-82.6141,41.1058],[-82.5535,41.1407],[-82.4561,41.1802],[-82.3585,41.2196],[-82.2608,41.259],[-82.163,41.2982],[-82.0651,41.3374],[-82.0516,41.3428],[-81.9495,41.3756],[-81.8473,41.4082],[-81.745,41.4408],[-81.6426,41.4733],[-81.5401,41.5057],[-81.4375,41.538],[-81.4123,41.5459],[-81.3095,41.5781],[-81.2067,41.6102],[-81.1038,41.6422],[-81.0007,41.6741],[-80.8976,41.7059],[-80.7943,41.7376],[-80.691,41.7692],[-80.5876,41.8008],[-80.5846,41.8016],[-80.4796,41.8302],[-80.3745,41.8587],[-80.2692,41.887],[-80.1639,41.9153],[-80.0585,41.9435],[-79.953,41.9715],[-79.8474,41.9995],[-79.7417,42.0274],[-79.6359,42.0552],[-79.53,42.0829],[-79.4241,42.1105],[-79.318,42.138],[-79.2119,42.1653],[-79.1213,42.1886],[-79.0207,42.2259],[-78.92,42.2632],[-78.8192,42.3003],[-78.7183,42.3374],[-78.6172,42.3744],[-78.516,42.4113],[-78.4147,42.4481],[-78.3133,42.4848],[-78.2118,42.5214],[-78.1102,42.5579],[-78.0084,42.5943],[-77.9065,42.6307],[-77.8045,42.6669],[-77.7024,42.7031],[-77.6001,42.7392],[-77.4977,42.7752],[-77.3953,42.8111],[-77.2927,42.8469],[-77.1899,42.8826],[-77.1542,42.895],[-77.0554,42.9363],[-76.9565,42.9776],[-76.8575,43.0188],[-76.7583,43.0599],[-76.6867,43.0895],[-76.5748,43.106],[-76.4629,43.1224],[-76.3509,43.1387],[-76.2389,43.1549],[-76.1268,43.171],[-76.0146,43.187],[-75.9024,43.2028],[-75.7902,43.2186],[-75.6778,43.2343],[-75.5655,43.2498],[-75.453,43.2652],[-75.3405,43.2805],[-75.228,43.2958],[-75.1154,43.3109],[-75.0027,43.3258],[-74.89,43.3407],[-74.7772,43.3555],[-74.6644,43.3701],[-74.5515,43.3847],[-74.4385,43.3991],[-74.3255,43.4135],[-74.3,43.4167],[-74.2243,43.4793],[-74.1485,43.5419],[-74.0725,43.6045],[-73.9963,43.667],[-73.9685,43.6898],[-73.875,43.7385],[-73.7814,43.7872],[-73.6876,43.8358],[-73.5936,43.8843],[-73.4995,43.9328],[-73.4053,43.9811],[-73.3109,44.0294],[-73.2163,44.0776],[-73.1216,44.1258],[-73.0267,44.1738],[-72.9317,44.2218],[-72.8365,44.2697],[-72.7411,44.3175],[-72.6456,44.3653],[-72.55,44.4129],[-72.4542,44.4605],[-72.3582,44.508],[-72.2621,44.5554],[-72.1658,44.6028],[-72.0694,44.65],[-71.9728,44.6972],[-71.876,44.7443],[-71.7791,44.7913],[-71.7153,44.8222],[-71.598,44.8266],[-71.4806,44.8308],[-71.3633,44.8349],[-71.2459,44.8389],[-71.1285,44.8427],[-71.0111,44.8465],[-70.8937,44.8501],[-70.7762,44.8536],[-70.6588,44.857],[-70.5413,44.8602],[-70.4238,44.8634],[-70.3063,44.8664],[-70.1888,44.8693],[-70.0713,44.8721],[-69.9538,44.8747],[-69.8363,44.8773],[-69.7187,44.8797],[-69.6012,44.882],[-69.4836,44.8842],[-69.366,44.8862],[-69.2484,44.8882],[-69.1308,44.89],[-69.0132,44.8917],[-68.8956,44.8932],[-68.778,44.8947],[-68.6604,44.896],[-68.5428,44.8972],[-68.4252,44.8983],[-68.3075,44.8993],[-68.1899,44.9002],[-68.0723,44.9009],[-67.9546,44.9015],[-67.837,44.902],[-67.7193,44.9023],[-67.6017,44.9026],[-67.484,44.9027],[-67.3664,44.9027],[-67.2487,44.9026],[-67.1566,44.9024],[-67.0389,44.9026],[-66.9705,44.9026],[-66.7868,44.9021],[-66.6031,44.9013],[-66.4195,44.9002],[-66.2358,44.8989],[-66.0522,44.8972],[-65.8685,44.8952],[-65.6849,44.893],[-65.5013,44.8904],[-65.3837,44.8887],[-65.2661,44.8868],[-65.1486,44.8847],[-65.031,44.8826],[-64.9134,44.8804],[-64.7959,44.878],[-64.6783,44.8755],[-64.5608,44.8729],[-64.4433,44.8701],[-64.3258,44.8673],[-64.2083,44.8643],[-64.2033,44.8642],[-64.0864,44.8731],[-63.9695,44.882],[-63.8525,44.8907],[-63.7355,44.8993],[-63.6185,44.9077],[-63.5014,44.9161],[-63.4022,44.9231]]}},{"type":"Feature","properties":{"ident":"Q3","type":"RNAV","run":1},"geometry":{"type":"LineString","coordinates":[[-123.2189,47.0808],[-123.2161,46.9975],[-123.2133,46.9142],[-123.2105,46.8309],[-123.2077,46.7476],[-123.205,46.6643],[-123.2022,46.581],[-123.1995,46.4977],[-123.1967,46.4144],[-123.194,46.3311],[-123.1912,46.2478],[-123.1885,46.1644],[-123.1858,46.0811],[-123.1831,45.9978],[-123.1804,45.9145],[-123.1777,45.8312],[-123.175,45.7479],[-123.1724,45.6646],[-123.1697,45.5813],[-123.1671,45.498],[-123.1644,45.4147],[-123.1618,45.3314],[-123.1591,45.248],[-123.1565,45.1647],[-123.1539,45.0814],[-123.1513,44.9981],[-123.1487,44.9148],[-123.1461,44.8315],[-123.1435,44.7482],[-123.1409,44.6649],[-123.1384,44.5816],[-123.1358,44.5],[-123.1329,44.4167],[-123.1299,44.3334],[-123.1269,44.2501],[-123.1239,44.1668],[-123.121,44.0835],[-123.118,44.0002],[-123.1151,43.9169],[-123.1122,43.8336],[-123.1093,43.7503],[-123.1063,43.667],[-123.1034,43.5837],[-123.1005,43.5004],[-123.0977,43.4171],[-123.0948,43.3338],[-123.0943,43.3206],[-123.0915,43.2373],[-123.0886,43.1539],[-123.0857,43.0706],[-123.0829,42.9873],[-123.08,42.904],[-123.0772,42.8207],[-123.0744,42.7374],[-123.0716,42.6541],[-123.0688,42.5708],[-123.066,42.4875],[-123.0657,42.4806],[-123.063,42.3973],[-123.0603,42.3139],[-123.0576,42.2306],[-123.0549,42.1473],[-123.0523,42.064],[-123.0496,41.9807],[-123.0469,41.8974],[-123.0443,41.8141],[-123.0416,41.7308],[-123.039,41.6475],[-123.0364,41.5642],[-123.0337,41.4809],[-123.0311,41.3976],[-123.0292,41.3358],[-123.0267,41.2525],[-123.0241,41.1692],[-123.0216,41.0859],[-123.0191,41.0026],[-123.0166,40.9193],[-123.0141,40.836],[-123.0116,40.7527],[-123.0091,40.6694],[-123.0067,40.5861],[-123.0042,40.5028],[-123.0017,40.4194],[-122.9993,40.3361],[-122.9968,40.2528],[-122.9944,40.1695],[-122.9919,40.0862],[-122.9895,40.0029],[-122.987,39.9196],[-122.9846,39.8363],[-122.9822,39.753],[-122.9798,39.6697],[-122.9774,39.5864],[-122.975,39.503],[-122.9726,39.4197],[-122.9702,39.3364],[-122.9678,39.2531],[-122.9654,39.1698],[-122.9633,39.0961],[-122.9554,39.013],[-122.9475,38.9299],[-122.9397,38.8468],[-122.9318,38.7637],[-122.924,38.6806],[-122.9162,38.5975],[-122.9084,38.5144],[-122.9006,38.4313],[-122.8928,38.3482],[-122.8851,38.2651],[-122.8773,38.182],[-122.8696,38.0988],[-122.8678,38.0798]]}},{"type":"Feature","properties":{"ident":"Q30","type":"RNAV","run":1},"geometry":{"type":"LineString","coordinates":[[-90.2772,33.4639],[-90.1773,33.4658],[-90.0774,33.4676],[-89.9776,33.4693],[-89.8777,33.4709],[-89.7778,33.4725],[-89.6779,33.474],[-89.578,33.4754],[-89.4781,33.4768],[-89.3782,33.478],[-89.2784,33.4792],[-89.1785,33.4803],[-89.0786,33.4813],[-88.9787,33.4822],[-88.8787,33.4831],[-88.7788,33.4838],[-88.6789,33.4845],[-88.579,33.4851],[-88.5138,33.4855],[-88.4149,33.4974],[-88.316,33.5093],[-88.217,33.5211],[-88.1181,33.5328],[-88.0191,33.5444],[-87.9201,33.5559],[-87.821,33.5674],[-87.7219,33.5788],[-87.6228,33.5901],[-87.5237,33.6013],[-87.4245,33.6125],[-87.3254,33.6236],[-87.2262,33.6345],[-87.1269,33.6455],[-87.0277,33.6563],[-86.9284,33.667],[-86.8997,33.6701]]}},{"type":"Feature","properties":{"ident":"Q31","type":"RNAV","run":1},"geometry":{"type":"LineString","coordinates":[[-92.4193,33.3978],[-92.3578,33.4635],[-92.2962,33.5291],[-92.2345,33.5947],[-92.1728,33.6602],[-92.1667,33.6667],[-92.0864,33.7165],[-92.006,33.7663],[-91.9256,33.816],[-91.845,33.8657],[-91.7644,33.9153],[-91.6836,33.9648],[-91.6028,34.0144],[-91.5218,34.0638],[-91.4408,34.1132],[-91.3597,34.1626],[-91.2785,34.2119],[-91.1972,34.2611],[-91.1158,34.3103],[-91.0343,34.3594],[-90.9527,34.4085],[-90.871,34.4576],[-90.7892,34.5065],[-90.7073,34.5554],[-90.6744,34.5751],[-90.6146,34.6423],[-90.5547,34.7095],[-90.4947,34.7767],[-90.4346,34.8438],[-90.3744,34.911],[-90.3141,34.9781],[-90.2538,35.0451],[-90.1933,35.1122],[-90.1327,35.1792],[-90.072,35.2461],[-90.0112,35.3131],[-89.9503,35.38],[-89.8893,35.4469],[-89.8283,35.5137],[-89.7671,35.5806],[-89.7058,35.6473],[-89.6444,35.7141],[-89.5829,35.7808],[-89.5213,35.8475],[-89.4596,35.9142],[-89.3978,35.9808],[-89.3358,36.0474],[-89.2738,36.114],[-89.2117,36.1805],[-89.1495,36.247],[-89.0871,36.3135],[-89.0247,36.38],[-88.9621,36.4464],[-88.8995,36.5127],[-88.8367,36.5791],[-88.7739,36.6454],[-88.7109,36.7117],[-88.6478,36.7779],[-88.5846,36.8441],[-88.5213,36.9103],[-88.4579,36.9765],[-88.3943,37.0426],[-88.3307,37.1086],[-88.2669,37.1747],[-88.2031,37.2407],[-88.1391,37.3067],[-88.075,37.3726],[-88.0108,37.4385],[-87.9833,37.4667],[-87.9462,37.5446],[-87.9091,37.6226],[-87.8718,37.7005],[-87.8344,37.7784],[-87.797,37.8563],[-87.7624,37.9283]]}},{"type":"Feature","properties":{"ident":"Q32","type":"RNAV","run":1},"geometry":{"type":"LineString","coordinates":[[-92.744,33.2562],[-92.6528,33.2899],[-92.5616,33.3235],[-92.4703,33.357],[-92.3789,33.3905],[-92.2875,33.424],[-92.196,33.4573],[-92.1044,33.4906],[-92.0127,33.5239],[-91.921,33.557],[-91.8292,33.5901],[-91.7374,33.6231],[-91.6454,33.6561],[-91.5534,33.689],[-91.4614,33.7218],[-91.3692,33.7546],[-91.277,33.7872],[-91.1847,33.8198],[-91.0924,33.8524],[-90.9999,33.8849],[-90.968,33.8961],[-90.8755,33.9284],[-90.7829,33.9607],[-90.6902,33.993],[-90.5975,34.0251],[-90.5047,34.0572],[-90.4118,34.0892],[-90.3188,34.1212],[-90.2833,34.1333],[-90.1914,34.1674],[-90.0995,34.2014],[-90.0074,34.2353],[-89.9153,34.2692],[-89.8231,34.3029],[-89.7308,34.3367],[-89.6385,34.3703],[-89.5461,34.4039],[-89.4536,34.4374],[-89.361,34.4708],[-89.2684,34.5042],[-89.1757,34.5375],[-89.0829,34.5707],[-88.99,34.6039],[-88.8986,34.6364],[-88.8214,34.6904],[-88.7441,34.7443],[-88.6667,34.7981],[-88.5892,34.8519],[-88.5116,34.9057],[-88.4338,34.9594],[-88.356,35.0131],[-88.2781,35.0667],[-88.2001,35.1203],[-88.122,35.1738],[-88.0438,35.2272],[-87.9654,35.2807],[-87.887,35.334],[-87.8085,35.3873],[-87.7298,35.4406],[-87.6511,35.4938],[-87.5723,35.547],[-87.4933,35.6001],[-87.4143,35.6531],[-87.3351,35.7061],[-87.2558,35.7591],[-87.1765,35.812],[-87.097,35.8648],[-87.0174,35.9176],[-86.9377,35.9704],[-86.8579,36.0231],[-86.778,36.0757],[-86.698,36.1283],[-86.6848,36.137],[-86.589,36.1681],[-86.4932,36.1991],[-86.3973,36.2301],[-86.3014,36.261],[-86.2053,36.2918],[-86.1092,36.3225],[-86.013,36.3532],[-85.9168,36.3838],[-85.8204,36.4143],[-85.724,36.4447],[-85.6275,36.4751],[-85.531,36.5054],[-85.4343,36.5355],[-85.3376,36.5657],[-85.2408,36.5957],[-85.1822,36.6138]]}},{"type":"Feature","properties":{"ident":"Q33","type":"RNAV","run":1},"geometry":{"type":"LineString","coordinates":[[-95.3457,29.9569],[-95.256,29.987],[-95.1663,30.017],[-95.0764,30.047],[-94.9866,30.0769],[-94.8966,30.1067],[-94.8067,30.1365],[-94.7166,30.1662],[-94.6449,30.1898],[-94.5792,30.2509],[-94.5135,30.3119],[-94.4477,30.3729],[-94.3818,30.4338],[-94.3159,30.4948],[-94.2498,30.5556],[-94.1837,30.6165],[-94.1175,30.6773],[-94.0512,30.7381],[-93.9848,30.7989],[-93.9183,30.8596],[-93.8518,30.9203],[-93.7851,30.9809],[-93.7184,31.0415],[-93.6516,31.1021],[-93.5847,31.1626],[-93.5235,31.218],[-93.4565,31.2784],[-93.3893,31.3389],[-93.3221,31.3993],[-93.2548,31.4597],[-93.1947,31.5135],[-93.1272,31.5738],[-93.0596,31.6341],[-92.992,31.6943],[-92.9242,31.7545],[-92.8564,31.8147],[-92.7885,31.8748],[-92.7205,31.9349],[-92.6772,31.9731],[-92.6625,32.0555],[-92.6478,32.1379],[-92.633,32.2203],[-92.6182,32.3026],[-92.6034,32.385],[-92.5886,32.4674],[-92.5737,32.5498],[-92.5588,32.6322],[-92.5521,32.6695],[-92.5372,32.7519],[-92.5222,32.8343],[-92.5073,32.9166],[-92.4923,32.999],[-92.4773,33.0814],[-92.4622,33.1638],[-92.4472,33.2461],[-92.4321,33.3285],[-92.4193,33.3978],[-92.4042,33.4802],[-92.389,33.5626],[-92.3738,33.6449],[-92.3586,33.7273],[-92.3433,33.8096],[-92.328,33.892],[-92.3127,33.9743],[-92.2974,34.0567],[-92.282,34.139],[-92.2708,34.1989],[-92.2553,34.2813],[-92.2398,34.3636],[-92.2243,34.4459],[-92.2087,34.5283],[-92.1931,34.6106],[-92.1804,34.6778],[-92.1499,34.7572],[-92.1194,34.8367],[-92.0888,34.9162],[-92.0581,34.9956],[-92.0274,35.0751],[-91.9967,35.1545],[-91.9659,35.2339],[-91.935,35.3134],[-91.904,35.3928],[-91.873,35.4722],[-91.842,35.5516],[-91.8108,35.631],[-91.7797,35.7104],[-91.7484,35.7897],[-91.7171,35.8691],[-91.6857,35.9485],[-91.6543,36.0278],[-91.6228,36.1072],[-91.5912,36.1865],[-91.5596,36.2658],[-91.5279,36.3452],[-91.4961,36.4245],[-91.4643,36.5038],[-91.4324,36.5831],[-91.4005,36.6623],[-91.3684,36.7416],[-91.3363,36.8209],[-91.3042,36.9002],[-91.272,36.9794],[-91.25,37.0333]]}},{"type":"Feature","properties":{"ident":"Q34","type":"RNAV","run":1},"geometry":{"type":"LineString","coordinates":[[-94.0732,33.5139],[-93.9828,33.5494],[-93.8923,33.5848],[-93.8017,33.6202],[-93.711,33.6555],[-93.6203,33.6907],[-93.5295,33.7259],[-93.4386,33.761],[-93.3476,33.796],[-93.2566,33.831],[-93.1655,33.8659],[-93.0857,33.8964],[-92.9941,33.9305],[-92.9024,33.9646],[-92.8107,33.9986],[-92.7188,34.0325],[-92.6439,34.0601],[-92.5522,34.0944],[-92.5507,34.095],[-92.4589,34.1292],[-92.367,34.1633],[-92.2751,34.1973],[-92.2708,34.1989],[-92.1787,34.2329],[-92.0867,34.2668],[-91.9945,34.3006],[-91.9023,34.3344],[-91.8099,34.3681],[-91.7175,34.4017],[-91.6251,34.4353],[-91.5325,34.4687],[-91.4399,34.5022],[-91.3472,34.5355],[-91.2545,34.5688],[-91.1617,34.602],[-91.0687,34.6351],[-90.9758,34.6682],[-90.8827,34.7012],[-90.7896,34.7341],[-90.6964,34.767],[-90.6031,34.7997],[-90.5097,34.8324],[-90.4163,34.8651],[-90.3228,34.8976],[-90.2292,34.9301],[-90.1356,34.9626],[-90.0419,34.9949],[-89.983,35.0152],[-89.8898,35.0487],[-89.7966,35.0821],[-89.7032,35.1154],[-89.6098,35.1487],[-89.5163,35.1819],[-89.4228,35.215],[-89.3291,35.2481],[-89.2354,35.2811],[-89.1416,35.314],[-89.0803,35.3354],[-88.9864,35.3682],[-88.8924,35.401],[-88.7984,35.4336],[-88.7042,35.4662],[-88.61,35.4987],[-88.5157,35.5312],[-88.4244,35.5625],[-88.3299,35.5948],[-88.2354,35.627],[-88.1408,35.6591],[-88.0461,35.6911],[-87.9513,35.7231],[-87.8565,35.755],[-87.7686,35.7845],[-87.6734,35.8159],[-87.5782,35.8473],[-87.4829,35.8786],[-87.3875,35.9098],[-87.2921,35.941],[-87.1966,35.972],[-87.101,36.003],[-87.0053,36.034],[-86.9095,36.0648],[-86.8137,36.0956],[-86.7178,36.1263],[-86.6848,36.1368],[-86.5891,36.1679],[-86.4933,36.199],[-86.3974,36.23],[-86.3014,36.2609],[-86.2054,36.2917],[-86.1093,36.3224],[-86.0131,36.3531],[-85.9168,36.3837],[-85.8205,36.4142],[-85.7241,36.4447],[-85.6276,36.475],[-85.531,36.5053],[-85.4344,36.5355],[-85.3377,36.5656],[-85.2409,36.5957],[-85.1822,36.6138],[-85.0853,36.6437],[-84.9883,36.6736],[-84.8913,36.7033],[-84.7941,36.733],[-84.6969,36.7626],[-84.5996,36.7921],[-84.5673,36.8019],[-84.47,36.8313],[-84.3725,36.8606],[-84.2749,36.8899],[-84.1773,36.919],[-84.0796,36.9481],[-84.0505,36.9568],[-83.9527,36.9857],[-83.8549,37.0146],[-83.7569,37.0435],[-83.6589,37.0722],[-83.5608,37.1009],[-83.4627,37.1294],[-83.3644,37.1579],[-83.2661,37.1864],[-83.1678,37.2147],[-83.0693,37.2429],[-83.0299,37.2542],[-82.9313,37.2824],[-82.8327,37.3104],[-82.734,37.3384],[-82.6352,37.3663],[-82.5363,37.3941],[-82.4374,37.4218],[-82.3384,37.4495],[-82.2393,37.477],[-82.1402,37.5045],[-82.1368,37.5054],[-82.0376,37.5328],[-81.9383,37.5601],[-81.8389,37.5873],[-81.8068,37.5961],[-81.7074,37.6232],[-81.6078,37.6502],[-81.5082,37.6772],[-81.4085,37.704],[-81.3088,37.7308],[-81.2089,37.7575],[-81.1233,37.7803],[-81.0182,37.7874],[-80.9131,37.7945],[-80.808,37.8014],[-80.7029,37.8083],[-80.5978,37.815],[-80.4926,37.8217],[-80.4643,37.8235],[-80.3591,37.83],[-80.2539,37.8364],[-80.1487,37.8428],[-80.0435,37.849],[-79.9382,37.8552],[-79.833,37.8613],[-79.7372,37.8667],[-79.6317,37.8704],[-79.5262,37.874],[-79.4208,37.8775],[-79.3303,37.8804],[-79.2259,37.8927],[-79.1214,37.9049],[-79.017,37.917],[-78.9124,37.9291],[-78.8079,37.941],[-78.7033,37.9529],[-78.5986,37.9646],[-78.494,37.9763],[-78.3893,37.9879],[-78.2845,37.9993],[-78.1798,38.0107],[-78.153,38.0136],[-78.0638,38.0584],[-77.9744,38.1031],[-77.885,38.1477],[-77.7954,38.1922],[-77.7057,38.2367],[-77.6159,38.2812],[-77.5261,38.3255],[-77.436,38.3698],[-77.3629,38.4057],[-77.2833,38.461],[-77.2036,38.5163],[-77.1238,38.5715],[-77.0439,38.6267],[-76.9639,38.6818],[-76.8837,38.7368],[-76.8427,38.7649],[-76.7624,38.8199],[-76.6819,38.8748],[-76.6013,38.9296],[-76.5205,38.9844],[-76.4397,39.0392],[-76.3587,39.0938],[-76.2776,39.1485],[-76.1963,39.203],[-76.1205,39.2539],[-76.039,39.3083],[-75.9574,39.3628],[-75.8757,39.4171],[-75.7938,39.4714],[-75.7119,39.5256],[-75.6297,39.5798],[-75.5475,39.6339],[-75.5116,39.6575],[-75.4242,39.7067],[-75.3367,39.7559],[-75.2491,39.805],[-75.1614,39.854],[-75.0735,39.903],[-74.9855,39.9519],[-74.9544,39.9691],[-74.8639,40.0153],[-74.7733,40.0615],[-74.6826,40.1076],[-74.5917,40.1536],[-74.5007,40.1995],[-74.495,40.2024]]}},{"type":"Feature","properties":{"ident":"Q35","type":"RNAV","run":1},"geometry":{"type":"LineString","coordinates":[[-112.4804,34.7026],[-112.4756,34.7858],[-112.4709,34.869],[-112.4661,34.9523],[-112.4613,35.0355],[-112.4565,35.1187],[-112.4517,35.202],[-112.4469,35.2852],[-112.4421,35.3685],[-112.4399,35.407],[-112.4351,35.4902],[-112.4302,35.5734],[-112.4254,35.6567],[-112.4205,35.7399],[-112.4157,35.8231],[-112.4108,35.9064],[-112.4059,35.9896],[-112.401,36.0728],[-112.4004,36.084],[-112.4441,36.1594],[-112.4879,36.2349],[-112.5318,36.3103],[-112.5758,36.3858],[-112.6199,36.4612],[-112.62,36.4614],[-112.6642,36.5368],[-112.7084,36.6122],[-112.7527,36.6875],[-112.7972,36.7629],[-112.8417,36.8382],[-112.8863,36.9135],[-112.9309,36.9888],[-112.9757,37.0641],[-113.0206,37.1393],[-113.0655,37.2146],[-113.1106,37.2898],[-113.1557,37.365],[-113.2009,37.4402],[-113.2462,37.5154],[-113.2916,37.5905],[-113.3371,37.6657],[-113.3827,37.7408],[-113.4284,37.8159],[-113.4741,37.891],[-113.5,37.9333],[-113.5685,37.9968],[-113.6371,38.0602],[-113.7058,38.1236],[-113.7747,38.187],[-113.8436,38.2503],[-113.9127,38.3136],[-113.9819,38.3768],[-114.0512,38.44],[-114.1207,38.5031],[-114.1902,38.5663],[-114.2599,38.6293],[-114.3297,38.6923],[-114.3997,38.7553],[-114.4697,38.8183],[-114.5399,38.8812],[-114.6102,38.944],[-114.6807,39.0068],[-114.7512,39.0696],[-114.8219,39.1323],[-114.8927,39.195],[-114.9636,39.2577],[-115.0347,39.3203],[-115.1059,39.3828],[-115.1772,39.4454],[-115.2486,39.5078],[-115.3202,39.5703],[-115.3919,39.6326],[-115.4638,39.695],[-115.5357,39.7573],[-115.6078,39.8195],[-115.68,39.8817],[-115.7524,39.9439],[-115.8249,40.006],[-115.8975,40.0681],[-115.9702,40.1301],[-116.0431,40.1921],[-116.1161,40.254],[-116.1893,40.3159],[-116.2626,40.3778],[-116.336,40.4396],[-116.4095,40.5013],[-116.4832,40.563],[-116.557,40.6247],[-116.631,40.6863],[-116.7051,40.7478],[-116.7793,40.8093],[-116.8537,40.8708],[-116.9282,40.9322],[-117.0029,40.9936],[-117.0777,41.0549],[-117.1526,41.1162],[-117.2276,41.1774],[-117.3029,41.2386],[-117.3782,41.2997],[-117.4537,41.3608],[-117.5293,41.4218],[-117.6051,41.4828],[-117.681,41.5437],[-117.7571,41.6046],[-117.8333,41.6654],[-117.9096,41.7262],[-117.9861,41.787],[-118.0248,41.8176],[-118.0684,41.8944],[-118.112,41.9711],[-118.1558,42.0478],[-118.1996,42.1245],[-118.2436,42.2012],[-118.2877,42.2779],[-118.3319,42.3546],[-118.3762,42.4312],[-118.4206,42.5078],[-118.4651,42.5844],[-118.5097,42.661],[-118.5544,42.7376],[-118.5993,42.8141],[-118.6442,42.8907],[-118.6893,42.9672],[-118.7344,43.0437],[-118.7797,43.1202],[-118.8251,43.1967],[-118.8706,43.2731],[-118.9163,43.3495],[-118.962,43.4259],[-118.9684,43.4366],[-119.0143,43.513],[-119.0603,43.5894],[-119.1064,43.6657],[-119.1526,43.742],[-119.199,43.8184],[-119.2454,43.8947],[-119.292,43.9709],[-119.3387,44.0472],[-119.3856,44.1234],[-119.4325,44.1997],[-119.4796,44.2759],[-119.5268,44.352],[-119.5741,44.4282],[-119.6215,44.5043],[-119.6691,44.5805],[-119.7116,44.6484]]}},{"type":"Feature","properties":{"ident":"Q36","type":"RNAV","run":1},"geometry":{"type":"LineString","coordinates":[[-94.1214,36.2464],[-94.0181,36.2444],[-93.9148,36.2423],[-93.8115,36.2401],[-93.7083,36.2378],[-93.605,36.2355],[-93.5017,36.233],[-93.3985,36.2304],[-93.2952,36.2278],[-93.192,36.2251],[-93.0887,36.2223],[-92.9855,36.2194],[-92.8823,36.2164],[-92.7791,36.2133],[-92.6759,36.2101],[-92.5727,36.2069],[-92.4695,36.2035],[-92.3663,36.2001],[-92.2631,36.1965],[-92.16,36.1929],[-92.0568,36.1892],[-91.9537,36.1854],[-91.8506,36.1816],[-91.7474,36.1776],[-91.6443,36.1735],[-91.5412,36.1694],[-91.4381,36.1652],[-91.3351,36.1608],[-91.232,36.1564],[-91.1289,36.1519],[-91.0259,36.1473],[-90.9229,36.1427],[-90.9133,36.1422],[-90.8102,36.1424],[-90.707,36.1424],[-90.6038,36.1424],[-90.5006,36.1422],[-90.3974,36.142],[-90.2942,36.1417],[-90.191,36.1413],[-90.0878,36.1408],[-89.9847,36.1402],[-89.8815,36.1395],[-89.7783,36.1388],[-89.6751,36.138],[-89.5719,36.137],[-89.4688,36.136],[-89.3656,36.1349],[-89.2624,36.1337],[-89.1593,36.1324],[-89.0561,36.131],[-88.9699,36.1298],[-88.8667,36.1283],[-88.7636,36.1267],[-88.6604,36.1249],[-88.5573,36.1231],[-88.4541,36.1212],[-88.351,36.1193],[-88.2479,36.1172],[-88.1448,36.115],[-88.0417,36.1128],[-87.9385,36.1105],[-87.8354,36.1081],[-87.7324,36.1055],[-87.6293,36.1029],[-87.5262,36.1003],[-87.5167,36.1],[-87.4137,36.1049],[-87.3107,36.1097],[-87.2078,36.1144],[-87.1048,36.119],[-87.0018,36.1236],[-86.8987,36.128],[-86.7957,36.1324],[-86.6927,36.1366],[-86.6848,36.137],[-86.589,36.1681],[-86.4932,36.1991],[-86.3973,36.2301],[-86.3014,36.261],[-86.2053,36.2918],[-86.1092,36.3225],[-86.013,36.3532],[-85.9168,36.3838],[-85.8204,36.4143],[-85.724,36.4447],[-85.6275,36.4751],[-85.531,36.5054],[-85.4343,36.5355],[-85.3376,36.5657],[-85.2408,36.5957],[-85.1822,36.6138]]}},{"type":"Feature","properties":{"ident":"Q37","type":"RNAV","run":1},"geometry":{"type":"LineString","coordinates":[[-102.9757,30.9521],[-103.0446,31.0109],[-103.1135,31.0697],[-103.1826,31.1284],[-103.2517,31.1871],[-103.3209,31.2458],[-103.3902,31.3044],[-103.4596,31.363],[-103.529,31.4215],[-103.5986,31.48],[-103.6682,31.5385],[-103.7379,31.597],[-103.8078,31.6553],[-103.8777,31.7137],[-103.9476,31.772],[-104.0117,31.8253],[-104.028,31.9075],[-104.0444,31.9897],[-104.0607,32.0718],[-104.0771,32.154],[-104.0936,32.2362],[-104.11,32.3183],[-104.1265,32.4005],[-104.143,32.4826],[-104.1595,32.5648],[-104.1761,32.647],[-104.1927,32.7291],[-104.2094,32.8112],[-104.226,32.8934],[-104.2337,32.9311],[-104.237,33.0144],[-104.2404,33.0977],[-104.2438,33.181],[-104.2471,33.2643],[-104.2505,33.3476],[-104.2539,33.4308],[-104.2573,33.5141],[-104.2607,33.5974],[-104.2641,33.6807],[-104.2675,33.764],[-104.2709,33.8472],[-104.2743,33.9305],[-104.2777,34.0138],[-104.2811,34.0971],[-104.2846,34.1804],[-104.288,34.2637],[-104.2915,34.3469],[-104.2949,34.4302],[-104.2984,34.5135],[-104.3019,34.5968],[-104.3054,34.6801],[-104.3089,34.7633],[-104.3123,34.8466],[-104.3148,34.9049],[-104.3175,34.9882],[-104.3202,35.0715],[-104.3229,35.1548],[-104.3256,35.2381],[-104.3284,35.3214],[-104.3311,35.4047],[-104.3338,35.488],[-104.3366,35.5713],[-104.3393,35.6546],[-104.3421,35.7379],[-104.3448,35.8212],[-104.3476,35.9045],[-104.3503,35.9878],[-104.3531,36.0711],[-104.3559,36.1544],[-104.3587,36.2377],[-104.3615,36.321],[-104.3643,36.4043],[-104.3671,36.4876],[-104.3699,36.5709],[-104.3727,36.6542],[-104.3755,36.7375],[-104.3784,36.8208],[-104.3812,36.9041],[-104.384,36.9874],[-104.3869,37.0707],[-104.3897,37.154],[-104.3926,37.2373],[-104.3955,37.3206],[-104.3983,37.4039],[-104.4012,37.4872],[-104.4041,37.5705],[-104.407,37.6538],[-104.4099,37.7371],[-104.4128,37.8204],[-104.4157,37.9037],[-104.4186,37.987],[-104.4216,38.0703],[-104.4245,38.1535],[-104.4274,38.2368],[-104.4295,38.2943]]}},{"type":"Feature","properties":{"ident":"Q38","type":"RNAV","run":1},"geometry":{"type":"LineString","coordinates":[[-94.5138,30.4972],[-94.43,30.5389],[-94.3461,30.5805],[-94.2622,30.622],[-94.1782,30.6635],[-94.0941,30.7049],[-94.0099,30.7462],[-93.9257,30.7876],[-93.8414,30.8288],[-93.7571,30.87],[-93.6726,30.9112],[-93.5881,30.9523],[-93.5035,30.9933],[-93.4189,31.0343],[-93.3341,31.0752],[-93.2493,31.1161],[-93.1644,31.1569],[-93.0795,31.1977],[-92.9945,31.2384],[-92.9094,31.279],[-92.8242,31.3196],[-92.755,31.3525],[-92.6699,31.3933],[-92.5847,31.434],[-92.4994,31.4747],[-92.4141,31.5153],[-92.3287,31.5558],[-92.2432,31.5963],[-92.1576,31.6367],[-92.072,31.6771],[-91.9863,31.7174],[-91.9005,31.7577],[-91.8146,31.7979],[-91.7287,31.838],[-91.6427,31.8781],[-91.5566,31.9182],[-91.4704,31.9581],[-91.3842,31.9981],[-91.3728,32.0033],[-91.2859,32.0423],[-91.1989,32.0811],[-91.1119,32.1199],[-91.0247,32.1587],[-90.9375,32.1974],[-90.8503,32.236],[-90.7629,32.2746],[-90.6755,32.3131],[-90.588,32.3515],[-90.5004,32.3899],[-90.4128,32.4282],[-90.3251,32.4665],[-90.2373,32.5047],[-90.1494,32.5428],[-90.0614,32.5809],[-89.9734,32.6189],[-89.8853,32.6569],[-89.7972,32.6948],[-89.7089,32.7326],[-89.6206,32.7704],[-89.5322,32.8081],[-89.4438,32.8458],[-89.3552,32.8834],[-89.2666,32.9209],[-89.1779,32.9583],[-89.0891,32.9957],[-89.0003,33.0331],[-88.9114,33.0704],[-88.8224,33.1076],[-88.7333,33.1447],[-88.6442,33.1818],[-88.5549,33.2188],[-88.4657,33.2558],[-88.3763,33.2927],[-88.2868,33.3295],[-88.1973,33.3663],[-88.1077,33.403],[-88.018,33.4396],[-87.9283,33.4762],[-87.8385,33.5127],[-87.7486,33.5491],[-87.6586,33.5855],[-87.6565,33.5863]]}},{"type":"Feature","properties":{"ident":"Q39","type":"RNAV","run":1},"geometry":{"type":"LineString","coordinates":[[-81.1472,36.4192],[-81.1543,36.5023],[-81.1614,36.5854],[-81.1685,36.6686],[-81.1756,36.7517],[-81.1828,36.8348],[-81.19,36.918],[-81.1971,37.0011],[-81.2044,37.0842],[-81.2116,37.1674],[-81.2188,37.2505],[-81.2261,37.3336],[-81.2333,37.4168],[-81.2406,37.4999],[-81.2479,37.583],[-81.2552,37.6661],[-81.2626,37.7493],[-81.2699,37.8324],[-81.2773,37.9155],[-81.2847,37.9986],[-81.2921,38.0818],[-81.2995,38.1649],[-81.3069,38.248],[-81.3095,38.2767],[-81.3026,38.3598],[-81.2956,38.443],[-81.2928,38.4767]]}},{"type":"Feature","properties":{"ident":"Q4","type":"RNAV","run":1},"geometry":{"type":"LineString","coordinates":[[-118.0259,34.4224],[-117.9286,34.3999],[-117.8314,34.3773],[-117.7343,34.3546],[-117.6372,34.3318],[-117.5402,34.309],[-117.4432,34.286],[-117.3463,34.263],[-117.2494,34.2399],[-117.1526,34.2168],[-117.0559,34.1935],[-116.9591,34.1702],[-116.8625,34.1469],[-116.7659,34.1234],[-116.6693,34.0999],[-116.5728,34.0762],[-116.4764,34.0526],[-116.38,34.0288],[-116.2837,34.005],[-116.1874,33.981],[-116.0912,33.9571],[-115.995,33.933],[-115.8989,33.9089],[-115.8028,33.8846],[-115.7068,33.8604],[-115.6109,33.836],[-115.515,33.8116],[-115.4191,33.7871],[-115.3233,33.7625],[-115.2276,33.7378],[-115.1319,33.7131],[-115.0363,33.6883],[-114.9407,33.6634],[-114.8452,33.6385],[-114.7498,33.6134],[-114.6544,33.5883],[-114.559,33.5632],[-114.4706,33.5397],[-114.3733,33.5206],[-114.276,33.5014],[-114.1788,33.4821],[-114.0818,33.4627],[-113.9842,33.4449],[-113.8867,33.4269],[-113.7892,33.4089],[-113.7247,33.3969],[-113.6299,33.3709],[-113.5352,33.3448],[-113.4405,33.3186],[-113.3459,33.2923],[-113.2513,33.266],[-113.1568,33.2395],[-113.0624,33.2131],[-112.968,33.1865],[-112.8736,33.1599],[-112.7794,33.1332],[-112.6851,33.1064],[-112.591,33.0796],[-112.5167,33.0583],[-112.4222,33.0325],[-112.3277,33.0065],[-112.2333,32.9805],[-112.139,32.9545],[-112.0447,32.9283],[-111.9505,32.9021],[-111.8563,32.8758],[-111.7622,32.8495],[-111.6682,32.823],[-111.5742,32.7965],[-111.4802,32.77],[-111.3863,32.7433],[-111.2925,32.7166],[-111.1987,32.6899],[-111.105,32.663],[-111.0113,32.6361],[-110.9177,32.6091],[-110.8242,32.5821],[-110.7307,32.5549],[-110.6372,32.5277],[-110.5439,32.5005],[-110.4505,32.4731],[-110.3573,32.4457],[-110.2641,32.4183],[-110.1709,32.3907],[-110.0778,32.3631],[-109.9848,32.3355],[-109.8918,32.3077],[-109.8456,32.2939],[-109.748,32.2822],[-109.6504,32.2704],[-109.5529,32.2586],[-109.4553,32.2467],[-109.3578,32.2347],[-109.2604,32.2226],[-109.1629,32.2104],[-109.0655,32.1982],[-108.9681,32.1859],[-108.8708,32.1735],[-108.7734,32.1611],[-108.6761,32.1486],[-108.5788,32.136],[-108.4816,32.1233],[-108.3843,32.1106],[-108.2871,32.0978],[-108.19,32.0849],[-108.0928,32.0719],[-107.9957,32.0589],[-107.8986,32.0457],[-107.8015,32.0326],[-107.7045,32.0193],[-107.6075,32.006],[-107.5105,31.9925],[-107.4136,31.9791],[-107.3166,31.9655],[-107.2198,31.9519],[-107.1229,31.9382],[-107.0261,31.9244],[-106.9292,31.9105],[-106.8325,31.8966],[-106.7357,31.8826],[-106.639,31.8685],[-106.5423,31.8544],[-106.4457,31.8402],[-106.349,31.8259],[-106.2819,31.8159],[-106.1848,31.8045],[-106.0876,31.793],[-105.9906,31.7815],[-105.8935,31.7699],[-105.7965,31.7582],[-105.6994,31.7464],[-105.6025,31.7345],[-105.5055,31.7226],[-105.4085,31.7106],[-105.3116,31.6986],[-105.2147,31.6864],[-105.1179,31.6742],[-105.021,31.6619],[-104.9242,31.6496],[-104.8274,31.6371],[-104.7307,31.6246],[-104.6339,31.612],[-104.5372,31.5994],[-104.4406,31.5867],[-104.3439,31.5739],[-104.2473,31.561],[-104.1507,31.5481],[-104.0541,31.535],[-103.9575,31.522],[-103.861,31.5088],[-103.7645,31.4956],[-103.6681,31.4823],[-103.5748,31.4693],[-103.478,31.4576],[-103.3814,31.4457],[-103.2847,31.4338],[-103.188,31.4219],[-103.0914,31.4098],[-102.9948,31.3977],[-102.8983,31.3855],[-102.8017,31.3733],[-102.7052,31.3609],[-102.6087,31.3485],[-102.5122,31.3361],[-102.4158,31.3235],[-102.3194,31.3109],[-102.223,31.2982],[-102.1266,31.2854],[-102.0303,31.2726],[-101.934,31.2597],[-101.8377,31.2467],[-101.7414,31.2337],[-101.6452,31.2206],[-101.549,31.2074],[-101.4528,31.1941],[-101.3567,31.1808],[-101.3292,31.1769],[-101.2331,31.1635],[-101.137,31.15],[-101.0409,31.1364],[-100.9449,31.1228],[-100.8489,31.1091],[-100.7529,31.0953],[-100.6569,31.0814],[-100.561,31.0675],[-100.4651,31.0535],[-100.3693,31.0394],[-100.2734,31.0253],[-100.1776,31.0111],[-100.0818,30.9968],[-99.9861,30.9824],[-99.8904,30.968],[-99.7947,30.9535],[-99.699,30.9389],[-99.6034,30.9243],[-99.5078,30.9096],[-99.4122,30.8948],[-99.3166,30.88],[-99.2211,30.865],[-99.1256,30.85],[-99.0302,30.835],[-98.9347,30.8199],[-98.8393,30.8047],[-98.7872,30.7963],[-98.6905,30.7894],[-98.5939,30.7823],[-98.4972,30.7752],[-98.4006,30.7681],[-98.304,30.7608],[-98.2074,30.7535],[-98.1108,30.7461],[-98.0143,30.7386],[-97.9177,30.7311],[-97.8212,30.7235],[-97.7247,30.7158],[-97.6282,30.7081],[-97.5317,30.7003],[-97.4352,30.6924],[-97.3387,30.6844],[-97.2423,30.6764],[-97.1459,30.6683],[-97.0495,30.6601],[-96.9531,30.6519],[-96.8567,30.6435],[-96.7603,30.6352],[-96.664,30.6267],[-96.5677,30.6182],[-96.4714,30.6096],[-96.4207,30.605]]}},{"type":"Feature","properties":{"ident":"Q40","type":"RNAV","run":1},"geometry":{"type":"LineString","coordinates":[[-92.501,31.2567],[-92.4159,31.2975],[-92.3308,31.3381],[-92.2456,31.3787],[-92.1603,31.4193],[-92.0749,31.4598],[-91.9895,31.5002],[-91.904,31.5406],[-91.8184,31.5809],[-91.7327,31.6212],[-91.647,31.6614],[-91.5612,31.7016],[-91.4753,31.7417],[-91.3894,31.7817],[-91.3034,31.8217],[-91.2173,31.8616],[-91.1656,31.8856],[-91.0778,31.9229],[-90.99,31.9602],[-90.9021,31.9974],[-90.8141,32.0345],[-90.7261,32.0716],[-90.638,32.1087],[-90.5498,32.1456],[-90.4615,32.1825],[-90.3732,32.2194],[-90.2848,32.2562],[-90.1963,32.2929],[-90.1078,32.3296],[-90.0192,32.3662],[-89.9305,32.4027],[-89.8417,32.4392],[-89.7529,32.4756],[-89.664,32.512],[-89.575,32.5483],[-89.486,32.5845],[-89.3969,32.6206],[-89.3656,32.6333],[-89.2784,32.6728],[-89.1912,32.7122],[-89.1038,32.7516],[-89.0164,32.7909],[-88.929,32.8301],[-88.8414,32.8693],[-88.7538,32.9084],[-88.6661,32.9474],[-88.5783,32.9864],[-88.4904,33.0253],[-88.4025,33.0642],[-88.3145,33.103],[-88.2264,33.1417],[-88.1382,33.1804],[-88.05,33.219],[-87.9616,33.2576],[-87.8732,33.296],[-87.7848,33.3345],[-87.6962,33.3728],[-87.6333,33.4],[-87.5524,33.4488],[-87.4714,33.4976],[-87.3903,33.5463],[-87.3092,33.595],[-87.2279,33.6436],[-87.1465,33.6922],[-87.0651,33.7407],[-86.9835,33.7891],[-86.9019,33.8375],[-86.8201,33.8859],[-86.7383,33.9342],[-86.6564,33.9824],[-86.5744,34.0306],[-86.5251,34.0594],[-86.443,34.1076],[-86.3608,34.1557],[-86.2785,34.2037],[-86.1961,34.2517],[-86.1136,34.2997],[-86.031,34.3475],[-85.9484,34.3953],[-85.8656,34.4431],[-85.7827,34.4908],[-85.6998,34.5385],[-85.6167,34.5861],[-85.5335,34.6336],[-85.4503,34.6811],[-85.367,34.7285],[-85.2835,34.7759],[-85.2706,34.7832],[-85.187,34.8305],[-85.1033,34.8777],[-85.0196,34.9249],[-84.9357,34.972],[-84.8518,35.019],[-84.7677,35.066],[-84.6836,35.113],[-84.5993,35.1598],[-84.515,35.2067],[-84.4305,35.2534],[-84.346,35.3001],[-84.2613,35.3468],[-84.1766,35.3933],[-84.0918,35.4399],[-84.0068,35.4863],[-83.9218,35.5327],[-83.8367,35.5791],[-83.7515,35.6253],[-83.6661,35.6716],[-83.5807,35.7177],[-83.5416,35.7388],[-83.454,35.7823],[-83.3663,35.8257],[-83.2785,35.8691],[-83.1906,35.9124],[-83.1816,35.9168],[-83.0957,35.9627],[-83.0097,36.0086],[-82.9236,36.0544],[-82.8374,36.1001],[-82.7512,36.1458],[-82.6648,36.1914],[-82.5783,36.2369],[-82.4917,36.2824],[-82.405,36.3278],[-82.3182,36.3732],[-82.2313,36.4185],[-82.1443,36.4637],[-82.0572,36.5089],[-81.97,36.554],[-81.8827,36.599],[-81.7953,36.644],[-81.7078,36.6889],[-81.6239,36.7319],[-81.5354,36.7756],[-81.4468,36.8193],[-81.3993,36.8427],[-81.3105,36.8863],[-81.2217,36.9299],[-81.1327,36.9734],[-81.0436,37.0168],[-80.9545,37.0601],[-80.8652,37.1034],[-80.7758,37.1466],[-80.6864,37.1897],[-80.5968,37.2328],[-80.5092,37.2748],[-80.4217,37.3205],[-80.334,37.3662],[-80.2462,37.4118],[-80.1583,37.4573],[-80.0703,37.5028],[-79.9822,37.5482],[-79.894,37.5935],[-79.8057,37.6388],[-79.7173,37.684],[-79.6287,37.7291],[-79.5401,37.7742],[-79.4513,37.8192],[-79.3625,37.8642],[-79.3303,37.8804],[-79.2412,37.9251],[-79.152,37.9698],[-79.0627,38.0143],[-78.9732,38.0589],[-78.8837,38.1033],[-78.794,38.1477],[-78.7043,38.192],[-78.6144,38.2363],[-78.5244,38.2804],[-78.4343,38.3245],[-78.3441,38.3686],[-78.2538,38.4125],[-78.2309,38.4237]]}},{"type":"Feature","properties":{"ident":"Q406","type":"RNAV","run":1},"geometry":{"type":"LineString","coordinates":[[-74.8218,40.7984],[-74.7287,40.8429],[-74.6355,40.8873],[-74.5421,40.9317],[-74.4487,40.976],[-74.355,41.0201],[-74.2613,41.0643],[-74.1675,41.1083],[-74.0961,41.1417],[-74.0141,41.1976],[-73.9319,41.2535],[-73.8495,41.3093],[-73.7986,41.3437],[-73.7151,41.3987],[-73.6315,41.4535],[-73.5477,41.5083],[-73.4637,41.5631],[-73.3797,41.6177],[-73.3175,41.6581],[-73.2585,41.7288],[-73.1993,41.7995],[-73.14,41.8701],[-73.0806,41.9408],[-73.0679,41.9558],[-72.9801,42.0075],[-72.892,42.0592],[-72.8039,42.1108],[-72.7162,42.162]]}},{"type":"Feature","properties":{"ident":"Q409","type":"RNAV","run":1},"geometry":{"type":"LineString","coordinates":[[-82.4359,30.7034],[-82.378,30.7702],[-82.32,30.837],[-82.2619,30.9038],[-82.2038,30.9705],[-82.1456,31.0373],[-82.0872,31.104],[-82.0288,31.1706],[-81.9704,31.2373],[-81.9118,31.3039],[-81.8531,31.3705],[-81.8184,31.4099],[-81.7535,31.4722],[-81.6885,31.5344],[-81.6234,31.5966],[-81.5583,31.6588],[-81.493,31.7209],[-81.4277,31.7831],[-81.3623,31.8451],[-81.2968,31.9072],[-81.2374,31.9633],[-81.1891,32.0359],[-81.1407,32.1084],[-81.0922,32.1809],[-81.0437,32.2534],[-81.0233,32.2838],[-80.9627,32.3495],[-80.902,32.4152],[-80.8412,32.4809],[-80.7803,32.5465],[-80.7194,32.6122],[-80.6583,32.6777],[-80.6272,32.7111],[-80.5672,32.7774],[-80.5072,32.8437],[-80.447,32.91],[-80.3867,32.9762],[-80.3264,33.0424],[-80.266,33.1086],[-80.2054,33.1748],[-80.1448,33.2409],[-80.0841,33.307],[-80.0233,33.373],[-79.9624,33.439],[-79.9014,33.505],[-79.8403,33.571],[-79.7792,33.6369],[-79.7179,33.7029],[-79.6565,33.7687],[-79.5951,33.8346],[-79.5644,33.8674],[-79.5012,33.9321],[-79.4379,33.9968],[-79.3745,34.0615],[-79.311,34.1261],[-79.2474,34.1907],[-79.1837,34.2553],[-79.178,34.2611],[-79.1198,34.3291],[-79.0615,34.3972],[-79.0292,34.4348],[-78.9682,34.5012],[-78.9682,34.5012],[-78.907,34.5676],[-78.8458,34.6339],[-78.7844,34.7002],[-78.7229,34.7665],[-78.6613,34.8327],[-78.5997,34.8989],[-78.5379,34.9651],[-78.476,35.0312],[-78.414,35.0974],[-78.352,35.1634],[-78.2898,35.2295],[-78.2401,35.2822],[-78.1777,35.3482],[-78.1153,35.4142],[-78.0527,35.4801],[-77.9901,35.546],[-77.9273,35.6119],[-77.8644,35.6777],[-77.8015,35.7435],[-77.7384,35.8093],[-77.6752,35.875],[-77.6119,35.9407],[-77.5486,36.0064],[-77.4851,36.072],[-77.4215,36.1376],[-77.3578,36.2032],[-77.2939,36.2687],[-77.25,36.3138],[-77.1929,36.3833],[-77.1356,36.4527],[-77.0783,36.5221],[-77.0209,36.5915],[-76.9634,36.6609],[-76.9057,36.7302],[-76.848,36.7995],[-76.7901,36.8688],[-76.7322,36.9381],[-76.6741,37.0073],[-76.616,37.0765],[-76.5577,37.1457],[-76.4993,37.2148],[-76.4409,37.2839],[-76.3823,37.353],[-76.3236,37.4221],[-76.2648,37.4911],[-76.2058,37.5601],[-76.166,37.6067],[-76.1071,37.6757],[-76.048,37.7447],[-75.9889,37.8137],[-75.9296,37.8826],[-75.8702,37.9516],[-75.8107,38.0204],[-75.7511,38.0893],[-75.6914,38.1581],[-75.6316,38.2269],[-75.5717,38.2957],[-75.5338,38.339],[-75.5227,38.4219],[-75.5115,38.5047],[-75.5002,38.5876],[-75.489,38.6705],[-75.4815,38.7252],[-75.4701,38.808],[-75.4587,38.8909],[-75.4472,38.9737],[-75.4411,39.0177],[-75.3693,39.0795],[-75.2973,39.1414],[-75.2252,39.2032],[-75.1529,39.2649],[-75.1105,39.3011],[-75.0341,39.3598],[-74.9575,39.4185],[-74.8808,39.4771],[-74.804,39.5356],[-74.727,39.5942],[-74.6499,39.6526],[-74.5727,39.711],[-74.4953,39.7694],[-74.4316,39.8173],[-74.3677,39.8847],[-74.3036,39.952],[-74.2513,40.0068]]}},{"type":"Feature","properties":{"ident":"Q419","type":"RNAV","run":1},"geometry":{"type":"LineString","coordinates":[[-75.8805,39.1912],[-75.8111,39.2549],[-75.7415,39.3185],[-75.6719,39.3821],[-75.6124,39.4362],[-75.5425,39.4996],[-75.4724,39.5631],[-75.4165,39.6137],[-75.3462,39.677],[-75.2758,39.7404],[-75.2195,39.7908],[-75.138,39.8458],[-75.0563,39.9007],[-74.9746,39.9556],[-74.9544,39.9691],[-74.8639,40.0153],[-74.7733,40.0615],[-74.6826,40.1076],[-74.5917,40.1536],[-74.5007,40.1995],[-74.495,40.2024],[-74.4261,40.267],[-74.3571,40.3316],[-74.2879,40.3961],[-74.2186,40.4606],[-74.1491,40.5251],[-74.1205,40.5516],[-74.0156,40.5762],[-73.9107,40.6006],[-73.8058,40.6249],[-73.7714,40.6329],[-73.6713,40.6671],[-73.571,40.7013],[-73.4707,40.7353],[-73.3702,40.7693],[-73.3037,40.7918]]}},{"type":"Feature","properties":{"ident":"Q42","type":"RNAV","run":1},"geometry":{"type":"LineString","coordinates":[[-92.5917,40.135],[-92.483,40.1408],[-92.3742,40.1464],[-92.2654,40.152],[-92.1566,40.1574],[-92.0478,40.1628],[-91.939,40.168],[-91.8302,40.1731],[-91.7213,40.1782],[-91.6124,40.1831],[-91.5035,40.188],[-91.3946,40.1927],[-91.2857,40.1973],[-91.1768,40.2018],[-91.0678,40.2063],[-90.9588,40.2106],[-90.8499,40.2148],[-90.7409,40.2189],[-90.6319,40.223],[-90.5228,40.2269],[-90.4138,40.2307],[-90.306,40.2344],[-90.1969,40.238],[-90.0879,40.2415],[-89.9788,40.2448],[-89.8697,40.2481],[-89.7606,40.2513],[-89.6515,40.2544],[-89.5424,40.2574],[-89.4332,40.2603],[-89.3241,40.2631],[-89.2149,40.2657],[-89.1058,40.2683],[-88.9966,40.2708],[-88.8875,40.2732],[-88.7783,40.2754],[-88.6691,40.2776],[-88.5599,40.2796],[-88.4507,40.2816],[-88.3415,40.2835],[-88.2323,40.2852],[-88.1231,40.2869],[-88.0138,40.2884],[-87.9046,40.2899],[-87.7954,40.2912],[-87.6861,40.2924],[-87.5769,40.2936],[-87.5571,40.2938],[-87.4478,40.2919],[-87.3386,40.2899],[-87.2294,40.2878],[-87.1202,40.2856],[-87.011,40.2833],[-86.9018,40.2809],[-86.7926,40.2784],[-86.6835,40.2758],[-86.5743,40.2731],[-86.4652,40.2703],[-86.356,40.2674],[-86.2469,40.2643],[-86.1378,40.2612],[-86.0286,40.258],[-85.9195,40.2547],[-85.8104,40.2512],[-85.7014,40.2477],[-85.5923,40.2441],[-85.4832,40.2403],[-85.3942,40.2372],[-85.2851,40.2369],[-85.1759,40.2365],[-85.0668,40.2359],[-84.9576,40.2353],[-84.8485,40.2346],[-84.7393,40.2338],[-84.6302,40.2328],[-84.521,40.2318],[-84.4119,40.2306],[-84.3027,40.2294],[-84.1936,40.228],[-84.0845,40.2266],[-83.9754,40.225],[-83.8662,40.2234],[-83.7571,40.2216],[-83.648,40.2198],[-83.5389,40.2178],[-83.4298,40.2157],[-83.3207,40.2136],[-83.2117,40.2113],[-83.1026,40.2089],[-82.9935,40.2065],[-82.8845,40.2039],[-82.7754,40.2012],[-82.6664,40.1984],[-82.5574,40.1955],[-82.4483,40.1926],[-82.3393,40.1895],[-82.2303,40.1863],[-82.1213,40.183],[-82.0124,40.1796],[-81.9034,40.1761],[-81.7944,40.1725],[-81.6855,40.1688],[-81.6242,40.1667],[-81.5151,40.1682],[-81.4061,40.1696],[-81.2971,40.1709],[-81.188,40.1721],[-81.079,40.1732],[-80.9714,40.1742],[-80.8623,40.1731],[-80.7533,40.172],[-80.6443,40.1708],[-80.5352,40.1694],[-80.4262,40.168],[-80.3172,40.1665],[-80.2081,40.1648],[-80.0991,40.1631],[-79.9901,40.1612],[-79.8811,40.1593],[-79.7721,40.1572],[-79.6631,40.1551],[-79.5541,40.1528],[-79.4451,40.1504],[-79.3362,40.148],[-79.2272,40.1454],[-79.1536,40.1436],[-79.0446,40.1435],[-78.9356,40.1433],[-78.8266,40.1429],[-78.7176,40.1425],[-78.6086,40.142],[-78.4996,40.1414],[-78.3906,40.1406],[-78.2816,40.1398],[-78.1726,40.1388],[-78.0636,40.1378],[-77.9546,40.1367],[-77.8456,40.1354],[-77.8352,40.1353],[-77.7285,40.1524],[-77.6218,40.1695],[-77.515,40.1865],[-77.4082,40.2033],[-77.3013,40.2201],[-77.1944,40.2368],[-77.0874,40.2533],[-76.9803,40.2698],[-76.8732,40.2862],[-76.7661,40.3024],[-76.6589,40.3186],[-76.5516,40.3347],[-76.4936,40.3433],[-76.3961,40.3811],[-76.2985,40.4187],[-76.2008,40.4563],[-76.103,40.4938],[-76.005,40.5312],[-75.907,40.5686],[-75.8197,40.6017],[-75.7214,40.6387],[-75.623,40.6757],[-75.5244,40.7126],[-75.4257,40.7494],[-75.3831,40.7653],[-75.275,40.7811],[-75.1669,40.7968],[-75.1236,40.8031]]}},{"type":"Feature","properties":{"ident":"Q430","type":"RNAV","run":1},"geometry":{"type":"LineString","coordinates":[[-81.5329,40.0052],[-81.4241,40.0073],[-81.3154,40.0093],[-81.2066,40.0111],[-81.0978,40.0129],[-80.989,40.0146],[-80.8803,40.0162],[-80.8172,40.017],[-80.7084,40.0166],[-80.5996,40.016],[-80.4908,40.0154],[-80.382,40.0146],[-80.2732,40.0138],[-80.1644,40.0128],[-80.0556,40.0117],[-79.9469,40.0106],[-79.8381,40.0093],[-79.7293,40.0079],[-79.6205,40.0065],[-79.5118,40.0049],[-79.4149,40.0034],[-79.3061,40.0016],[-79.1974,39.9998],[-79.0886,39.9978],[-78.9799,39.9957],[-78.8712,39.9935],[-78.7624,39.9913],[-78.6537,39.9889],[-78.545,39.9864],[-78.4363,39.9838],[-78.3276,39.9811],[-78.2189,39.9783],[-78.1102,39.9755],[-78.0016,39.9725],[-77.9559,39.9712],[-77.8472,39.968],[-77.7386,39.9648],[-77.63,39.9615],[-77.5213,39.958],[-77.4499,39.9557],[-77.3413,39.9521],[-77.2984,39.9507],[-77.1906,39.9616],[-77.0828,39.9725],[-76.975,39.9833],[-76.8671,39.994],[-76.7592,40.0046],[-76.6513,40.015],[-76.5433,40.0254],[-76.484,40.0311],[-76.376,40.0413],[-76.2679,40.0514],[-76.1598,40.0613],[-76.0517,40.0712],[-75.9436,40.081],[-75.8354,40.0907],[-75.8187,40.0922],[-75.7105,40.1018],[-75.6022,40.1113],[-75.494,40.1207],[-75.3857,40.13],[-75.3768,40.1307],[-75.2684,40.1399],[-75.1601,40.149],[-75.0517,40.1579],[-74.9433,40.1668],[-74.8348,40.1756],[-74.7263,40.1843],[-74.6178,40.1928],[-74.5093,40.2013],[-74.495,40.2024],[-74.3919,40.2297],[-74.2887,40.2568],[-74.1854,40.2839],[-74.082,40.3109],[-73.9786,40.3377],[-73.9495,40.3453],[-73.8459,40.3721],[-73.7423,40.3988],[-73.6386,40.4255],[-73.553,40.4474],[-73.4491,40.4738],[-73.3452,40.5001],[-73.2411,40.5264],[-73.137,40.5525],[-73.0328,40.5786],[-72.9285,40.6046],[-72.8242,40.6304],[-72.7198,40.6562],[-72.6152,40.6819],[-72.5819,40.6901],[-72.4773,40.7156],[-72.3726,40.7411],[-72.2678,40.7664],[-72.206,40.7813],[-72.102,40.8088],[-71.998,40.8362],[-71.8939,40.8635],[-71.7898,40.8906],[-71.6855,40.9177],[-71.6294,40.9323],[-71.5252,40.9598],[-71.421,40.9873],[-71.3557,41.0044],[-71.2494,41.0272],[-71.1432,41.05],[-71.0696,41.0656],[-70.9632,41.0882],[-70.8567,41.1107],[-70.8361,41.115],[-70.7295,41.1373],[-70.6229,41.1596],[-70.5161,41.1817],[-70.4093,41.2038],[-70.3025,41.2258],[-70.1955,41.2476],[-70.0885,41.2694],[-70.0267,41.2819]]}},{"type":"Feature","properties":{"ident":"Q436","type":"RNAV","run":1},"geometry":{"type":"LineString","coordinates":[[-84.5807,42.8844],[-84.4681,42.8727],[-84.3556,42.8608],[-84.2431,42.8488],[-84.1306,42.8366],[-84.0182,42.8244],[-83.9081,42.8123],[-83.7958,42.7999],[-83.6835,42.7873],[-83.5713,42.7747],[-83.4591,42.7619],[-83.347,42.749],[-83.2349,42.736],[-83.1229,42.7229],[-83.0187,42.7106],[-82.9064,42.6995],[-82.794,42.6882],[-82.7495,42.6837],[-82.6372,42.6722],[-82.525,42.6606],[-82.5103,42.6591],[-82.3548,42.6428],[-82.1993,42.6262],[-82.0439,42.6095],[-81.8886,42.5926],[-81.7334,42.5754],[-81.5783,42.5581],[-81.4232,42.5405],[-81.2683,42.5227],[-81.1218,42.5186],[-80.9754,42.5144],[-80.829,42.5099],[-80.6826,42.5053],[-80.4874,42.495],[-80.2923,42.4844],[-80.0972,42.4735],[-79.9022,42.4622],[-79.7896,42.4556],[-79.6771,42.4488],[-79.5645,42.4419],[-79.452,42.4349],[-79.3395,42.4278],[-79.2271,42.4206],[-79.1146,42.4133],[-79.0022,42.4059],[-78.9108,42.3997],[-78.8037,42.3737],[-78.6966,42.3475],[-78.5896,42.3212],[-78.4827,42.2949],[-78.3759,42.2684],[-78.2744,42.2431],[-78.1684,42.2151],[-78.0625,42.187],[-77.9567,42.1588],[-77.851,42.1305],[-77.7454,42.1021],[-77.6399,42.0736],[-77.5344,42.0451],[-77.4291,42.0164],[-77.4097,42.0111],[-77.3042,41.9829],[-77.1988,41.9546],[-77.0935,41.9262],[-76.9882,41.8977],[-76.9328,41.8827],[-76.8277,41.854],[-76.7228,41.8252],[-76.6179,41.7963],[-76.5224,41.7698],[-76.4177,41.7408],[-76.3131,41.7116],[-76.2225,41.6863],[-76.1181,41.6569],[-76.0138,41.6275],[-75.9096,41.598],[-75.8558,41.5827],[-75.7518,41.5531],[-75.6478,41.5233],[-75.5439,41.4934],[-75.4826,41.4757],[-75.3859,41.4345],[-75.2894,41.3933],[-75.193,41.3519],[-75.0967,41.3105],[-75.0006,41.269],[-74.9045,41.2274],[-74.8086,41.1857],[-74.7128,41.1439],[-74.6952,41.1362]]}},{"type":"Feature","properties":{"ident":"Q436","type":"RNAV","run":2},"geometry":{"type":"LineString","coordinates":[[-81.2683,42.5227],[-81.1553,42.5196],[-81.0423,42.5164],[-80.9294,42.513],[-80.8164,42.5095],[-80.7035,42.506],[-80.6826,42.5053]]}},{"type":"Feature","properties":{"ident":"Q437","type":"RNAV","run":1},"geometry":{"type":"LineString","coordinates":[[-76.166,37.6067],[-76.1071,37.6757],[-76.048,37.7447],[-75.9889,37.8137],[-75.9296,37.8826],[-75.8702,37.9516],[-75.8107,38.0204],[-75.7511,38.0893],[-75.6914,38.1581],[-75.6316,38.2269],[-75.5717,38.2957],[-75.5338,38.339],[-75.5227,38.4219],[-75.5115,38.5047],[-75.5002,38.5876],[-75.489,38.6705],[-75.4815,38.7252],[-75.4701,38.808],[-75.4587,38.8909],[-75.4472,38.9737],[-75.4411,39.0177],[-75.3693,39.0795],[-75.2973,39.1414],[-75.2252,39.2032],[-75.1529,39.2649],[-75.1105,39.3011],[-75.0542,39.3721],[-74.9977,39.4431],[-74.9411,39.5141],[-74.8997,39.5659],[-74.878,39.6475],[-74.8563,39.7292],[-74.8345,39.8108],[-74.8127,39.8924],[-74.7908,39.9741],[-74.7688,40.0557],[-74.7469,40.1373],[-74.7248,40.2189],[-74.7027,40.3005],[-74.6806,40.3821],[-74.6695,40.4227],[-74.5934,40.4826],[-74.5172,40.5425],[-74.4408,40.6023],[-74.3643,40.6621],[-74.2877,40.7219],[-74.2109,40.7815],[-74.1692,40.8139],[-74.1299,40.8918],[-74.0905,40.9696],[-74.0511,41.0475],[-74.0115,41.1253],[-73.9719,41.2031],[-73.9322,41.2809],[-73.8924,41.3586],[-73.8524,41.4364],[-73.8145,41.5102],[-73.8144,41.5935],[-73.8143,41.6769],[-73.8142,41.7602],[-73.8142,41.8435],[-73.8141,41.9268],[-73.814,42.0102],[-73.8139,42.0935],[-73.8139,42.1768],[-73.8138,42.2602],[-73.8137,42.3435],[-73.8136,42.4268],[-73.8136,42.5102],[-73.8135,42.5935],[-73.8134,42.6768],[-73.8134,42.7469]]}},{"type":"Feature","properties":{"ident":"Q438","type":"RNAV","run":1},"geometry":{"type":"LineString","coordinates":[[-84.5878,43.0177],[-84.4745,43.0088],[-84.3613,42.9998],[-84.248,42.9906],[-84.1348,42.9813],[-84.0216,42.9719],[-83.9085,42.9625],[-83.7954,42.9529],[-83.6823,42.9431],[-83.5693,42.9333],[-83.4563,42.9234],[-83.3434,42.9133],[-83.2999,42.9094],[-83.1879,42.8948],[-83.076,42.88],[-82.9641,42.8652],[-82.8523,42.8502],[-82.7405,42.8351],[-82.6288,42.8199],[-82.5529,42.8095],[-82.4804,42.8018],[-82.3284,42.7856],[-82.1765,42.7693],[-82.0246,42.7527],[-81.8729,42.7359],[-81.7212,42.7189],[-81.5696,42.7017],[-81.4181,42.6843],[-81.2667,42.6667],[-81.0759,42.661],[-80.8852,42.655],[-80.6945,42.6487],[-80.5039,42.6421],[-80.325,42.6349],[-80.1461,42.6275],[-79.9672,42.6197],[-79.7885,42.6117],[-79.6179,42.5712],[-79.5103,42.5454],[-79.4028,42.5196],[-79.2954,42.4936],[-79.1881,42.4676],[-79.0808,42.4414],[-78.9737,42.4152],[-78.9108,42.3997]]}},{"type":"Feature","properties":{"ident":"Q438","type":"RNAV","run":2},"geometry":{"type":"LineString","coordinates":[[-81.2667,42.6667],[-81.1534,42.6633],[-81.0402,42.6599],[-80.927,42.6564],[-80.8138,42.6527],[-80.7006,42.6489],[-80.5875,42.645],[-80.5039,42.6421],[-80.3908,42.6376],[-80.2777,42.633],[-80.1646,42.6282],[-80.0515,42.6234],[-79.9385,42.6185],[-79.8255,42.6134],[-79.7885,42.6117]]}},{"type":"Feature","properties":{"ident":"Q439","type":"RNAV","run":1},"geometry":{"type":"LineString","coordinates":[[-75.6265,37.842],[-75.5668,37.9107],[-75.5069,37.9794],[-75.447,38.048],[-75.4429,38.0528],[-75.3857,38.1229],[-75.3285,38.1931],[-75.2814,38.2508],[-75.2437,38.3287],[-75.2061,38.4066],[-75.1683,38.4845],[-75.1304,38.5624],[-75.0925,38.6403],[-75.0885,38.6486],[-75.0172,38.7106],[-74.9458,38.7726],[-74.9321,38.7845],[-74.8649,38.8493],[-74.7976,38.9141],[-74.7457,38.9639],[-74.6779,39.0285],[-74.61,39.093],[-74.5591,39.1413],[-74.4898,39.205],[-74.4204,39.2686],[-74.4116,39.2767],[-74.3418,39.3401],[-74.2719,39.4036],[-74.2175,39.4528],[-74.1472,39.516],[-74.1388,39.5235],[-74.0556,39.5767],[-74.0074,39.6075],[-73.924,39.6606],[-73.8405,39.7137],[-73.7568,39.7666],[-73.6804,39.8149],[-73.5965,39.8677],[-73.5421,39.902],[-73.4692,39.9637],[-73.3961,40.0255],[-73.3229,40.0871],[-73.2856,40.1185],[-73.2121,40.1801],[-73.1386,40.2417],[-73.1217,40.2557],[-73.048,40.3172],[-73.0406,40.3234],[-72.9667,40.3849],[-72.8928,40.4463],[-72.8187,40.5077],[-72.7989,40.5241],[-72.7217,40.5833],[-72.6443,40.6424],[-72.5819,40.6901],[-72.5312,40.764],[-72.4803,40.8379],[-72.4294,40.9118],[-72.3783,40.9856],[-72.3271,41.0595],[-72.2758,41.1333],[-72.2243,41.2071],[-72.1848,41.2637],[-72.1331,41.3375],[-72.0814,41.4112],[-72.0295,41.4849],[-71.9775,41.5586],[-71.9254,41.6323],[-71.8732,41.7059],[-71.8209,41.7795],[-71.802,41.806],[-71.7526,41.8808],[-71.7031,41.9555],[-71.6535,42.0303],[-71.6037,42.105],[-71.5539,42.1797],[-71.5187,42.2323],[-71.4707,42.3076],[-71.4225,42.383],[-71.3743,42.4583],[-71.3259,42.5336],[-71.2774,42.6089],[-71.2288,42.6842],[-71.1801,42.7594],[-71.1312,42.8346],[-71.0823,42.9099],[-71.0787,42.9153],[-71.0233,42.9881],[-70.9678,43.0609],[-70.9121,43.1336],[-70.8563,43.2063],[-70.8004,43.279],[-70.7473,43.3478],[-70.6911,43.4204],[-70.6348,43.493],[-70.5784,43.5656],[-70.5218,43.6382],[-70.465,43.7107],[-70.4082,43.7832],[-70.3512,43.8557],[-70.294,43.9281],[-70.2368,44.0005],[-70.1794,44.0729],[-70.1218,44.1453],[-70.0641,44.2176],[-70.0063,44.2899],[-69.9483,44.3622],[-69.8901,44.4344],[-69.8846,44.4414],[-69.8304,44.5152],[-69.7762,44.589],[-69.7218,44.6628],[-69.6672,44.7366],[-69.6126,44.8103],[-69.5577,44.884],[-69.5028,44.9577],[-69.4477,45.0314],[-69.3924,45.105],[-69.3371,45.1786],[-69.2815,45.2522],[-69.2259,45.3258],[-69.17,45.3993],[-69.1141,45.4728],[-69.058,45.5462],[-69.0017,45.6197],[-68.9453,45.6931],[-68.8888,45.7665],[-68.8321,45.8398],[-68.7752,45.9132],[-68.7182,45.9865],[-68.6611,46.0598],[-68.6038,46.133],[-68.5463,46.2062],[-68.4887,46.2794],[-68.4309,46.3526],[-68.373,46.4257],[-68.315,46.4988],[-68.2567,46.5719],[-68.1983,46.6449],[-68.1398,46.7179],[-68.0945,46.7742]]}},{"type":"Feature","properties":{"ident":"Q440","type":"RNAV","run":1},"geometry":{"type":"LineString","coordinates":[[-93.4916,45.1468],[-93.3746,45.1351],[-93.2577,45.1233],[-93.1408,45.1113],[-93.024,45.0992],[-92.9073,45.087],[-92.7905,45.0747],[-92.6739,45.0623],[-92.5573,45.0497],[-92.4407,45.037],[-92.3242,45.0242],[-92.2077,45.0113],[-92.0913,44.9983],[-91.975,44.9851],[-91.8587,44.9718],[-91.7424,44.9585],[-91.6262,44.9449],[-91.5101,44.9313],[-91.394,44.9176],[-91.278,44.9037],[-91.162,44.8897],[-91.0461,44.8757],[-90.9303,44.8614],[-90.8145,44.8471],[-90.6987,44.8327],[-90.5831,44.8181],[-90.4674,44.8034],[-90.3519,44.7886],[-90.2364,44.7737],[-90.1209,44.7587],[-90.0055,44.7435],[-89.8902,44.7283],[-89.7749,44.7129],[-89.6597,44.6974],[-89.5446,44.6818],[-89.4295,44.6661],[-89.3145,44.6502],[-89.1996,44.6343],[-89.0847,44.6182],[-88.9699,44.602],[-88.8551,44.5857],[-88.7404,44.5693],[-88.6258,44.5528],[-88.5112,44.5361],[-88.3967,44.5194],[-88.2992,44.505],[-88.1913,44.473],[-88.0836,44.4408],[-87.976,44.4086],[-87.8686,44.3763],[-87.7612,44.3438],[-87.654,44.3113],[-87.5468,44.2787],[-87.4398,44.2459],[-87.3329,44.2131],[-87.2262,44.1801],[-87.1195,44.1471],[-87.013,44.114],[-86.9066,44.0807],[-86.8003,44.0474],[-86.6942,44.014],[-86.5881,43.9804],[-86.4822,43.9468],[-86.3764,43.9131],[-86.2707,43.8793],[-86.1651,43.8453],[-86.0597,43.8113],[-85.9544,43.7772],[-85.8492,43.743],[-85.7748,43.7187],[-85.6692,43.6853],[-85.5638,43.6517],[-85.4584,43.6181],[-85.3532,43.5843],[-85.2481,43.5505],[-85.1432,43.5165],[-85.0383,43.4825],[-84.9388,43.4501],[-84.8339,43.4164],[-84.729,43.3827],[-84.6242,43.3489],[-84.5196,43.3149],[-84.4151,43.2809],[-84.3107,43.2468],[-84.2064,43.2126],[-84.1023,43.1782],[-83.9982,43.1438],[-83.8943,43.1093],[-83.7905,43.0747],[-83.6868,43.04],[-83.5832,43.0053],[-83.4797,42.9704],[-83.3764,42.9354],[-83.2999,42.9094],[-83.1879,42.8948],[-83.076,42.88],[-82.9641,42.8652],[-82.8523,42.8502],[-82.7405,42.8351],[-82.6288,42.8199],[-82.5529,42.8095],[-82.4804,42.8018],[-82.3284,42.7856],[-82.1765,42.7693],[-82.0246,42.7527],[-81.8729,42.7359],[-81.7212,42.7189],[-81.5696,42.7017],[-81.4181,42.6843],[-81.2667,42.6667],[-81.0759,42.661],[-80.8852,42.655],[-80.6945,42.6487],[-80.5039,42.6421],[-80.325,42.6349],[-80.1461,42.6275],[-79.9672,42.6197],[-79.7885,42.6117],[-79.6179,42.5712],[-79.5103,42.5454],[-79.4028,42.5196],[-79.2954,42.4936],[-79.1881,42.4676],[-79.0808,42.4414],[-78.9737,42.4152],[-78.9108,42.3997]]}},{"type":"Feature","properties":{"ident":"Q440","type":"RNAV","run":2},"geometry":{"type":"LineString","coordinates":[[-81.2667,42.6667],[-81.1534,42.6633],[-81.0402,42.6599],[-80.927,42.6564],[-80.8138,42.6527],[-80.7006,42.6489],[-80.5875,42.645],[-80.5039,42.6421],[-80.3908,42.6376],[-80.2777,42.633],[-80.1646,42.6282],[-80.0515,42.6234],[-79.9385,42.6185],[-79.8255,42.6134],[-79.7885,42.6117]]}},{"type":"Feature","properties":{"ident":"Q445","type":"RNAV","run":1},"geometry":{"type":"LineString","coordinates":[[-75.6265,37.842],[-75.5668,37.9107],[-75.5069,37.9794],[-75.447,38.048],[-75.4429,38.0528],[-75.3799,38.1198],[-75.3168,38.1867],[-75.2535,38.2536],[-75.1902,38.3205],[-75.1268,38.3873],[-75.0632,38.4541],[-75.0502,38.4678],[-74.9812,38.5296],[-74.9141,38.5943],[-74.8468,38.659],[-74.7794,38.7236],[-74.751,38.7508],[-74.6791,38.8124],[-74.6071,38.8741],[-74.5349,38.9356],[-74.529,38.9407],[-74.4602,39.0046],[-74.3913,39.0685],[-74.3222,39.1323],[-74.253,39.1961],[-74.1838,39.2598],[-74.1143,39.3235],[-74.0448,39.3872],[-74.0171,39.4125],[-73.9395,39.4704],[-73.8619,39.5283],[-73.7841,39.5861],[-73.7061,39.6439],[-73.628,39.7016],[-73.5761,39.74],[-73.5015,39.8005],[-73.4268,39.8609],[-73.3519,39.9213],[-73.2769,39.9816],[-73.2018,40.0419],[-73.1397,40.0916],[-73.0619,40.15],[-72.9839,40.2082],[-72.9058,40.2664],[-72.8276,40.3246],[-72.7492,40.3827],[-72.6707,40.4408],[-72.592,40.4988],[-72.5133,40.5567],[-72.4343,40.6146],[-72.3553,40.6725],[-72.2761,40.7303],[-72.206,40.7813]]}},{"type":"Feature","properties":{"ident":"Q448","type":"RNAV","run":1},"geometry":{"type":"LineString","coordinates":[[-75.5603,40.2222],[-75.4765,40.2757],[-75.3926,40.3291],[-75.3086,40.3824],[-75.2245,40.4357],[-75.1402,40.489],[-75.0558,40.5421],[-75.0277,40.5597],[-74.9435,40.6131],[-74.8591,40.6664],[-74.7745,40.7197],[-74.6898,40.7729],[-74.605,40.826],[-74.5201,40.879],[-74.435,40.932],[-74.3498,40.985],[-74.2644,41.0378],[-74.1789,41.0907],[-74.0961,41.1417],[-74.0141,41.1976],[-73.9319,41.2535],[-73.8495,41.3093],[-73.7986,41.3437],[-73.7151,41.3987],[-73.6315,41.4535],[-73.5477,41.5083],[-73.4637,41.5631],[-73.3797,41.6177],[-73.3175,41.6581],[-73.2585,41.7288],[-73.1993,41.7995],[-73.14,41.8701],[-73.0806,41.9408],[-73.0679,41.9558],[-72.9801,42.0075],[-72.892,42.0592],[-72.8039,42.1108],[-72.7162,42.162]]}},{"type":"Feature","properties":{"ident":"Q450","type":"RNAV","run":1},"geometry":{"type":"LineString","coordinates":[[-74.0435,40.4702],[-73.9575,40.5218],[-73.8713,40.5733],[-73.785,40.6248],[-73.7714,40.6329],[-73.6713,40.6671],[-73.571,40.7013],[-73.4707,40.7353],[-73.3702,40.7693],[-73.3037,40.7918]]}},{"type":"Feature","properties":{"ident":"Q475","type":"RNAV","run":1},"geometry":{"type":"LineString","coordinates":[[-70.5579,42.4978],[-70.4544,42.5313],[-70.3507,42.5646],[-70.2469,42.5978],[-70.2304,42.6031],[-70.1264,42.6361],[-70.0227,42.669],[-69.9184,42.7017],[-69.814,42.7343],[-69.7096,42.7668],[-69.6049,42.7992],[-69.5002,42.8315],[-69.3954,42.8637],[-69.2905,42.8958],[-69.1854,42.9279],[-69.0803,42.9598],[-68.975,42.9916],[-68.8696,43.0233],[-68.7642,43.055],[-68.6586,43.0865],[-68.5529,43.1179],[-68.4471,43.1493],[-68.3412,43.1805],[-68.2351,43.2117],[-68.129,43.2427],[-68.0228,43.2737],[-67.9164,43.3045],[-67.81,43.3353],[-67.7034,43.3659],[-67.5968,43.3965],[-67.49,43.4269],[-67.3831,43.4573],[-67.2761,43.4875],[-67.169,43.5177],[-67.0618,43.5477],[-67.0,43.565],[-66.8953,43.5995],[-66.7904,43.6339],[-66.6855,43.6681],[-66.5804,43.7023],[-66.4752,43.7364],[-66.3698,43.7704],[-66.2644,43.8043],[-66.1588,43.8381],[-66.0531,43.8718],[-65.9473,43.9054],[-65.8414,43.9389],[-65.7354,43.9723],[-65.6292,44.0057],[-65.5229,44.0389],[-65.4165,44.072],[-65.31,44.105],[-65.2033,44.1379],[-65.0966,44.1707],[-64.9897,44.2035],[-64.8827,44.2361],[-64.7756,44.2686],[-64.6684,44.301],[-64.561,44.3333],[-64.4535,44.3655],[-64.346,44.3977],[-64.2382,44.4297],[-64.1304,44.4616],[-64.0225,44.4934],[-64.0,44.5],[-63.8921,44.5321],[-63.7842,44.5641],[-63.6761,44.596],[-63.5679,44.6278],[-63.4596,44.6595],[-63.3511,44.691],[-63.2426,44.7225],[-63.1339,44.7539],[-63.0251,44.7852],[-62.9162,44.8163],[-62.8072,44.8474],[-62.698,44.8784],[-62.5887,44.9092],[-62.4794,44.94],[-62.3699,44.9706],[-62.2602,45.0012],[-62.1505,45.0316],[-62.0407,45.062],[-61.9307,45.0922],[-61.8789,45.1064]]}},{"type":"Feature","properties":{"ident":"Q476","type":"RNAV","run":1},"geometry":{"type":"LineString","coordinates":[[-79.1213,42.1886],[-79.0147,42.1621],[-78.9082,42.1355],[-78.8018,42.1087],[-78.6955,42.0819],[-78.5892,42.055],[-78.4831,42.028],[-78.377,42.0009],[-78.2711,41.9737],[-78.1652,41.9464],[-78.0594,41.919],[-77.9537,41.8914],[-77.8526,41.865],[-77.7471,41.8373],[-77.6417,41.8095],[-77.5519,41.7858],[-77.4467,41.7578],[-77.3415,41.7297],[-77.2364,41.7016],[-77.1528,41.6791],[-77.0479,41.6507],[-76.9431,41.6223],[-76.8383,41.5937],[-76.7337,41.5651],[-76.6292,41.5364],[-76.5965,41.5274],[-76.4921,41.4986],[-76.3878,41.4697],[-76.2835,41.4406],[-76.1794,41.4115],[-76.0754,41.3823],[-75.9714,41.353],[-75.8676,41.3237],[-75.7638,41.2942],[-75.6893,41.2729],[-75.588,41.2391],[-75.4868,41.2052],[-75.3857,41.1712],[-75.3314,41.1529],[-75.2304,41.1189],[-75.1296,41.0847],[-75.0899,41.0712],[-74.9892,41.0369],[-74.8886,41.0025],[-74.8692,40.9959]]}},{"type":"Feature","properties":{"ident":"Q480","type":"RNAV","run":1},"geometry":{"type":"LineString","coordinates":[[-81.5329,40.0052],[-81.4241,40.0073],[-81.3154,40.0093],[-81.2066,40.0111],[-81.0978,40.0129],[-80.989,40.0146],[-80.8803,40.0162],[-80.8172,40.017],[-80.7084,40.0166],[-80.5996,40.016],[-80.4908,40.0154],[-80.382,40.0146],[-80.2732,40.0138],[-80.1644,40.0128],[-80.0556,40.0117],[-79.9469,40.0106],[-79.8381,40.0093],[-79.7293,40.0079],[-79.6205,40.0065],[-79.5118,40.0049],[-79.4149,40.0034],[-79.3061,40.0016],[-79.1974,39.9998],[-79.0886,39.9978],[-78.9799,39.9957],[-78.8712,39.9935],[-78.7624,39.9913],[-78.6537,39.9889],[-78.545,39.9864],[-78.4363,39.9838],[-78.3276,39.9811],[-78.2189,39.9783],[-78.1102,39.9755],[-78.0016,39.9725],[-77.9559,39.9712],[-77.8472,39.968],[-77.7386,39.9648],[-77.63,39.9615],[-77.5213,39.958],[-77.4499,39.9557],[-77.3541,39.9951],[-77.2581,40.0344],[-77.1621,40.0737],[-77.0659,40.1128],[-76.9697,40.1519],[-76.8733,40.1909],[-76.7768,40.2298],[-76.6802,40.2687],[-76.5835,40.3074],[-76.4936,40.3433],[-76.3961,40.3811],[-76.2985,40.4187],[-76.2008,40.4563],[-76.103,40.4938],[-76.005,40.5312],[-75.907,40.5686],[-75.8197,40.6017],[-75.7214,40.6387],[-75.623,40.6757],[-75.5244,40.7126],[-75.4257,40.7494],[-75.3831,40.7653],[-75.2906,40.8105],[-75.198,40.8556],[-75.1053,40.9006],[-75.0124,40.9456],[-74.9598,40.971],[-74.871,41.0205],[-74.782,41.0698],[-74.6929,41.1192],[-74.6036,41.1684],[-74.5142,41.2176],[-74.462,41.2462],[-74.3788,41.3013],[-74.2954,41.3563],[-74.2119,41.4112],[-74.1282,41.4661],[-74.0444,41.5209],[-73.9605,41.5756],[-73.8764,41.6303],[-73.8222,41.6655],[-73.727,41.7089],[-73.6316,41.7522],[-73.5362,41.7955],[-73.4405,41.8387],[-73.3448,41.8818],[-73.3222,41.892],[-73.2264,41.935],[-73.1304,41.978],[-73.0343,42.0209],[-72.938,42.0638],[-72.8416,42.1065],[-72.7451,42.1492],[-72.7162,42.162],[-72.63,42.2155],[-72.5437,42.269],[-72.4573,42.3225],[-72.3707,42.3758],[-72.2839,42.4291],[-72.197,42.4823],[-72.11,42.5355],[-72.0228,42.5886],[-71.9355,42.6417],[-71.848,42.6946],[-71.7604,42.7475],[-71.6726,42.8004],[-71.5846,42.8531],[-71.4965,42.9058],[-71.4083,42.9585],[-71.3199,43.011],[-71.2314,43.0635],[-71.2293,43.0648],[-71.1406,43.1172],[-71.0518,43.1695],[-70.9628,43.2218],[-70.8736,43.2741],[-70.7843,43.3262],[-70.7473,43.3478],[-70.6579,43.3999],[-70.6135,43.4257]]}},{"type":"Feature","properties":{"ident":"Q481","type":"RNAV","run":1},"geometry":{"type":"LineString","coordinates":[[-75.9636,37.6057],[-75.9059,37.6754],[-75.8482,37.7451],[-75.7903,37.8148],[-75.7323,37.8844],[-75.6743,37.954],[-75.6161,38.0236],[-75.5578,38.0931],[-75.4994,38.1627],[-75.4408,38.2322],[-75.4092,38.2697],[-75.3918,38.3519],[-75.3744,38.4341],[-75.3569,38.5163],[-75.3394,38.5985],[-75.3218,38.6807],[-75.3043,38.7629],[-75.3025,38.7711],[-75.2474,38.8425],[-75.1922,38.9139],[-75.1369,38.9853],[-75.0815,39.0566],[-75.0259,39.1279],[-74.9703,39.1992],[-74.9252,39.2569],[-74.8527,39.3185],[-74.7801,39.3801],[-74.7074,39.4416],[-74.6345,39.5031],[-74.5615,39.5645],[-74.5183,39.6008],[-74.4443,39.6617],[-74.3702,39.7224],[-74.296,39.7831],[-74.235,39.8329],[-74.1686,39.8988],[-74.1021,39.9647],[-74.0354,40.0306],[-74.0137,40.052],[-73.9498,40.1194],[-73.8857,40.1868],[-73.8215,40.2542],[-73.7572,40.3216],[-73.6928,40.3889],[-73.6282,40.4562],[-73.5635,40.5235],[-73.4987,40.5907],[-73.4337,40.6578],[-73.3686,40.725],[-73.3037,40.7918]]}},{"type":"Feature","properties":{"ident":"Q5","type":"RNAV","run":1},"geometry":{"type":"LineString","coordinates":[[-123.0408,47.2433],[-123.0378,47.16],[-123.0347,47.0767],[-123.0316,46.9934],[-123.0286,46.9101],[-123.0256,46.8268],[-123.0225,46.7435],[-123.0195,46.6602],[-123.0165,46.5769],[-123.0135,46.4936],[-123.0105,46.4103],[-123.0075,46.327],[-123.0045,46.2437],[-123.0016,46.1604],[-122.9986,46.0771],[-122.9957,45.9938],[-122.9927,45.9105],[-122.9898,45.8272],[-122.9869,45.7439],[-122.984,45.6606],[-122.9811,45.5772],[-122.9782,45.4939],[-122.9753,45.4106],[-122.9724,45.3273],[-122.9695,45.244],[-122.9688,45.222],[-122.9659,45.1387],[-122.9631,45.0554],[-122.9602,44.9721],[-122.9574,44.8888],[-122.9545,44.8055],[-122.9517,44.7222],[-122.9489,44.6389],[-122.9461,44.5556],[-122.9442,44.5],[-122.9416,44.4167],[-122.939,44.3334],[-122.9365,44.2501],[-122.9339,44.1668],[-122.9314,44.0835],[-122.9288,44.0001],[-122.9263,43.9168],[-122.9238,43.8335],[-122.9213,43.7502],[-122.9188,43.6669],[-122.9163,43.5836],[-122.9138,43.5003],[-122.9113,43.417],[-122.9088,43.3337],[-122.9063,43.2504],[-122.9039,43.167],[-122.9014,43.0837],[-122.8989,43.0004],[-122.8965,42.9171],[-122.8941,42.8338],[-122.8916,42.7505],[-122.8892,42.6672],[-122.8868,42.5839],[-122.8844,42.5006],[-122.8838,42.4806],[-122.8814,42.3972],[-122.879,42.3139],[-122.8766,42.2306],[-122.8742,42.1473],[-122.8719,42.064],[-122.8695,41.9807],[-122.8671,41.8974],[-122.8648,41.8141],[-122.8624,41.7308],[-122.8601,41.6474],[-122.8578,41.5641],[-122.8554,41.4808],[-122.8531,41.3975],[-122.8514,41.3358],[-122.8464,41.2526],[-122.8414,41.1693],[-122.8365,41.0861],[-122.8315,41.0029],[-122.8266,40.9196],[-122.8216,40.8364],[-122.8167,40.7531],[-122.8118,40.6699],[-122.8069,40.5866],[-122.8021,40.5034],[-122.7972,40.4201],[-122.7923,40.3369],[-122.7875,40.2536],[-122.7827,40.1704],[-122.7778,40.0871],[-122.773,40.0039],[-122.7682,39.9206],[-122.7635,39.8374],[-122.7587,39.7541],[-122.7539,39.6709],[-122.7492,39.5876],[-122.7444,39.5044],[-122.7442,39.5],[-122.736,39.4169],[-122.7278,39.3338],[-122.7196,39.2507],[-122.7115,39.1676],[-122.7034,39.0846],[-122.6953,39.0015],[-122.6872,38.9184],[-122.6791,38.8353],[-122.6711,38.7522],[-122.6631,38.6691],[-122.6551,38.586],[-122.65,38.5333]]}},{"type":"Feature","properties":{"ident":"Q50","type":"RNAV","run":1},"geometry":{"type":"LineString","coordinates":[[-85.5774,38.1035],[-85.486,38.0615],[-85.3946,38.0195],[-85.3034,37.9773],[-85.2122,37.9352],[-85.1212,37.8929],[-85.0303,37.8506],[-84.9394,37.8082],[-84.8487,37.7657],[-84.7581,37.7232],[-84.7412,37.7152],[-84.6506,37.6728],[-84.5601,37.6303],[-84.4697,37.5877],[-84.3794,37.545],[-84.2891,37.5023],[-84.2506,37.484],[-84.1607,37.4409],[-84.071,37.3978],[-83.9813,37.3546],[-83.8918,37.3113],[-83.8023,37.2679],[-83.7129,37.2245],[-83.6237,37.181],[-83.5346,37.1375],[-83.4455,37.0939],[-83.3566,37.0502],[-83.2677,37.0064],[-83.2279,36.9868],[-83.1391,36.943],[-83.0505,36.8992],[-83.0058,36.877]]}},{"type":"Feature","properties":{"ident":"Q52","type":"RNAV","run":1},"geometry":{"type":"LineString","coordinates":[[-83.6884,33.8567],[-83.6064,33.9048],[-83.5243,33.9528],[-83.4421,34.0008],[-83.3599,34.0487],[-83.2775,34.0965],[-83.1951,34.1443],[-83.1125,34.1921],[-83.0299,34.2398],[-82.9471,34.2874],[-82.8643,34.335],[-82.8397,34.3491],[-82.7567,34.3965],[-82.6736,34.4439],[-82.5904,34.4912],[-82.5072,34.5385],[-82.4238,34.5857],[-82.3403,34.6328],[-82.2567,34.6799],[-82.1731,34.7269],[-82.0893,34.7739],[-82.0054,34.8209],[-81.9215,34.8677],[-81.8374,34.9145],[-81.7533,34.9613],[-81.669,35.008],[-81.6126,35.0392],[-81.5517,35.106],[-81.4906,35.1727],[-81.4295,35.2394],[-81.3683,35.3061],[-81.307,35.3728],[-81.2456,35.4394],[-81.1841,35.506],[-81.1224,35.5725],[-81.0607,35.639],[-80.9989,35.7055],[-80.937,35.772],[-80.8749,35.8384],[-80.8128,35.9048],[-80.7505,35.9712],[-80.6882,36.0375],[-80.6257,36.1038],[-80.5632,36.1701],[-80.5088,36.2276]]}},{"type":"Feature","properties":{"ident":"Q54","type":"RNAV","run":1},"geometry":{"type":"LineString","coordinates":[[-82.1543,34.2515],[-82.0627,34.2862],[-81.9709,34.3209],[-81.8791,34.3555],[-81.7872,34.39],[-81.6953,34.4244],[-81.6032,34.4588],[-81.5111,34.4931],[-81.4189,34.5274],[-81.3266,34.5615],[-81.2835,34.5775],[-81.1911,34.6116],[-81.0987,34.6457],[-81.0062,34.6797],[-80.9136,34.7136],[-80.821,34.7474],[-80.7282,34.7812],[-80.6354,34.8149],[-80.5426,34.8486],[-80.4496,34.8822],[-80.4325,34.8883],[-80.3397,34.9223],[-80.2469,34.9562],[-80.154,34.9901],[-80.0989,35.0101],[-80.0058,35.0437],[-79.9126,35.0773],[-79.8193,35.1108],[-79.726,35.1442],[-79.6928,35.1561],[-79.5992,35.1892],[-79.5056,35.2222],[-79.4118,35.2551],[-79.318,35.288],[-79.2242,35.3208],[-79.1302,35.3535],[-79.0362,35.3862],[-78.9421,35.4188],[-78.9134,35.4287],[-78.8191,35.4611],[-78.7248,35.4935],[-78.6305,35.5258],[-78.536,35.558],[-78.4415,35.5901],[-78.3469,35.6222],[-78.2522,35.6542],[-78.1574,35.6861],[-78.0626,35.7179],[-77.9677,35.7497],[-77.8727,35.7814],[-77.7777,35.813],[-77.6825,35.8445],[-77.6824,35.8446]]}},{"type":"Feature","properties":{"ident":"Q56","type":"RNAV","run":1},"geometry":{"type":"LineString","coordinates":[[-98.4613,29.644],[-98.3655,29.6456],[-98.2696,29.6471],[-98.1737,29.6485],[-98.0779,29.6499],[-98.0175,29.6507],[-97.9216,29.6521],[-97.83,29.6534],[-97.7342,29.6544],[-97.6383,29.6555],[-97.5424,29.6564],[-97.4465,29.6573],[-97.3506,29.6581],[-97.2547,29.6588],[-97.2496,29.6589],[-97.1537,29.6595],[-97.0579,29.6601],[-97.0104,29.6603],[-96.9145,29.6608],[-96.8186,29.6613],[-96.8,29.6614],[-96.7041,29.6617],[-96.6082,29.662],[-96.5123,29.6623],[-96.5047,29.6623],[-96.4088,29.6622],[-96.313,29.662],[-96.2171,29.6618],[-96.1212,29.6615],[-96.0253,29.6612],[-95.9294,29.6607],[-95.8335,29.6602],[-95.7528,29.6598],[-95.6569,29.6589],[-95.5611,29.658],[-95.5444,29.6578],[-95.4485,29.6571],[-95.3526,29.6563],[-95.2766,29.6556],[-95.1807,29.6551],[-95.0849,29.6545],[-94.989,29.6539],[-94.8931,29.6532],[-94.7972,29.6524],[-94.7013,29.6515],[-94.6054,29.6506],[-94.5096,29.6496],[-94.4137,29.6485],[-94.3178,29.6474],[-94.2856,29.647],[-94.1898,29.6458],[-94.0939,29.6445],[-93.998,29.6431],[-93.9022,29.6417],[-93.8063,29.6401],[-93.7105,29.6386],[-93.6146,29.6369],[-93.5188,29.6352],[-93.4229,29.6334],[-93.3271,29.6316],[-93.2312,29.6297],[-93.1354,29.6277],[-93.0395,29.6256],[-92.9437,29.6235],[-92.924,29.623],[-92.8286,29.6315],[-92.7332,29.6399],[-92.6378,29.6482],[-92.5424,29.6564],[-92.447,29.6646],[-92.3515,29.6727],[-92.2561,29.6807],[-92.1606,29.6887],[-92.0651,29.6966],[-91.9696,29.7044],[-91.8741,29.7122],[-91.7785,29.7199],[-91.683,29.7275],[-91.5874,29.7351],[-91.4918,29.7426],[-91.3962,29.75],[-91.3006,29.7573],[-91.205,29.7646],[-91.1094,29.7718],[-91.0137,29.779],[-90.9181,29.786],[-90.8224,29.793],[-90.7267,29.8],[-90.631,29.8069],[-90.5353,29.8137],[-90.4395,29.8204],[-90.3438,29.8271],[-90.248,29.8336],[-90.1523,29.8402],[-90.0565,29.8466],[-90.003,29.8502],[-89.9216,29.8944],[-89.84,29.9386],[-89.7585,29.9828],[-89.6768,30.0269],[-89.5951,30.0709],[-89.5133,30.1149],[-89.4314,30.1588],[-89.3495,30.2027],[-89.2675,30.2466],[-89.1854,30.2904],[-89.1032,30.3341],[-89.021,30.3778],[-88.9387,30.4214],[-88.8563,30.465],[-88.7738,30.5085],[-88.6913,30.552],[-88.6087,30.5954],[-88.526,30.6388],[-88.4433,30.6821],[-88.3604,30.7254],[-88.3593,30.726],[-88.2864,30.7809],[-88.2133,30.8357],[-88.1402,30.8906],[-88.067,30.9453],[-87.9937,31.0001],[-87.9204,31.0548],[-87.8469,31.1094],[-87.7734,31.1641],[-87.6998,31.2186],[-87.6261,31.2732],[-87.5799,31.3072],[-87.5026,31.3581],[-87.4252,31.4088],[-87.3478,31.4596],[-87.2702,31.5103],[-87.1925,31.5609],[-87.1148,31.6115],[-87.037,31.662],[-86.9591,31.7125],[-86.8811,31.763],[-86.8031,31.8134],[-86.7249,31.8637],[-86.6467,31.914],[-86.5683,31.9643],[-86.4899,32.0145],[-86.4114,32.0647],[-86.3328,32.1148],[-86.2542,32.1649],[-86.1754,32.2149],[-86.0966,32.2648],[-86.0176,32.3148],[-85.9386,32.3646],[-85.8595,32.4145],[-85.7803,32.4642],[-85.7011,32.5139],[-85.6217,32.5636],[-85.5422,32.6132],[-85.4627,32.6628],[-85.3831,32.7123],[-85.3034,32.7618],[-85.2235,32.8112],[-85.1437,32.8606],[-85.0637,32.9099],[-84.9836,32.9592],[-84.9034,33.0084],[-84.8232,33.0576],[-84.7428,33.1067],[-84.6624,33.1557],[-84.5819,33.2048],[-84.5013,33.2537],[-84.4206,33.3026],[-84.3398,33.3515],[-84.2589,33.4003],[-84.1779,33.449],[-84.0968,33.4977],[-84.0157,33.5464],[-83.9344,33.595],[-83.8531,33.6435],[-83.7717,33.692],[-83.7205,33.7224],[-83.6359,33.7672],[-83.5513,33.8118],[-83.4666,33.8565],[-83.3818,33.9011],[-83.2969,33.9456],[-83.2119,33.99],[-83.1268,34.0344],[-83.0417,34.0788],[-82.9564,34.123],[-82.8711,34.1673],[-82.7857,34.2114],[-82.7002,34.2555],[-82.6145,34.2996],[-82.5288,34.3436],[-82.4431,34.3875],[-82.3572,34.4314],[-82.2712,34.4752],[-82.1852,34.5189],[-82.1714,34.5259],[-82.0901,34.5755],[-82.0087,34.625],[-81.9272,34.6745],[-81.8456,34.724],[-81.7639,34.7733],[-81.6821,34.8227],[-81.6002,34.8719],[-81.5182,34.9211],[-81.4361,34.9703],[-81.3539,35.0194],[-81.2716,35.0684],[-81.1893,35.1174],[-81.1068,35.1664],[-81.0551,35.197],[-80.9725,35.2459],[-80.8898,35.2947],[-80.807,35.3435],[-80.7241,35.3923],[-80.6411,35.4409],[-80.558,35.4895],[-80.4748,35.5381],[-80.3915,35.5866],[-80.3081,35.6351],[-80.2246,35.6834],[-80.141,35.7318],[-80.0761,35.7692],[-79.9922,35.8174],[-79.9083,35.8655],[-79.8243,35.9136],[-79.8212,35.9153],[-79.7379,35.9643],[-79.6545,36.0131],[-79.5709,36.062],[-79.4873,36.1107],[-79.4036,36.1594],[-79.3941,36.1649],[-79.3103,36.2136],[-79.2264,36.2623],[-79.1424,36.3108],[-79.0583,36.3594],[-78.9741,36.4078],[-78.8898,36.4562],[-78.8708,36.4671],[-78.7862,36.5153],[-78.7015,36.5634],[-78.6678,36.5825]]}},{"type":"Feature","properties":{"ident":"Q58","type":"RNAV","run":1},"geometry":{"type":"LineString","coordinates":[[-82.1714,34.5259],[-82.086,34.5706],[-82.0005,34.6152],[-81.9149,34.6598],[-81.8292,34.7043],[-81.7435,34.7487],[-81.6576,34.7931],[-81.5717,34.8375],[-81.4856,34.8817],[-81.3995,34.9259],[-81.3133,34.9701],[-81.227,35.0142],[-81.1406,35.0582],[-81.0541,35.1021],[-80.9675,35.146],[-80.8808,35.1899],[-80.794,35.2337],[-80.7071,35.2774],[-80.6201,35.321],[-80.5331,35.3646],[-80.4459,35.4081],[-80.3587,35.4516],[-80.2713,35.495],[-80.2476,35.5068],[-80.1639,35.5548],[-80.0801,35.6027],[-79.9961,35.6506],[-79.9121,35.6984],[-79.828,35.7462],[-79.8279,35.7463],[-79.7436,35.7939],[-79.6593,35.8416],[-79.5748,35.8891],[-79.4903,35.9366],[-79.4057,35.984],[-79.3209,36.0314],[-79.2361,36.0787],[-79.1511,36.126],[-79.104,36.1522],[-79.0189,36.1994],[-78.9337,36.2465],[-78.8485,36.2936],[-78.7631,36.3406],[-78.6776,36.3875],[-78.592,36.4344],[-78.5712,36.4458]]}},{"type":"Feature","properties":{"ident":"Q60","type":"RNAV","run":1},"geometry":{"type":"LineString","coordinates":[[-81.9269,35.0335],[-81.8416,35.079],[-81.7562,35.1244],[-81.6707,35.1697],[-81.5851,35.215],[-81.4994,35.2602],[-81.4136,35.3054],[-81.3277,35.3505],[-81.2418,35.3955],[-81.1557,35.4405],[-81.0695,35.4855],[-80.9833,35.5303],[-80.8969,35.5751],[-80.8104,35.6199],[-80.7239,35.6645],[-80.6372,35.7091],[-80.5505,35.7537],[-80.4636,35.7982],[-80.3767,35.8426],[-80.2897,35.887],[-80.2025,35.9313],[-80.1508,35.9575],[-80.0644,36.0029],[-79.9779,36.0482],[-79.899,36.0894],[-79.8147,36.1374],[-79.7303,36.1853],[-79.6458,36.2332],[-79.5612,36.2811],[-79.4764,36.3288],[-79.3916,36.3766],[-79.3067,36.4242],[-79.2217,36.4718],[-79.1365,36.5193],[-79.0513,36.5668],[-79.0193,36.5846],[-78.9337,36.6317],[-78.8479,36.6788],[-78.7898,36.7106],[-78.6977,36.7493],[-78.6056,36.788],[-78.5133,36.8266],[-78.421,36.8651],[-78.3285,36.9035],[-78.236,36.9419],[-78.1536,36.9759],[-78.0609,37.0141],[-77.9681,37.0523],[-77.8752,37.0904],[-77.7822,37.1284],[-77.6892,37.1663],[-77.596,37.2042],[-77.5027,37.242],[-77.4093,37.2797],[-77.3159,37.3173],[-77.2223,37.3549],[-77.1287,37.3924],[-77.035,37.4298],[-76.9549,37.4616]]}},{"type":"Feature","properties":{"ident":"Q62","type":"RNAV","run":1},"geometry":{"type":"LineString","coordinates":[[-86.0353,41.2835],[-85.9251,41.2746],[-85.8553,41.2689],[-85.7445,41.2663],[-85.6337,41.2636],[-85.5229,41.2608],[-85.4121,41.2578],[-85.3013,41.2548],[-85.1906,41.2517],[-85.0798,41.2484],[-84.9691,41.2451],[-84.8583,41.2416],[-84.7476,41.2381],[-84.6369,41.2344],[-84.6367,41.2344],[-84.5259,41.2314],[-84.4152,41.2284],[-84.3045,41.2252],[-84.2178,41.2226],[-84.1072,41.2183],[-83.9965,41.2138],[-83.8859,41.2092],[-83.7753,41.2046],[-83.6648,41.1998],[-83.5542,41.1949],[-83.4437,41.1899],[-83.3332,41.1848],[-83.2227,41.1796],[-83.1122,41.1743],[-83.0017,41.1689],[-82.8912,41.1634],[-82.7808,41.1578],[-82.7158,41.1544],[-82.6054,41.1486],[-82.495,41.1428],[-82.3846,41.1368],[-82.2743,41.1307],[-82.164,41.1245],[-82.0537,41.1183],[-81.9434,41.1119],[-81.8331,41.1054],[-81.7229,41.0988],[-81.6127,41.0921],[-81.6014,41.0914],[-81.4911,41.085],[-81.3809,41.0785],[-81.2707,41.0719],[-81.1606,41.0652],[-81.0504,41.0584],[-80.9403,41.0515],[-80.8778,41.0475],[-80.7686,41.0351],[-80.6593,41.0226],[-80.5502,41.01],[-80.5317,41.0078],[-80.4226,40.9951],[-80.3135,40.9823],[-80.2045,40.9693],[-80.0955,40.9563],[-79.9865,40.9431],[-79.8776,40.9299],[-79.7688,40.9165],[-79.66,40.9031],[-79.5512,40.8895],[-79.4425,40.8759],[-79.3338,40.8621],[-79.2252,40.8482],[-79.1166,40.8343],[-79.0776,40.8292],[-78.9691,40.8151],[-78.8606,40.8009],[-78.7522,40.7866],[-78.6438,40.7722],[-78.5355,40.7577],[-78.4272,40.7431],[-78.3189,40.7283],[-78.2107,40.7135],[-78.1026,40.6986],[-77.9945,40.6836],[-77.8864,40.6685],[-77.8039,40.6569],[-77.6947,40.648],[-77.5855,40.639],[-77.5706,40.6378],[-77.4615,40.6288],[-77.4385,40.6268],[-77.3294,40.6176],[-77.2203,40.6083],[-77.1112,40.5989],[-77.0022,40.5894],[-76.8932,40.5798],[-76.7842,40.5701],[-76.6753,40.5603],[-76.5994,40.5534],[-76.492,40.5365],[-76.3847,40.5195],[-76.2774,40.5024],[-76.1702,40.4852],[-76.063,40.4679],[-75.9728,40.4533],[-75.8879,40.4393]]}},{"type":"Feature","properties":{"ident":"Q64","type":"RNAV","run":1},"geometry":{"type":"LineString","coordinates":[[-87.5799,31.3072],[-87.4992,31.354],[-87.4184,31.4007],[-87.3375,31.4474],[-87.2565,31.494],[-87.1754,31.5406],[-87.0943,31.5871],[-87.0131,31.6336],[-86.9318,31.68],[-86.8504,31.7263],[-86.7689,31.7727],[-86.6874,31.8189],[-86.6057,31.8651],[-86.524,31.9113],[-86.4422,31.9574],[-86.3603,32.0034],[-86.2784,32.0494],[-86.1963,32.0954],[-86.1142,32.1413],[-86.032,32.1871],[-85.9497,32.2329],[-85.8674,32.2786],[-85.7849,32.3243],[-85.7024,32.3699],[-85.6197,32.4155],[-85.537,32.461],[-85.4542,32.5065],[-85.3714,32.5519],[-85.2884,32.5972],[-85.2054,32.6425],[-85.1223,32.6878],[-85.039,32.733],[-84.9558,32.7781],[-84.8724,32.8232],[-84.7889,32.8682],[-84.7054,32.9132],[-84.6217,32.9581],[-84.538,33.0029],[-84.4542,33.0477],[-84.3703,33.0925],[-84.2864,33.1372],[-84.2023,33.1818],[-84.1182,33.2264],[-84.0339,33.2709],[-83.9496,33.3154],[-83.8652,33.3598],[-83.7807,33.4041],[-83.6961,33.4484],[-83.6115,33.4926],[-83.5267,33.5368],[-83.4419,33.5809],[-83.357,33.625],[-83.272,33.669],[-83.1869,33.7129],[-83.1017,33.7568],[-83.0164,33.8007],[-82.9311,33.8444],[-82.873,33.8742],[-82.7884,33.919],[-82.7036,33.9638],[-82.6188,34.0085],[-82.5339,34.0531],[-82.449,34.0977],[-82.3639,34.1422],[-82.2787,34.1867],[-82.1935,34.2311],[-82.1543,34.2515],[-82.0682,34.2949],[-81.982,34.3382],[-81.8958,34.3815],[-81.8094,34.4247],[-81.723,34.4678],[-81.6364,34.5109],[-81.5498,34.5539],[-81.4631,34.5969],[-81.3763,34.6398],[-81.2894,34.6826],[-81.2024,34.7254],[-81.1153,34.7681],[-81.056,34.7971],[-80.9635,34.8313],[-80.8709,34.8655],[-80.7782,34.8996],[-80.6854,34.9336],[-80.5925,34.9675],[-80.4996,35.0014],[-80.4066,35.0352],[-80.3135,35.0689],[-80.2204,35.1026],[-80.1272,35.1362],[-80.0338,35.1697],[-79.9919,35.1848],[-79.8985,35.2182],[-79.805,35.2516],[-79.7115,35.285],[-79.6179,35.3183],[-79.5242,35.3514],[-79.4304,35.3846],[-79.3366,35.4176],[-79.2426,35.4506],[-79.1486,35.4835],[-79.0546,35.5163],[-78.9604,35.5491],[-78.8662,35.5818],[-78.7891,35.6084],[-78.6947,35.641],[-78.6002,35.6734],[-78.5057,35.7058],[-78.4296,35.7318],[-78.3349,35.7641],[-78.2402,35.7963],[-78.1454,35.8284],[-78.0505,35.8604],[-77.9555,35.8924],[-77.8605,35.9243],[-77.7654,35.9562],[-77.7037,35.9767],[-77.6281,36.0333],[-77.5523,36.0898],[-77.4764,36.1462],[-77.4004,36.2026],[-77.3243,36.2589],[-77.25,36.3138],[-77.1808,36.3757],[-77.1115,36.4376],[-77.0421,36.4995],[-76.9725,36.5613],[-76.9029,36.6231],[-76.8332,36.6849],[-76.7633,36.7466],[-76.6933,36.8082],[-76.6232,36.8699],[-76.553,36.9314],[-76.4827,36.993],[-76.4123,37.0545],[-76.3418,37.1159],[-76.2711,37.1774],[-76.2003,37.2387],[-76.1294,37.3001],[-76.0584,37.3614],[-75.9873,37.4226],[-75.9161,37.4838],[-75.8581,37.5335],[-75.8045,37.6052],[-75.7507,37.6769],[-75.6969,37.7485],[-75.643,37.8201],[-75.6265,37.842]]}},{"type":"Feature","properties":{"ident":"Q65","type":"RNAV","run":1},"geometry":{"type":"LineString","coordinates":[[-82.8888,28.0258],[-82.8654,28.1066],[-82.8419,28.1873],[-82.8183,28.268],[-82.7948,28.3487],[-82.7712,28.4294],[-82.7476,28.5101],[-82.7239,28.5908],[-82.7002,28.6715],[-82.6765,28.7522],[-82.6527,28.8328],[-82.6289,28.9135],[-82.605,28.9942],[-82.5811,29.0749],[-82.5572,29.1555],[-82.5332,29.2362],[-82.5273,29.2563],[-82.5254,29.3396],[-82.5236,29.4229],[-82.5218,29.5063],[-82.52,29.5896],[-82.5182,29.6729],[-82.5163,29.7562],[-82.5145,29.8395],[-82.5127,29.9228],[-82.5108,30.0062],[-82.509,30.0895],[-82.5071,30.1728],[-82.5069,30.1844],[-82.4956,30.2671],[-82.4843,30.3499],[-82.473,30.4326],[-82.4617,30.5154],[-82.4504,30.5982],[-82.439,30.6809],[-82.4359,30.7034],[-82.4319,30.7866],[-82.4278,30.8699],[-82.4237,30.9531],[-82.4197,31.0364],[-82.4156,31.1196],[-82.4115,31.2029],[-82.4074,31.2862],[-82.4033,31.3694],[-82.3992,31.4527],[-82.3951,31.5359],[-82.391,31.6192],[-82.3868,31.7024],[-82.3827,31.7857],[-82.3786,31.869],[-82.3744,31.9522],[-82.3702,32.0355],[-82.368,32.0796],[-82.4107,32.1547],[-82.4534,32.2298],[-82.4961,32.3049],[-82.539,32.38],[-82.5819,32.455],[-82.6248,32.53],[-82.6679,32.6051],[-82.711,32.6801],[-82.7542,32.7551],[-82.7975,32.83],[-82.8408,32.905],[-82.8842,32.9799],[-82.9277,33.0549],[-82.9713,33.1298],[-83.0149,33.2047],[-83.0586,33.2795],[-83.1024,33.3544],[-83.1463,33.4293],[-83.1902,33.5041],[-83.2342,33.5789],[-83.2783,33.6537],[-83.3225,33.7285],[-83.3667,33.8033],[-83.4111,33.878],[-83.4555,33.9528],[-83.4999,34.0275],[-83.5445,34.1022],[-83.5891,34.1769],[-83.6338,34.2516],[-83.6786,34.3263],[-83.7235,34.4009],[-83.7685,34.4755],[-83.8135,34.5501],[-83.8586,34.6247],[-83.8597,34.6266],[-83.8993,34.7033],[-83.939,34.78],[-83.9787,34.8567],[-84.0185,34.9333],[-84.0584,35.01],[-84.0984,35.0866],[-84.1384,35.1633],[-84.1785,35.2399],[-84.2187,35.3165],[-84.2387,35.3545],[-84.2355,35.4378],[-84.2323,35.5211],[-84.2291,35.6044],[-84.2259,35.6877],[-84.2227,35.771],[-84.2195,35.8543],[-84.2163,35.9376],[-84.2131,36.0209],[-84.2098,36.1041],[-84.2066,36.1874],[-84.2034,36.2707],[-84.2001,36.354],[-84.1968,36.4373],[-84.1936,36.5206],[-84.1932,36.5307],[-84.1981,36.614],[-84.2031,36.6972],[-84.2081,36.7804],[-84.2131,36.8637],[-84.2181,36.9469],[-84.2231,37.0301],[-84.2281,37.1134],[-84.2331,37.1966],[-84.2382,37.2798],[-84.2432,37.3631],[-84.2483,37.4463],[-84.2506,37.484],[-84.2447,37.5672],[-84.2388,37.6504],[-84.2328,37.7336],[-84.2269,37.8168],[-84.2209,37.9],[-84.2149,37.9832],[-84.209,38.0664],[-84.203,38.1496],[-84.1969,38.2328],[-84.1909,38.316],[-84.1849,38.3992],[-84.1848,38.3997],[-84.1787,38.4829],[-84.1726,38.5661],[-84.1665,38.6493],[-84.1604,38.7325],[-84.1542,38.8157],[-84.148,38.8989],[-84.1419,38.9821],[-84.1357,39.0653],[-84.1295,39.1485],[-84.1232,39.2317],[-84.117,39.3149],[-84.1107,39.398],[-84.1045,39.4812],[-84.0982,39.5644],[-84.0919,39.6476],[-84.0856,39.7308],[-84.0793,39.814],[-84.0729,39.8972],[-84.0666,39.9804],[-84.0602,40.0635],[-84.0538,40.1467],[-84.0474,40.2299],[-84.0429,40.2878]]}},{"type":"Feature","properties":{"ident":"Q66","type":"RNAV","run":1},"geometry":{"type":"LineString","coordinates":[[-92.1804,34.6778],[-92.0825,34.6993],[-91.9845,34.7208],[-91.8865,34.7421],[-91.7885,34.7634],[-91.6904,34.7847],[-91.6002,34.8041],[-91.5025,34.8265],[-91.4047,34.8488],[-91.3068,34.8711],[-91.2089,34.8933],[-91.1109,34.9154],[-91.0129,34.9374],[-90.9148,34.9593],[-90.8167,34.9812],[-90.7185,35.003],[-90.6203,35.0247],[-90.522,35.0463],[-90.4236,35.0678],[-90.3252,35.0893],[-90.2378,35.1083],[-90.1393,35.1296],[-90.0408,35.1508],[-89.9422,35.172],[-89.8436,35.193],[-89.7449,35.214],[-89.6461,35.2349],[-89.5473,35.2558],[-89.4485,35.2765],[-89.3496,35.2972],[-89.2506,35.3178],[-89.1516,35.3383],[-89.0526,35.3587],[-88.9535,35.379],[-88.9108,35.3878],[-88.8117,35.4083],[-88.7126,35.4287],[-88.6134,35.449],[-88.5141,35.4693],[-88.4149,35.4895],[-88.3155,35.5096],[-88.2161,35.5296],[-88.1167,35.5495],[-88.0172,35.5694],[-87.9177,35.5891],[-87.8181,35.6088],[-87.7185,35.6284],[-87.6188,35.6479],[-87.5191,35.6674],[-87.4193,35.6867],[-87.3195,35.706],[-87.2196,35.7252],[-87.1197,35.7443],[-87.0197,35.7634],[-86.9197,35.7823],[-86.8196,35.8012],[-86.7195,35.8199],[-86.6193,35.8386],[-86.5191,35.8573],[-86.4189,35.8758],[-86.3186,35.8942],[-86.2182,35.9126],[-86.1178,35.9309],[-86.0174,35.9491],[-85.9169,35.9672],[-85.8701,35.9756],[-85.7694,35.9933],[-85.6688,36.0109],[-85.568,36.0285],[-85.4673,36.0459],[-85.3665,36.0633],[-85.3106,36.0729],[-85.2103,36.0925],[-85.1101,36.112],[-85.0098,36.1314],[-84.9094,36.1507],[-84.809,36.17],[-84.7085,36.1892],[-84.608,36.2082],[-84.5074,36.2272],[-84.4068,36.2461],[-84.3061,36.265],[-84.2054,36.2837],[-84.1047,36.3024],[-84.0038,36.321],[-83.903,36.3394],[-83.8021,36.3578],[-83.7011,36.3762],[-83.6001,36.3944],[-83.4991,36.4126],[-83.398,36.4306],[-83.2968,36.4486],[-83.1956,36.4665],[-83.1855,36.4683],[-83.0842,36.4861],[-82.9829,36.5037],[-82.8816,36.5213],[-82.7802,36.5388],[-82.6787,36.5563],[-82.5773,36.5736],[-82.4757,36.5908],[-82.3742,36.608],[-82.2725,36.6251],[-82.1709,36.6421],[-82.0692,36.659],[-81.9674,36.6758],[-81.8656,36.6925],[-81.7638,36.7092],[-81.6619,36.7257],[-81.6239,36.7319]]}},{"type":"Feature","properties":{"ident":"Q67","type":"RNAV","run":1},"geometry":{"type":"LineString","coordinates":[[-84.0055,35.9116],[-83.9541,35.9838],[-83.9026,36.0559],[-83.851,36.1281],[-83.7993,36.2002],[-83.7476,36.2723],[-83.6957,36.3444],[-83.6437,36.4165],[-83.5917,36.4885],[-83.5395,36.5606],[-83.4873,36.6326],[-83.4349,36.7045],[-83.3927,36.7625],[-83.34,36.8344],[-83.2872,36.9062],[-83.2343,36.978],[-83.2279,36.9868],[-83.1749,37.0586],[-83.1218,37.1303],[-83.0686,37.2021],[-83.0299,37.2542],[-82.9815,37.3281],[-82.9329,37.402],[-82.8843,37.4758],[-82.84,37.5431],[-82.7913,37.6169],[-82.7424,37.6907],[-82.6935,37.7645],[-82.6445,37.8383],[-82.5954,37.9121],[-82.5462,37.9858],[-82.4968,38.0595],[-82.4474,38.1332],[-82.3978,38.2069],[-82.3482,38.2805],[-82.2985,38.3541],[-82.2486,38.4278],[-82.1987,38.5013],[-82.1486,38.5749],[-82.0985,38.6484],[-82.0482,38.722],[-82.0262,38.7541]]}},{"type":"Feature","properties":{"ident":"Q68","type":"RNAV","run":1},"geometry":{"type":"LineString","coordinates":[[-92.1804,34.6778],[-92.0904,34.7162],[-92.0004,34.7545],[-91.9103,34.7928],[-91.8201,34.831],[-91.7298,34.8692],[-91.6395,34.9073],[-91.549,34.9453],[-91.4585,34.9833],[-91.3679,35.0211],[-91.2772,35.059],[-91.1864,35.0967],[-91.0956,35.1344],[-91.0046,35.172],[-90.9136,35.2096],[-90.8225,35.247],[-90.7313,35.2844],[-90.64,35.3218],[-90.5487,35.3591],[-90.4572,35.3963],[-90.3657,35.4334],[-90.2741,35.4705],[-90.1824,35.5075],[-90.0906,35.5444],[-89.9987,35.5813],[-89.9067,35.618],[-89.8147,35.6548],[-89.7226,35.6914],[-89.6304,35.728],[-89.5381,35.7645],[-89.4457,35.8009],[-89.3532,35.8373],[-89.2607,35.8736],[-89.168,35.9098],[-89.0753,35.946],[-88.9825,35.9821],[-88.8896,36.0181],[-88.7967,36.054],[-88.7036,36.0899],[-88.6105,36.1257],[-88.5633,36.1438],[-88.47,36.1794],[-88.3767,36.215],[-88.2832,36.2505],[-88.1897,36.286],[-88.0961,36.3214],[-88.0024,36.3567],[-87.9086,36.3919],[-87.8147,36.4271],[-87.7207,36.4621],[-87.6267,36.4972],[-87.5326,36.5321],[-87.4384,36.567],[-87.3441,36.6017],[-87.3159,36.6121],[-87.2215,36.6468],[-87.1271,36.6814],[-87.0325,36.716],[-86.9378,36.7505],[-86.8431,36.7849],[-86.7483,36.8193],[-86.6534,36.8535],[-86.5584,36.8877],[-86.4633,36.9218],[-86.4435,36.9289],[-86.3471,36.9606],[-86.2506,36.9923],[-86.154,37.0239],[-86.0574,37.0554],[-85.9607,37.0868],[-85.8639,37.1182],[-85.767,37.1494],[-85.67,37.1806],[-85.573,37.2117],[-85.4758,37.2428],[-85.3786,37.2737],[-85.2813,37.3046],[-85.184,37.3354],[-85.0865,37.3661],[-85.017,37.388],[-84.9193,37.4184],[-84.8216,37.4488],[-84.7238,37.4791],[-84.7163,37.4814],[-84.6185,37.5118],[-84.5207,37.5421],[-84.4227,37.5723],[-84.3247,37.6025],[-84.2266,37.6326],[-84.1562,37.6541],[-84.058,37.684],[-83.9596,37.7138],[-83.8612,37.7435],[-83.7626,37.7731],[-83.6641,37.8026],[-83.5654,37.8321],[-83.4666,37.8615],[-83.3678,37.8908],[-83.2689,37.92],[-83.1699,37.9491],[-83.0708,37.9781],[-82.9717,38.0071],[-82.8725,38.036],[-82.7732,38.0648],[-82.6738,38.0935],[-82.5743,38.1221],[-82.4748,38.1506],[-82.3752,38.1791],[-82.3246,38.1935],[-82.2249,38.2218],[-82.1251,38.2501],[-82.0252,38.2782],[-81.9252,38.3063],[-81.8252,38.3343],[-81.7699,38.3497],[-81.667,38.3705],[-81.5641,38.3913],[-81.4611,38.4119],[-81.358,38.4325],[-81.2549,38.453],[-81.1517,38.4734],[-81.0484,38.4937],[-80.9451,38.5139],[-80.8418,38.534],[-80.7383,38.554],[-80.6349,38.574],[-80.6114,38.5785],[-80.505,38.5733],[-80.3987,38.5681],[-80.2923,38.5627],[-80.186,38.5573],[-80.1324,38.5545],[-80.0286,38.5734],[-79.9248,38.5922],[-79.8209,38.6109],[-79.7169,38.6295],[-79.6926,38.6339],[-79.5882,38.6514],[-79.4839,38.6687],[-79.3795,38.686],[-79.275,38.7032],[-79.2443,38.7083],[-79.1399,38.7261],[-79.0356,38.7438],[-78.9311,38.7614],[-78.8266,38.7789],[-78.7221,38.7964],[-78.6175,38.8137],[-78.5129,38.831],[-78.4082,38.8481],[-78.3743,38.8537],[-78.2673,38.8542],[-78.2056,38.8544]]}},{"type":"Feature","properties":{"ident":"Q69","type":"RNAV","run":1},"geometry":{"type":"LineString","coordinates":[[-81.4356,31.2523],[-81.4366,31.3356],[-81.4376,31.4189],[-81.4382,31.4758],[-81.406,31.5545],[-81.3737,31.6331],[-81.3413,31.7118],[-81.3089,31.7904],[-81.2764,31.869],[-81.2439,31.9477],[-81.2374,31.9633],[-81.2333,32.0466],[-81.2292,32.1298],[-81.225,32.2131],[-81.2209,32.2963],[-81.2167,32.3796],[-81.2126,32.4628],[-81.2115,32.484],[-81.1927,32.5658],[-81.1739,32.6476],[-81.155,32.7294],[-81.1362,32.8112],[-81.1172,32.893],[-81.0983,32.9748],[-81.0793,33.0566],[-81.0602,33.1384],[-81.0412,33.2202],[-81.022,33.3019],[-81.0029,33.3837],[-80.9837,33.4655],[-80.9645,33.5473],[-80.9453,33.629],[-80.926,33.7108],[-80.9067,33.7926],[-80.8924,33.8526],[-80.8776,33.935],[-80.8628,34.0175],[-80.848,34.0999],[-80.8368,34.1617],[-80.8219,34.2441],[-80.807,34.3265],[-80.792,34.4089],[-80.777,34.4913],[-80.762,34.5737],[-80.7469,34.6561],[-80.7319,34.7385],[-80.7167,34.8209],[-80.7016,34.9033],[-80.6864,34.9857],[-80.6712,35.0681],[-80.656,35.1505],[-80.6407,35.2329],[-80.6254,35.3153],[-80.6101,35.3977],[-80.5947,35.4801],[-80.5794,35.5624],[-80.5639,35.6448],[-80.5485,35.7272],[-80.533,35.8096],[-80.5175,35.892],[-80.5019,35.9743],[-80.4863,36.0567],[-80.4707,36.1391],[-80.4551,36.2214],[-80.4394,36.3038],[-80.4237,36.3862],[-80.4188,36.412],[-80.402,36.4942],[-80.3853,36.5764],[-80.3685,36.6587],[-80.352,36.7396],[-80.3403,36.8224],[-80.3285,36.9052],[-80.3167,36.988],[-80.3049,37.0707],[-80.2931,37.1535],[-80.2812,37.2363],[-80.2694,37.3191],[-80.2575,37.4019],[-80.2455,37.4847],[-80.2336,37.5675],[-80.2218,37.6489],[-80.2095,37.7316],[-80.1971,37.8144],[-80.1848,37.8971],[-80.1724,37.9799],[-80.1599,38.0626],[-80.1475,38.1454],[-80.135,38.2281],[-80.1225,38.3109],[-80.1145,38.364],[-80.1099,38.4472],[-80.1053,38.5305],[-80.1008,38.6137],[-80.0962,38.697],[-80.0916,38.7802],[-80.087,38.8635],[-80.0838,38.9207]]}},{"type":"Feature","properties":{"ident":"Q7","type":"RNAV","run":1},"geometry":{"type":"LineString","coordinates":[[-122.1253,46.3714],[-122.1055,46.2892],[-122.0858,46.207],[-122.0662,46.1248],[-122.0466,46.0426],[-122.027,45.9603],[-122.0076,45.8781],[-121.9881,45.7959],[-121.9688,45.7137],[-121.9495,45.6314],[-121.9302,45.5492],[-121.911,45.467],[-121.8919,45.3847],[-121.8728,45.3025],[-121.8538,45.2202],[-121.8348,45.138],[-121.8159,45.0557],[-121.7971,44.9735],[-121.7782,44.8912],[-121.7595,44.8089],[-121.7408,44.7267],[-121.7221,44.6444],[-121.7036,44.5621],[-121.685,44.4799],[-121.6665,44.3976],[-121.6511,44.3289],[-121.632,44.2467],[-121.613,44.1645],[-121.594,44.0823],[-121.5751,44.0001],[-121.5562,43.9179],[-121.5373,43.8356],[-121.5185,43.7534],[-121.4998,43.6712],[-121.4811,43.589],[-121.4625,43.5067],[-121.4439,43.4245],[-121.4254,43.3423],[-121.4069,43.26],[-121.3885,43.1778],[-121.3701,43.0956],[-121.3518,43.0133],[-121.3335,42.9311],[-121.3245,42.8904],[-121.3063,42.8082],[-121.2881,42.7259],[-121.27,42.6436],[-121.252,42.5614],[-121.2339,42.4791],[-121.216,42.3968],[-121.1981,42.3146],[-121.1802,42.2323],[-121.1624,42.15],[-121.1446,42.0677],[-121.1269,41.9855],[-121.1092,41.9032],[-121.0915,41.8209],[-121.0739,41.7386],[-121.0564,41.6563],[-121.0389,41.574],[-121.0214,41.4917],[-121.004,41.4094],[-120.9866,41.3271],[-120.9693,41.2448],[-120.952,41.1625],[-120.9348,41.0802],[-120.9183,41.0017],[-120.9117,40.9185],[-120.905,40.8353],[-120.8984,40.7521],[-120.8917,40.669],[-120.8851,40.5858],[-120.8785,40.5026],[-120.8719,40.4194],[-120.8654,40.3362],[-120.8588,40.2531],[-120.8523,40.1699],[-120.8458,40.0867],[-120.8393,40.0035],[-120.8328,39.9203],[-120.8263,39.8372],[-120.8199,39.754],[-120.8134,39.6708],[-120.807,39.5876],[-120.8006,39.5044],[-120.7942,39.4212],[-120.7878,39.3381],[-120.7815,39.2549],[-120.7751,39.1717],[-120.7688,39.0885],[-120.7625,39.0053],[-120.7562,38.9221],[-120.7499,38.8389],[-120.7436,38.7558],[-120.7374,38.6726],[-120.7311,38.5894],[-120.7249,38.5062],[-120.7187,38.423],[-120.7125,38.3398],[-120.7063,38.2566],[-120.7001,38.1734],[-120.694,38.0903],[-120.6878,38.0071],[-120.6817,37.9239],[-120.6756,37.8407],[-120.6695,37.7575],[-120.6634,37.6743],[-120.6573,37.5911],[-120.6512,37.5079],[-120.6452,37.4247],[-120.6392,37.3415],[-120.6383,37.3303],[-120.6065,37.2509],[-120.5748,37.1715],[-120.5431,37.0921],[-120.5115,37.0126],[-120.48,36.9332],[-120.4485,36.8538],[-120.4171,36.7743],[-120.3858,36.6949],[-120.3545,36.6154],[-120.3233,36.536],[-120.2921,36.4565],[-120.261,36.377],[-120.23,36.2975],[-120.1991,36.218],[-120.1682,36.1385],[-120.1373,36.059],[-120.1066,35.9794],[-120.0758,35.8999],[-120.0452,35.8204],[-120.0146,35.7408],[-119.9841,35.6612],[-119.9786,35.647]]}},{"type":"Feature","properties":{"ident":"Q70","type":"RNAV","run":1},"geometry":{"type":"LineString","coordinates":[[-115.9711,35.6372],[-115.8862,35.684],[-115.8013,35.7307],[-115.7162,35.7774],[-115.631,35.824],[-115.5457,35.8705],[-115.4604,35.917],[-115.3749,35.9634],[-115.2893,36.0098],[-115.2036,36.0561],[-115.1598,36.0797],[-115.0922,36.1426],[-115.0244,36.2055],[-114.9566,36.2683],[-114.8886,36.3311],[-114.8206,36.3939],[-114.797,36.4156],[-114.7289,36.4783],[-114.6606,36.541],[-114.5921,36.6036],[-114.5236,36.6663],[-114.474,36.7115],[-114.3832,36.752],[-114.2922,36.7925],[-114.2012,36.8329],[-114.1101,36.8732],[-114.0188,36.9134],[-113.9275,36.9536],[-113.8361,36.9937],[-113.7445,37.0338],[-113.7118,37.048],[-113.6193,37.0867],[-113.5268,37.1254],[-113.4341,37.1639],[-113.3413,37.2024],[-113.2484,37.2408],[-113.1555,37.2791],[-113.1145,37.296],[-113.0214,37.3343],[-112.9282,37.3724],[-112.835,37.4106],[-112.7416,37.4486],[-112.6481,37.4865],[-112.5546,37.5244],[-112.4609,37.5622],[-112.3672,37.6],[-112.2794,37.6352],[-112.1963,37.6863],[-112.113,37.7373],[-112.0296,37.7883],[-111.9461,37.8392],[-111.8625,37.8901],[-111.7788,37.9409],[-111.6949,37.9916],[-111.611,38.0423],[-111.5269,38.0929],[-111.4427,38.1435],[-111.3584,38.194],[-111.2739,38.2444],[-111.1894,38.2948],[-111.1047,38.3451],[-111.0199,38.3953],[-110.935,38.4455],[-110.85,38.4957],[-110.7649,38.5457],[-110.6796,38.5957],[-110.5943,38.6457],[-110.5088,38.6956],[-110.4232,38.7454],[-110.3374,38.7952],[-110.2713,38.8335]]}},{"type":"Feature","properties":{"ident":"Q71","type":"RNAV","run":1},"geometry":{"type":"LineString","coordinates":[[-83.8594,35.7993],[-83.8096,35.8722],[-83.7596,35.9451],[-83.7096,36.0179],[-83.6594,36.0907],[-83.6092,36.1635],[-83.5589,36.2362],[-83.5085,36.309],[-83.458,36.3817],[-83.4074,36.4544],[-83.3567,36.5271],[-83.3059,36.5998],[-83.255,36.6724],[-83.204,36.745],[-83.1529,36.8176],[-83.1017,36.8902],[-83.0568,36.9538],[-82.9746,37.0051],[-82.8923,37.0563],[-82.8507,37.0822],[-82.7672,37.1322],[-82.6835,37.1821],[-82.5997,37.232],[-82.5158,37.2819],[-82.4318,37.3316],[-82.3476,37.3814],[-82.2634,37.431],[-82.179,37.4806],[-82.1368,37.5054],[-82.0778,37.5744],[-82.0187,37.6433],[-81.9595,37.7122],[-81.9001,37.781],[-81.8407,37.8499],[-81.7811,37.9187],[-81.7214,37.9874],[-81.6616,38.0562],[-81.6017,38.1249],[-81.5417,38.1936],[-81.4816,38.2622],[-81.4629,38.2835],[-81.4026,38.3521],[-81.3422,38.4207],[-81.2928,38.4767],[-81.2322,38.5452],[-81.1715,38.6137],[-81.1107,38.6821],[-81.0497,38.7506],[-80.9887,38.819],[-80.9275,38.8873],[-80.8662,38.9557],[-80.8139,39.0139],[-80.734,39.0695],[-80.6541,39.1252],[-80.574,39.1807],[-80.4938,39.2363],[-80.4135,39.2917],[-80.333,39.3471],[-80.2525,39.4025],[-80.1717,39.4578],[-80.0909,39.513],[-80.0745,39.5242],[-79.9935,39.5794],[-79.9125,39.6345],[-79.8312,39.6896],[-79.7499,39.7447],[-79.6684,39.7996],[-79.5868,39.8546],[-79.5051,39.9094],[-79.4232,39.9642],[-79.3412,40.019],[-79.259,40.0736],[-79.1768,40.1283],[-79.1536,40.1436],[-79.072,40.1989],[-78.9903,40.2541],[-78.9084,40.3093],[-78.8264,40.3644],[-78.7443,40.4194],[-78.662,40.4744],[-78.5796,40.5294],[-78.497,40.5842],[-78.4144,40.639],[-78.3315,40.6938],[-78.2486,40.7485],[-78.1655,40.8031],[-78.0823,40.8577],[-77.9989,40.9122],[-77.9927,40.9163]]}},{"type":"Feature","properties":{"ident":"Q72","type":"RNAV","run":1},"geometry":{"type":"LineString","coordinates":[[-81.093,39.1294],[-80.9858,39.1242],[-80.8786,39.1189],[-80.7714,39.1136],[-80.6643,39.1081],[-80.5571,39.1025],[-80.45,39.0968],[-80.3429,39.091],[-80.2993,39.0887],[-80.1922,39.0825],[-80.0852,39.0763],[-79.9782,39.07],[-79.8712,39.0636],[-79.7642,39.0572],[-79.6572,39.0506],[-79.5502,39.0439],[-79.4433,39.0371],[-79.3364,39.0302],[-79.2295,39.0232],[-79.1748,39.0196],[-79.0678,39.0134],[-78.9609,39.0071],[-78.854,39.0008],[-78.7471,38.9943],[-78.6402,38.9877],[-78.5333,38.9811],[-78.4265,38.9743],[-78.3197,38.9674],[-78.2164,38.9607]]}},{"type":"Feature","properties":{"ident":"Q73","type":"RNAV","run":1},"geometry":{"type":"LineString","coordinates":[[-115.9445,33.515],[-115.9083,33.5927],[-115.872,33.6704],[-115.8356,33.748],[-115.8247,33.7714],[-115.7869,33.8486],[-115.7509,33.9218],[-115.7144,33.9994],[-115.6778,34.0771],[-115.6412,34.1547],[-115.6148,34.2104],[-115.5623,34.2815],[-115.5097,34.3526],[-115.4991,34.367],[-115.4671,34.446],[-115.4351,34.525],[-115.403,34.6041],[-115.3708,34.6831],[-115.3386,34.7621],[-115.3299,34.7833],[-115.3079,34.8647],[-115.2859,34.946],[-115.2639,35.0274],[-115.2418,35.1087],[-115.2332,35.1401],[-115.2004,35.219],[-115.1676,35.2979],[-115.1346,35.3768],[-115.1016,35.4557],[-115.0797,35.5079],[-115.0037,35.5637],[-114.9275,35.6194],[-114.8653,35.6649],[-114.789,35.7206],[-114.7127,35.7764],[-114.6362,35.832],[-114.5597,35.8876],[-114.483,35.9432],[-114.4062,35.9987],[-114.3293,36.0542],[-114.2859,36.0855],[-114.2318,36.1564],[-114.1775,36.2273],[-114.1232,36.2982],[-114.0688,36.3691],[-114.0366,36.411],[-113.9946,36.4872],[-113.9526,36.5634],[-113.9105,36.6396],[-113.901,36.6569],[-113.8636,36.7346],[-113.8261,36.8123],[-113.7885,36.8901],[-113.7508,36.9678],[-113.7131,37.0455],[-113.7118,37.048],[-113.6925,37.1299],[-113.673,37.2118],[-113.6536,37.2937],[-113.6341,37.3755],[-113.6145,37.4574],[-113.5949,37.5393],[-113.5753,37.6212],[-113.5556,37.703],[-113.5359,37.7849],[-113.5161,37.8667],[-113.5,37.9333],[-113.5539,38.005],[-113.6079,38.0767],[-113.6621,38.1483],[-113.7163,38.2199],[-113.7706,38.2915],[-113.8251,38.363],[-113.8796,38.4346],[-113.9343,38.5061],[-113.9891,38.5775],[-114.0439,38.649],[-114.0989,38.7204],[-114.154,38.7918],[-114.2092,38.8632],[-114.2646,38.9345],[-114.32,39.0058],[-114.3755,39.0771],[-114.4312,39.1484],[-114.4869,39.2196],[-114.5428,39.2909],[-114.55,39.3],[-114.5575,39.3831],[-114.5651,39.4663],[-114.5726,39.5494],[-114.5802,39.6325],[-114.5878,39.7156],[-114.5954,39.7988],[-114.603,39.8819],[-114.6107,39.965],[-114.6184,40.0481],[-114.626,40.1313],[-114.6337,40.2144],[-114.6415,40.2975],[-114.6492,40.3806],[-114.657,40.4637],[-114.6648,40.5469],[-114.6726,40.63],[-114.6804,40.7131],[-114.6882,40.7962],[-114.6961,40.8793],[-114.704,40.9624],[-114.7119,41.0456],[-114.7198,41.1287],[-114.7277,41.2118],[-114.7357,41.2949],[-114.7437,41.378],[-114.7517,41.4611],[-114.7597,41.5442],[-114.7677,41.6274],[-114.7758,41.7105],[-114.7839,41.7936],[-114.792,41.8767],[-114.8001,41.9598],[-114.8082,42.0429],[-114.8164,42.126],[-114.8246,42.2091],[-114.8328,42.2922],[-114.841,42.3754],[-114.8493,42.4585],[-114.8576,42.5416],[-114.8659,42.6247],[-114.8742,42.7078],[-114.8755,42.721],[-114.9074,42.801],[-114.9394,42.881],[-114.9715,42.9609],[-115.0037,43.0408],[-115.036,43.1208],[-115.0683,43.2007],[-115.1007,43.2806],[-115.1333,43.3605],[-115.1338,43.3618],[-115.1704,43.4408],[-115.2071,43.5198],[-115.2438,43.5987],[-115.2807,43.6777],[-115.3177,43.7566],[-115.3548,43.8355],[-115.3919,43.9144],[-115.4292,43.9933],[-115.4665,44.0722],[-115.504,44.1511],[-115.5416,44.2299],[-115.5792,44.3088],[-115.617,44.3876],[-115.6549,44.4664],[-115.6928,44.5452],[-115.7309,44.624],[-115.7321,44.6265],[-115.7703,44.7053],[-115.8086,44.7841],[-115.8469,44.8629],[-115.8854,44.9416],[-115.924,45.0203],[-115.9627,45.0991],[-116.0015,45.1778],[-116.0404,45.2565],[-116.0794,45.3351],[-116.1186,45.4138],[-116.1578,45.4925],[-116.1971,45.5711],[-116.2366,45.6497],[-116.2762,45.7283],[-116.3158,45.8069],[-116.3556,45.8855],[-116.3955,45.9641],[-116.4355,46.0426],[-116.4757,46.1212],[-116.5159,46.1997],[-116.5271,46.2215],[-116.5331,46.3048],[-116.5391,46.388],[-116.5451,46.4712],[-116.5511,46.5544],[-116.5572,46.6377],[-116.5632,46.7209],[-116.5693,46.8041],[-116.5754,46.8873],[-116.5816,46.9706],[-116.5877,47.0538],[-116.5939,47.137],[-116.6001,47.2202],[-116.6063,47.3035],[-116.6125,47.3867],[-116.6187,47.4699],[-116.625,47.5531],[-116.6313,47.6364],[-116.6376,47.7196],[-116.6439,47.8028],[-116.6502,47.886],[-116.6566,47.9692],[-116.663,48.0525],[-116.6694,48.1357],[-116.6727,48.1796]]}},{"type":"Feature","properties":{"ident":"Q74","type":"RNAV","run":1},"geometry":{"type":"LineString","coordinates":[[-115.3739,35.6206],[-115.2981,35.6767],[-115.2222,35.7327],[-115.1461,35.7887],[-115.07,35.8447],[-114.9938,35.9006],[-114.9174,35.9565],[-114.8636,35.9958],[-114.7855,36.0501],[-114.7073,36.1044],[-114.629,36.1587],[-114.5505,36.2129],[-114.472,36.267],[-114.3933,36.3211],[-114.3146,36.3751],[-114.2357,36.4291],[-114.1567,36.4831],[-114.0777,36.537],[-113.9985,36.5908],[-113.9192,36.6446],[-113.901,36.6569],[-113.8102,36.6973],[-113.7192,36.7377],[-113.6282,36.7781],[-113.5371,36.8183],[-113.4459,36.8585],[-113.3546,36.8987],[-113.2733,36.9343],[-113.1718,36.9534],[-113.0703,36.9724],[-112.9687,36.9914],[-112.8671,37.0103],[-112.7654,37.0291],[-112.6637,37.0477],[-112.6318,37.0536],[-112.5297,37.0713],[-112.4276,37.0889],[-112.3255,37.1064],[-112.2233,37.1238],[-112.1211,37.1412],[-112.0188,37.1584],[-111.9165,37.1756],[-111.8141,37.1927],[-111.7131,37.2095]]}},{"type":"Feature","properties":{"ident":"Q75","type":"RNAV","run":1},"geometry":{"type":"LineString","coordinates":[[-82.4359,30.7034],[-82.4076,30.7831],[-82.3793,30.8628],[-82.3509,30.9425],[-82.3225,31.0221],[-82.294,31.1018],[-82.2655,31.1815],[-82.2369,31.2612],[-82.2082,31.3408],[-82.1796,31.4205],[-82.1508,31.5001],[-82.1221,31.5798],[-82.0933,31.6594],[-82.0644,31.739],[-82.0355,31.8186],[-82.0179,31.8668],[-81.9883,31.9462],[-81.9586,32.0257],[-81.9289,32.1051],[-81.9141,32.1448],[-81.8793,32.2228],[-81.8445,32.3007],[-81.8096,32.3787],[-81.7747,32.4566],[-81.7397,32.5345],[-81.7046,32.6124],[-81.6695,32.6903],[-81.6343,32.7682],[-81.5991,32.8461],[-81.5694,32.9117],[-81.5359,32.9902],[-81.5024,33.0686],[-81.4689,33.1471],[-81.4353,33.2255],[-81.4121,33.2795],[-81.3822,33.359],[-81.3522,33.4385],[-81.3221,33.518],[-81.292,33.5974],[-81.2619,33.6769],[-81.2317,33.7563],[-81.2014,33.8358],[-81.1711,33.9152],[-81.1407,33.9946],[-81.1102,34.0741],[-81.0798,34.1535],[-81.0492,34.2329],[-81.0189,34.3116],[-80.9518,34.3739],[-80.8847,34.4361],[-80.8175,34.4983],[-80.7501,34.5605],[-80.6827,34.6227],[-80.6571,34.6462],[-80.6201,34.7238],[-80.5829,34.8013],[-80.5457,34.8788],[-80.5084,34.9564],[-80.4711,35.0339],[-80.4337,35.1114],[-80.3962,35.1889],[-80.3586,35.2663],[-80.321,35.3438],[-80.2833,35.4212],[-80.2455,35.4987],[-80.2076,35.5761],[-80.1697,35.6535],[-80.1317,35.7309],[-80.0936,35.8083],[-80.0555,35.8857],[-80.0173,35.9631],[-79.979,36.0404],[-79.9764,36.0457],[-79.9158,36.1131],[-79.8552,36.1806],[-79.7944,36.2479],[-79.7336,36.3153],[-79.6726,36.3826],[-79.6115,36.4499],[-79.5503,36.5172],[-79.489,36.5844],[-79.4277,36.6516],[-79.3662,36.7188],[-79.3045,36.7859],[-79.2428,36.853],[-79.181,36.9201],[-79.1191,36.9871],[-79.057,37.0541],[-78.9949,37.1211],[-78.9829,37.1339],[-78.9207,37.2009],[-78.8583,37.2678],[-78.7958,37.3347],[-78.7332,37.4015],[-78.6704,37.4683],[-78.6076,37.5351],[-78.5446,37.6018],[-78.4816,37.6685],[-78.4184,37.7352],[-78.3551,37.8018],[-78.2917,37.8685],[-78.2282,37.935],[-78.1646,38.0016],[-78.153,38.0136],[-78.0827,38.0759],[-78.0123,38.1381],[-77.9418,38.2004],[-77.8712,38.2625],[-77.8004,38.3246],[-77.7295,38.3867],[-77.6585,38.4488],[-77.5874,38.5108],[-77.5161,38.5727],[-77.4448,38.6346],[-77.3733,38.6965],[-77.3333,38.731],[-77.2579,38.7901],[-77.1824,38.8491],[-77.1068,38.9081],[-77.031,38.967],[-76.9905,38.9984],[-76.9146,39.0573],[-76.8386,39.1162],[-76.7625,39.175],[-76.6863,39.2338],[-76.6099,39.2925],[-76.5334,39.3511],[-76.4568,39.4098],[-76.3853,39.4642],[-76.3029,39.518],[-76.2202,39.5717],[-76.1735,39.602],[-76.0899,39.6549],[-76.0062,39.7078],[-75.9224,39.7606],[-75.8384,39.8133],[-75.7986,39.8382],[-75.7144,39.8908],[-75.6708,39.9181],[-75.5919,39.9753],[-75.5128,40.0326],[-75.4336,40.0898],[-75.3768,40.1307],[-75.2973,40.1878],[-75.2178,40.2449],[-75.1381,40.3018],[-75.0583,40.3588],[-74.9783,40.4156],[-74.9727,40.4196],[-74.8926,40.4765],[-74.8124,40.5332],[-74.7418,40.5831],[-74.6563,40.6353],[-74.5707,40.6875],[-74.4849,40.7396],[-74.3994,40.7914],[-74.3134,40.8434],[-74.2272,40.8953],[-74.1409,40.9472],[-74.0545,40.999],[-73.9679,41.0508],[-73.8812,41.1025],[-73.7968,41.1526],[-73.7108,41.2051],[-73.6246,41.2575],[-73.5806,41.2841],[-73.5015,41.3425],[-73.4221,41.4008],[-73.3427,41.4591],[-73.3142,41.48],[-73.2352,41.5387],[-73.1561,41.5974],[-73.0769,41.656],[-72.9975,41.7146],[-72.918,41.7731],[-72.8383,41.8316],[-72.7585,41.89],[-72.6886,41.941],[-72.5825,41.9679],[-72.4764,41.9947],[-72.3701,42.0214],[-72.2638,42.048],[-72.1936,42.0655],[-72.0872,42.0919],[-71.9806,42.1183],[-71.874,42.1445],[-71.7672,42.1706],[-71.6604,42.1967],[-71.5535,42.2226],[-71.4465,42.2485],[-71.3394,42.2742],[-71.2322,42.2998],[-71.125,42.3254],[-71.0176,42.3508],[-70.9895,42.3575],[-70.8864,42.3912],[-70.7832,42.4249],[-70.6798,42.4584],[-70.5764,42.4919],[-70.5579,42.4978]]}},{"type":"Feature","properties":{"ident":"Q77","type":"RNAV","run":1},"geometry":{"type":"LineString","coordinates":[[-80.2032,26.1505],[-80.2373,26.2281],[-80.2714,26.3056],[-80.3056,26.3831],[-80.3398,26.4606],[-80.374,26.5381],[-80.4083,26.6155],[-80.4427,26.693],[-80.4771,26.7705],[-80.5115,26.8479],[-80.546,26.9254],[-80.5805,27.0028],[-80.6151,27.0802],[-80.6497,27.1577],[-80.6844,27.2351],[-80.7191,27.3125],[-80.7539,27.3899],[-80.7887,27.4673],[-80.8236,27.5446],[-80.8585,27.622],[-80.8935,27.6994],[-80.9285,27.7767],[-80.9512,27.8268],[-81.0119,27.8906],[-81.0727,27.9543],[-81.1336,28.018],[-81.1515,28.0367],[-81.1905,28.1126],[-81.2296,28.1885],[-81.2688,28.2644],[-81.3079,28.3402],[-81.3089,28.3421],[-81.3477,28.4181],[-81.3866,28.4941],[-81.4255,28.5701],[-81.4645,28.6461],[-81.5036,28.7221],[-81.5427,28.798],[-81.5818,28.874],[-81.6093,28.9271],[-81.6168,29.0102],[-81.6244,29.0932],[-81.632,29.1763],[-81.6396,29.2594],[-81.6473,29.3424],[-81.6549,29.4255],[-81.6625,29.5086],[-81.6702,29.5916],[-81.6779,29.6747],[-81.6799,29.697],[-81.6876,29.78],[-81.6953,29.8631],[-81.703,29.9461],[-81.7108,30.0292],[-81.7185,30.1123],[-81.7263,30.1953],[-81.734,30.2784],[-81.7418,30.3614],[-81.7496,30.4445],[-81.7574,30.5275],[-81.7652,30.6106],[-81.7664,30.6231],[-81.7828,30.7053],[-81.7993,30.7874],[-81.8157,30.8695],[-81.8322,30.9516],[-81.8487,31.0337],[-81.8653,31.1159],[-81.8818,31.198],[-81.8984,31.2801],[-81.9151,31.3622],[-81.9317,31.4443],[-81.9484,31.5264],[-81.9651,31.6085],[-81.9819,31.6906],[-81.9987,31.7727],[-82.0155,31.8548],[-82.0179,31.8668],[-82.0208,31.9501],[-82.0237,32.0334],[-82.0265,32.1167],[-82.0294,32.2],[-82.0323,32.2833],[-82.0352,32.3666],[-82.0381,32.4499],[-82.0383,32.4567],[-82.0436,32.5399],[-82.0489,32.6231],[-82.0542,32.7063],[-82.0595,32.7895],[-82.0648,32.8727],[-82.0701,32.9559],[-82.0754,33.0391],[-82.0808,33.1224],[-82.0861,33.2056],[-82.0915,33.2888],[-82.0969,33.372],[-82.1023,33.4552],[-82.1077,33.5384],[-82.1129,33.6193],[-82.1183,33.7026],[-82.1237,33.7858],[-82.1292,33.869],[-82.1346,33.9522],[-82.1401,34.0354],[-82.1456,34.1186],[-82.151,34.2018],[-82.1543,34.2515]]}},{"type":"Feature","properties":{"ident":"Q78","type":"RNAV","run":1},"geometry":{"type":"LineString","coordinates":[[-114.882,35.2564],[-114.7873,35.2875],[-114.6925,35.3185],[-114.5977,35.3495],[-114.5028,35.3804],[-114.4078,35.4112],[-114.3127,35.4419],[-114.2176,35.4726],[-114.1224,35.5032],[-114.0272,35.5337],[-113.9318,35.5642],[-113.8364,35.5945],[-113.7409,35.6248],[-113.6454,35.655],[-113.5497,35.6852],[-113.454,35.7152],[-113.3902,35.7352],[-113.2941,35.7648],[-113.1981,35.7943],[-113.1019,35.8236],[-113.0057,35.853],[-112.9094,35.8822],[-112.8131,35.9114],[-112.7166,35.9405],[-112.6201,35.9695],[-112.5235,35.9984],[-112.4269,36.0272],[-112.3302,36.056],[-112.2334,36.0847],[-112.1365,36.1133],[-112.0396,36.1419],[-111.9426,36.1704],[-111.8455,36.1987],[-111.7484,36.227],[-111.6512,36.2553],[-111.5539,36.2834],[-111.5103,36.296]]}},{"type":"Feature","properties":{"ident":"Q79","type":"RNAV","run":1},"geometry":{"type":"LineString","coordinates":[[-81.0167,24.5636],[-81.0137,24.6469],[-81.0106,24.7302],[-81.0094,24.7652],[-81.0357,24.8451],[-81.062,24.9249],[-81.0883,25.0047],[-81.1147,25.0845],[-81.1412,25.1644],[-81.1676,25.2442],[-81.1941,25.324],[-81.2206,25.4038],[-81.2472,25.4836],[-81.2738,25.5634],[-81.3004,25.6432],[-81.3271,25.723],[-81.3538,25.8028],[-81.3806,25.8825],[-81.4073,25.9623],[-81.4342,26.0421],[-81.4564,26.1082],[-81.4969,26.1832],[-81.5375,26.2582],[-81.5781,26.3331],[-81.6188,26.4081],[-81.6595,26.483],[-81.7002,26.5579],[-81.7411,26.6328],[-81.7819,26.7077],[-81.8229,26.7826],[-81.8639,26.8575],[-81.9049,26.9323],[-81.946,27.0072],[-81.9792,27.0675],[-82.0061,27.1474],[-82.033,27.2272],[-82.06,27.307],[-82.087,27.3868],[-82.1141,27.4666],[-82.1412,27.5463],[-82.1683,27.6261],[-82.1955,27.7059],[-82.2227,27.7857],[-82.25,27.8654],[-82.2773,27.9452],[-82.3047,28.025],[-82.3071,28.0321],[-82.3217,28.1144],[-82.3364,28.1967],[-82.3511,28.2791],[-82.3658,28.3614],[-82.3805,28.4437],[-82.3953,28.526],[-82.4101,28.6083],[-82.4249,28.6906],[-82.4397,28.7729],[-82.4546,28.8552],[-82.4694,28.9376],[-82.4843,29.0199],[-82.4992,29.1022],[-82.5142,29.1845],[-82.5273,29.2563],[-82.5669,29.3321],[-82.6066,29.4079],[-82.6464,29.4837],[-82.6862,29.5595],[-82.7261,29.6353],[-82.766,29.711],[-82.806,29.7868],[-82.8461,29.8625],[-82.8677,29.9034],[-82.9079,29.9791],[-82.9481,30.0548],[-82.9884,30.1305],[-83.0287,30.2062],[-83.0691,30.2818],[-83.1096,30.3575],[-83.1501,30.4331],[-83.1907,30.5087],[-83.2314,30.5844],[-83.2721,30.66],[-83.2994,30.7105],[-83.3292,30.7898],[-83.3591,30.869],[-83.3891,30.9483],[-83.4191,31.0276],[-83.4492,31.1068],[-83.4793,31.1861],[-83.5095,31.2653],[-83.5397,31.3445],[-83.5699,31.4237],[-83.6003,31.503],[-83.6306,31.5822],[-83.661,31.6614],[-83.6725,31.6912],[-83.703,31.7704],[-83.7336,31.8496],[-83.7641,31.9288],[-83.7948,32.008],[-83.8255,32.0871],[-83.8562,32.1663],[-83.8871,32.2454],[-83.9179,32.3246],[-83.9488,32.4037],[-83.9798,32.4828],[-84.0108,32.5619],[-84.0419,32.6411],[-84.073,32.7202],[-84.1042,32.7992],[-84.1355,32.8783],[-84.1668,32.9574],[-84.1981,33.0365],[-84.2295,33.1155],[-84.261,33.1946],[-84.2925,33.2737],[-84.3241,33.3527],[-84.3558,33.4317],[-84.3875,33.5107],[-84.4192,33.5898],[-84.4351,33.6292],[-84.4531,33.7112],[-84.4711,33.7932],[-84.4892,33.8752],[-84.5073,33.9571],[-84.5234,34.0298],[-84.5445,34.1113],[-84.5656,34.1927],[-84.5868,34.2742],[-84.608,34.3557],[-84.6293,34.4371],[-84.6506,34.5186],[-84.6663,34.5788],[-84.6866,34.6604],[-84.7068,34.7421],[-84.7271,34.8237],[-84.7474,34.9054],[-84.7678,34.987],[-84.7882,35.0686],[-84.8087,35.1503],[-84.8292,35.2319],[-84.8497,35.3135],[-84.8703,35.3951],[-84.8909,35.4768],[-84.9116,35.5584],[-84.9201,35.5918],[-84.9408,35.6734],[-84.9615,35.7551],[-84.9823,35.8367],[-85.0031,35.9183],[-85.0239,35.9999],[-85.0448,36.0815],[-85.0658,36.1631],[-85.0867,36.2447],[-85.1078,36.3263],[-85.1288,36.4078],[-85.1499,36.4894],[-85.1711,36.571],[-85.1822,36.6138],[-85.2035,36.6954],[-85.2247,36.777],[-85.2461,36.8585],[-85.2674,36.9401],[-85.2888,37.0216],[-85.3103,37.1032],[-85.3318,37.1847],[-85.3534,37.2663],[-85.375,37.3478],[-85.3966,37.4294],[-85.4183,37.5109],[-85.44,37.5924],[-85.4618,37.674],[-85.4837,37.7555],[-85.5056,37.837],[-85.5275,37.9185],[-85.5495,38.0],[-85.5715,38.0815],[-85.5774,38.1035]]}},{"type":"Feature","properties":{"ident":"Q80","type":"RNAV","run":1},"geometry":{"type":"LineString","coordinates":[[-85.1225,37.2079],[-85.0254,37.2389],[-84.9282,37.2699],[-84.831,37.3008],[-84.7539,37.3252],[-84.6566,37.3561],[-84.5592,37.3869],[-84.4617,37.4177],[-84.3642,37.4484],[-84.2665,37.479],[-84.2506,37.484],[-84.1523,37.5133],[-84.0539,37.5425],[-83.9554,37.5716],[-83.8568,37.6006],[-83.7582,37.6296],[-83.6594,37.6584],[-83.5606,37.6872],[-83.4618,37.7159],[-83.3628,37.7446],[-83.2638,37.7731],[-83.2495,37.7772],[-83.1511,37.8071],[-83.0525,37.8369],[-82.9539,37.8666],[-82.9295,37.8739],[-82.8423,37.9001],[-82.7432,37.9289],[-82.644,37.9576],[-82.5462,37.9858],[-82.4468,38.0144],[-82.3474,38.0428],[-82.2479,38.0712],[-82.1483,38.0995],[-82.0487,38.1277],[-81.9489,38.1559],[-81.8491,38.1839],[-81.7492,38.2119],[-81.712,38.2223],[-81.6107,38.2472],[-81.5094,38.2721],[-81.4629,38.2835],[-81.3615,38.3082],[-81.2601,38.3329],[-81.1586,38.3574],[-81.0977,38.3721],[-80.9944,38.392],[-80.8912,38.4119],[-80.7878,38.4316],[-80.6844,38.4513],[-80.581,38.4708],[-80.4775,38.4903],[-80.3739,38.5097],[-80.2703,38.529],[-80.1667,38.5482],[-80.1324,38.5545],[-80.0286,38.5734],[-79.9248,38.5922],[-79.8209,38.6109],[-79.7169,38.6295],[-79.6926,38.6339],[-79.5882,38.6514],[-79.4839,38.6687],[-79.3795,38.686],[-79.275,38.7032],[-79.2443,38.7083],[-79.1399,38.7261],[-79.0356,38.7438],[-78.9311,38.7614],[-78.8266,38.7789],[-78.7221,38.7964],[-78.6175,38.8137],[-78.5129,38.831],[-78.4082,38.8481],[-78.3743,38.8537],[-78.2673,38.8542],[-78.2056,38.8544]]}},{"type":"Feature","properties":{"ident":"Q801","type":"RNAV","run":1},"geometry":{"type":"LineString","coordinates":[[-122.8838,42.4806],[-122.9041,42.5625],[-122.9244,42.6445],[-122.9448,42.7265],[-122.9653,42.8084],[-122.9858,42.8904],[-123.0063,42.9724],[-123.027,43.0543],[-123.0476,43.1363],[-123.0684,43.2182],[-123.0891,43.3002],[-123.0943,43.3206],[-123.1152,43.4025],[-123.1361,43.4844],[-123.1571,43.5664],[-123.1781,43.6483],[-123.1992,43.7302],[-123.2203,43.8121],[-123.2415,43.894],[-123.2628,43.976],[-123.2841,44.0579],[-123.3055,44.1398],[-123.3161,44.1804],[-123.3376,44.2623],[-123.3591,44.3442],[-123.3807,44.4261],[-123.4023,44.508],[-123.424,44.5899],[-123.4458,44.6718],[-123.4676,44.7536],[-123.4895,44.8355],[-123.5115,44.9174],[-123.5335,44.9992],[-123.5556,45.0811],[-123.5777,45.1629],[-123.5999,45.2448],[-123.6222,45.3266],[-123.6445,45.4085],[-123.6669,45.4903],[-123.6894,45.5721],[-123.7119,45.654],[-123.7345,45.7358],[-123.7572,45.8176],[-123.7799,45.8994],[-123.8027,45.9812],[-123.8256,46.063],[-123.8485,46.1448],[-123.8715,46.2266],[-123.8946,46.3084],[-123.9177,46.3902],[-123.9409,46.472],[-123.9642,46.5537],[-123.9876,46.6355],[-124.011,46.7173],[-124.0345,46.799],[-124.0581,46.8808],[-124.0817,46.9625],[-124.1054,47.0443],[-124.1292,47.126],[-124.153,47.2078],[-124.1769,47.2895],[-124.201,47.3712],[-124.225,47.453],[-124.2307,47.4721],[-124.2681,47.5515],[-124.3057,47.6309],[-124.3434,47.7103],[-124.3811,47.7896],[-124.4191,47.869],[-124.4571,47.9483],[-124.4952,48.0276],[-124.5335,48.1069],[-124.5718,48.1862],[-124.6103,48.2655],[-124.6271,48.2999],[-124.7129,48.3606],[-124.799,48.4213],[-124.8852,48.4819],[-124.9111,48.5],[-125.0093,48.5687],[-125.1077,48.6372],[-125.2065,48.7057],[-125.3055,48.7741],[-125.4048,48.8424],[-125.5043,48.9107],[-125.6041,48.9788],[-125.7042,49.0469]]}},{"type":"Feature","properties":{"ident":"Q802","type":"RNAV","run":1},"geometry":{"type":"LineString","coordinates":[[-77.4792,45.5903],[-77.5695,45.536],[-77.6596,45.4816],[-77.7496,45.4272],[-77.8394,45.3727],[-77.929,45.3182],[-78.0185,45.2636],[-78.1077,45.2089],[-78.1968,45.1541],[-78.2858,45.0993],[-78.3745,45.0444],[-78.4631,44.9894],[-78.5516,44.9343],[-78.6398,44.8792],[-78.7279,44.8241],[-78.8033,44.7767],[-78.8671,44.7067],[-78.9306,44.6367],[-78.9941,44.5667],[-79.0573,44.4966],[-79.1204,44.4265],[-79.1834,44.3564],[-79.2147,44.3214],[-79.3011,44.2655],[-79.3874,44.2096],[-79.4734,44.1536],[-79.5593,44.0976],[-79.6451,44.0415],[-79.7307,43.9853],[-79.8161,43.9291],[-79.9013,43.8728],[-79.9864,43.8164],[-80.0149,43.7975],[-80.0998,43.7411],[-80.1845,43.6846],[-80.2691,43.628],[-80.3535,43.5714],[-80.4377,43.5147],[-80.5218,43.4579],[-80.6058,43.4011],[-80.6896,43.3442],[-80.7732,43.2873],[-80.8567,43.2303],[-80.94,43.1732],[-81.0231,43.1161],[-81.0953,43.0664]]}},{"type":"Feature","properties":{"ident":"Q804","type":"RNAV","run":1},"geometry":{"type":"LineString","coordinates":[[-75.811,45.8992],[-75.9124,45.8549],[-76.0136,45.8105],[-76.1147,45.766],[-76.2156,45.7214],[-76.3163,45.6768],[-76.4168,45.632],[-76.5173,45.5872],[-76.6175,45.5422],[-76.7176,45.4972],[-76.8175,45.4521],[-76.9173,45.4069],[-77.0169,45.3617],[-77.1163,45.3163],[-77.2156,45.2709],[-77.3147,45.2253],[-77.4137,45.1797],[-77.5125,45.134],[-77.6112,45.0882],[-77.7097,45.0423],[-77.808,44.9964],[-77.9062,44.9503],[-78.0042,44.9042],[-78.1021,44.858],[-78.1998,44.8117],[-78.2973,44.7653],[-78.3947,44.7189],[-78.4919,44.6723],[-78.589,44.6257],[-78.6859,44.579],[-78.7827,44.5322],[-78.8793,44.4853],[-78.9758,44.4384],[-79.0721,44.3913],[-79.1682,44.3442],[-79.2147,44.3214],[-79.3011,44.2655],[-79.3874,44.2096],[-79.4734,44.1536],[-79.5593,44.0976],[-79.6451,44.0415],[-79.7307,43.9853],[-79.8161,43.9291],[-79.9013,43.8728],[-79.9864,43.8164],[-80.0149,43.7975],[-80.0998,43.7411],[-80.1845,43.6846],[-80.2691,43.628],[-80.3535,43.5714],[-80.4377,43.5147],[-80.5218,43.4579],[-80.6058,43.4011],[-80.6896,43.3442],[-80.7732,43.2873],[-80.8567,43.2303],[-80.94,43.1732],[-81.0231,43.1161],[-81.0953,43.0664]]}},{"type":"Feature","properties":{"ident":"Q806","type":"RNAV","run":1},"geometry":{"type":"LineString","coordinates":[[-80.8908,42.7069],[-80.82,42.772],[-80.749,42.837],[-80.6779,42.9021],[-80.6066,42.967],[-80.5352,43.032],[-80.4637,43.0969],[-80.392,43.1617],[-80.3201,43.2265],[-80.2481,43.2913],[-80.1759,43.356],[-80.1036,43.4206],[-80.0311,43.4852],[-79.9585,43.5498],[-79.8857,43.6143],[-79.8127,43.6788],[-79.7396,43.7433],[-79.6664,43.8076],[-79.6586,43.8145],[-79.5613,43.8594],[-79.4639,43.9043],[-79.3663,43.949],[-79.2686,43.9937],[-79.1707,44.0383],[-79.0727,44.0829],[-78.9745,44.1273],[-78.9322,44.1464],[-78.8325,44.1892],[-78.7327,44.2319],[-78.6327,44.2745],[-78.5326,44.317],[-78.4323,44.3595],[-78.3319,44.4018],[-78.2314,44.4441],[-78.1307,44.4862],[-78.0298,44.5283],[-77.9288,44.5703],[-77.8277,44.6122],[-77.755,44.6422],[-77.6536,44.684],[-77.5521,44.7257],[-77.4505,44.7674],[-77.3487,44.8089],[-77.2468,44.8503],[-77.1447,44.8917],[-77.0424,44.9329],[-76.9647,44.9642],[-76.8622,45.0053],[-76.7596,45.0463],[-76.6568,45.0872],[-76.5539,45.128],[-76.4508,45.1687],[-76.3476,45.2094],[-76.2442,45.2499],[-76.239,45.252],[-76.1234,45.2699],[-76.0077,45.2877],[-75.892,45.3054],[-75.7761,45.323],[-75.6602,45.3405],[-75.5443,45.3579],[-75.4282,45.3751],[-75.3121,45.3923],[-75.1959,45.4093],[-75.0797,45.4262],[-75.0436,45.4314],[-74.9272,45.448],[-74.8108,45.4646],[-74.6943,45.481],[-74.5777,45.4973],[-74.4639,45.5131],[-74.3451,45.5175],[-74.2264,45.5218],[-74.1076,45.5259],[-73.9888,45.53],[-73.8699,45.5339],[-73.7511,45.5377],[-73.6322,45.5414],[-73.5134,45.5449],[-73.3945,45.5483],[-73.2756,45.5516],[-73.1567,45.5548],[-73.0377,45.5579],[-72.9188,45.5608],[-72.7999,45.5636],[-72.6809,45.5663],[-72.5619,45.5689],[-72.4429,45.5713],[-72.3384,45.5733],[-72.22,45.5823],[-72.1016,45.5912],[-71.9832,45.6],[-71.8681,45.6083],[-71.7496,45.6169],[-71.631,45.6252],[-71.5124,45.6335],[-71.4303,45.6391],[-71.3117,45.6472],[-71.193,45.6551],[-71.0743,45.6629],[-70.9555,45.6706],[-70.8368,45.6782],[-70.8033,45.6803],[-70.5197,45.6712],[-70.4006,45.6672],[-70.2815,45.663],[-70.1624,45.6587],[-70.0434,45.6543],[-69.9243,45.6498],[-69.8053,45.6451],[-69.6863,45.6404],[-69.5674,45.6355],[-69.4484,45.6304],[-69.3295,45.6253],[-69.2106,45.62],[-69.0917,45.6146],[-68.9728,45.6091],[-68.854,45.6035],[-68.7351,45.5977],[-68.6164,45.5918],[-68.5155,45.5867],[-68.3978,45.5741],[-68.2801,45.5614],[-68.1625,45.5486],[-68.045,45.5356],[-67.9275,45.5225],[-67.8101,45.5093],[-67.6928,45.496],[-67.6213,45.4879],[-67.504,45.4746],[-67.4955,45.4737],[-67.3782,45.4605],[-67.2609,45.4472],[-67.1437,45.4338],[-67.0266,45.4202],[-66.9095,45.4065],[-66.7924,45.3928],[-66.6754,45.3789],[-66.6572,45.3767],[-66.5395,45.3662],[-66.4219,45.3557],[-66.3043,45.345],[-66.1868,45.3342],[-66.0692,45.3233],[-65.9518,45.3122],[-65.8344,45.3011],[-65.717,45.2898],[-65.5997,45.2784],[-65.4824,45.2669],[-65.3652,45.2552],[-65.248,45.2435],[-65.1309,45.2316],[-65.0138,45.2196],[-64.8968,45.2075],[-64.7798,45.1952],[-64.6629,45.1829],[-64.546,45.1704],[-64.4291,45.1578],[-64.3124,45.1451],[-64.1956,45.1322],[-64.1896,45.1316],[-64.0788,45.1027],[-63.9681,45.0737],[-63.8576,45.0446],[-63.7472,45.0154],[-63.6369,44.9861],[-63.5267,44.9566],[-63.4166,44.9271],[-63.4018,44.9231],[-63.2961,44.9591],[-63.1898,44.995],[-63.0833,45.0308],[-62.9768,45.0665],[-62.9479,45.0762]]}},{"type":"Feature","properties":{"ident":"Q81","type":"RNAV","run":1},"geometry":{"type":"LineString","coordinates":[[-81.5174,24.9007],[-81.5168,24.984],[-81.5162,25.0673],[-81.5155,25.1507],[-81.5149,25.234],[-81.5142,25.3173],[-81.5136,25.4006],[-81.5129,25.484],[-81.5128,25.496],[-81.5539,25.5707],[-81.595,25.6453],[-81.6205,25.6917],[-81.6741,25.7596],[-81.7278,25.8275],[-81.7816,25.8953],[-81.8354,25.9632],[-81.8893,26.031],[-81.9432,26.0988],[-81.9972,26.1665],[-82.0513,26.2343],[-82.1055,26.302],[-82.1596,26.3697],[-82.2139,26.4374],[-82.2682,26.5051],[-82.3226,26.5727],[-82.3744,26.637],[-82.4378,26.6981],[-82.5013,26.7591],[-82.5649,26.8201],[-82.6286,26.8811],[-82.6904,26.9401],[-82.7058,27.0223],[-82.7213,27.1045],[-82.7368,27.1867],[-82.7524,27.2688],[-82.7679,27.351],[-82.7835,27.4332],[-82.7991,27.5154],[-82.8147,27.5975],[-82.8304,27.6797],[-82.8455,27.759],[-82.8589,27.8415],[-82.8723,27.924],[-82.8857,28.0065],[-82.8888,28.0258],[-82.9019,28.1084],[-82.915,28.1909],[-82.9281,28.2734],[-82.9324,28.3005],[-82.9654,28.3786],[-82.9984,28.4567],[-83.0315,28.5348],[-83.0646,28.6129],[-83.0978,28.691],[-83.131,28.769],[-83.1314,28.77],[-83.1651,28.8479],[-83.1988,28.9258],[-83.2326,29.0038],[-83.2664,29.0817],[-83.3003,29.1596],[-83.3342,29.2374],[-83.3422,29.2556],[-83.3892,29.3281],[-83.4363,29.4007],[-83.4835,29.4731],[-83.5308,29.5456],[-83.5781,29.6181],[-83.6255,29.6905],[-83.6729,29.763],[-83.7066,29.8142],[-83.7541,29.8866],[-83.8018,29.959],[-83.8495,30.0314],[-83.8973,30.1037],[-83.9451,30.176],[-83.993,30.2483],[-84.041,30.3206],[-84.0762,30.3736],[-84.0964,30.4551],[-84.1166,30.5366],[-84.1368,30.6181],[-84.1571,30.6996],[-84.1773,30.7811],[-84.193,30.8439],[-84.2134,30.9254],[-84.2337,31.0069],[-84.2541,31.0883],[-84.2746,31.1698],[-84.2951,31.2513],[-84.3156,31.3327],[-84.3362,31.4142],[-84.3567,31.4957],[-84.3774,31.5771],[-84.3952,31.6473]]}},{"type":"Feature","properties":{"ident":"Q812","type":"RNAV","run":1},"geometry":{"type":"LineString","coordinates":[[-100.9083,46.3804],[-100.7882,46.3715],[-100.6681,46.3625],[-100.5481,46.3533],[-100.4282,46.344],[-100.3082,46.3346],[-100.1884,46.3251],[-100.0685,46.3154],[-99.9487,46.3056],[-99.8289,46.2957],[-99.7092,46.2857],[-99.5896,46.2755],[-99.4699,46.2652],[-99.3504,46.2548],[-99.2308,46.2443],[-99.1113,46.2336],[-98.9919,46.2229],[-98.8725,46.2119],[-98.7531,46.2009],[-98.6338,46.1898],[-98.5146,46.1785],[-98.3954,46.1671],[-98.2762,46.1555],[-98.1571,46.1439],[-98.0381,46.1321],[-97.9191,46.1202],[-97.8001,46.1082],[-97.6812,46.096],[-97.5624,46.0838],[-97.4436,46.0714],[-97.3249,46.0589],[-97.2062,46.0462],[-97.0875,46.0335],[-96.969,46.0206],[-96.8505,46.0076],[-96.732,45.9944],[-96.6136,45.9812],[-96.4952,45.9678],[-96.3769,45.9543],[-96.2587,45.9407],[-96.1405,45.927],[-96.0224,45.9131],[-95.9044,45.8991],[-95.7864,45.885],[-95.6684,45.8708],[-95.5506,45.8564],[-95.4327,45.842],[-95.315,45.8274],[-95.1973,45.8127],[-95.0797,45.7978],[-94.9621,45.7829],[-94.8446,45.7678],[-94.7272,45.7526],[-94.6098,45.7373],[-94.4925,45.7219],[-94.3752,45.7063],[-94.258,45.6907],[-94.258,45.6907],[-94.1407,45.6756],[-94.0234,45.6605],[-93.9062,45.6453],[-93.7891,45.6299],[-93.672,45.6144],[-93.555,45.5988],[-93.4381,45.583],[-93.3212,45.5672],[-93.2044,45.5512],[-93.0876,45.5351],[-92.971,45.5189],[-92.8544,45.5026],[-92.7378,45.4861],[-92.6213,45.4696],[-92.5049,45.4529],[-92.3886,45.4361],[-92.2724,45.4192],[-92.1562,45.4021],[-92.04,45.385],[-91.924,45.3677],[-91.808,45.3503],[-91.6921,45.3328],[-91.5763,45.3152],[-91.4605,45.2975],[-91.3448,45.2796],[-91.2292,45.2616],[-91.1136,45.2435],[-90.9982,45.2253],[-90.8828,45.207],[-90.7674,45.1886],[-90.6522,45.17],[-90.537,45.1513],[-90.4219,45.1325],[-90.3069,45.1136],[-90.192,45.0946],[-90.0771,45.0755],[-89.9623,45.0562],[-89.8476,45.0369],[-89.7329,45.0174],[-89.6184,44.9978],[-89.5039,44.9781],[-89.3895,44.9583],[-89.2752,44.9383],[-89.1609,44.9183],[-89.0468,44.8981],[-88.9327,44.8779],[-88.8187,44.8575],[-88.7048,44.837],[-88.5909,44.8163],[-88.55,44.8089],[-88.4366,44.7874],[-88.3232,44.7657],[-88.2099,44.7439],[-88.0968,44.7221],[-87.9837,44.7001],[-87.8706,44.678],[-87.7577,44.6558],[-87.6449,44.6334],[-87.5321,44.611],[-87.4194,44.5884],[-87.3069,44.5658],[-87.1944,44.543],[-87.082,44.5201],[-86.9697,44.4972],[-86.8574,44.4741],[-86.7453,44.4509],[-86.6332,44.4275],[-86.5213,44.4041],[-86.4094,44.3806],[-86.2976,44.3569],[-86.186,44.3332],[-86.0744,44.3093],[-85.9629,44.2853],[-85.8514,44.2613],[-85.7401,44.2371],[-85.6289,44.2128],[-85.5177,44.1884],[-85.4067,44.1639],[-85.2957,44.1392],[-85.1849,44.1145],[-85.0741,44.0897],[-84.9634,44.0647],[-84.8528,44.0397],[-84.7424,44.0145],[-84.632,43.9893],[-84.5217,43.9639],[-84.4115,43.9384],[-84.3858,43.9325],[-84.2702,43.9362],[-84.1546,43.9399],[-84.039,43.9434],[-83.9234,43.9467],[-83.8077,43.95],[-83.692,43.9532],[-83.5764,43.9562],[-83.4607,43.9591],[-83.345,43.9619],[-83.2293,43.9646],[-83.1135,43.9672],[-82.9978,43.9696],[-82.8821,43.9719],[-82.7663,43.9742],[-82.6506,43.9763],[-82.5348,43.9782],[-82.419,43.9801],[-82.3033,43.9819],[-82.2095,43.9832],[-82.1979,43.9833],[-82.0867,43.9599],[-81.9757,43.9364],[-81.8647,43.9128],[-81.7539,43.8891],[-81.6431,43.8653],[-81.5324,43.8413],[-81.4218,43.8173],[-81.3113,43.7932],[-81.2009,43.7689],[-81.0906,43.7445],[-80.9803,43.7201],[-80.8702,43.6955],[-80.7601,43.6708],[-80.6501,43.646],[-80.5403,43.6212],[-80.4305,43.5962],[-80.3208,43.5711],[-80.2112,43.5459],[-80.1017,43.5205],[-79.9922,43.4951],[-79.8829,43.4696],[-79.7737,43.444],[-79.6645,43.4183],[-79.5555,43.3924],[-79.4465,43.3665],[-79.3377,43.3405],[-79.2289,43.3143],[-79.1202,43.2881],[-79.1045,43.2843]]}},{"type":"Feature","properties":{"ident":"Q812","type":"RNAV","run":2},"geometry":{"type":"LineString","coordinates":[[-79.0854,43.2841],[-78.9709,43.2829],[-78.9333,43.2825],[-78.819,43.2861],[-78.7046,43.2895],[-78.5902,43.2929],[-78.4758,43.2961],[-78.3614,43.2992],[-78.247,43.3022],[-78.1325,43.3051],[-78.1264,43.3053],[-78.0119,43.3048],[-77.8974,43.3042],[-77.7829,43.3036],[-77.6684,43.3027],[-77.5539,43.3018],[-77.4394,43.3008],[-77.3249,43.2996],[-77.2104,43.2984],[-77.096,43.297],[-76.9815,43.2955],[-76.867,43.2939],[-76.7526,43.2922],[-76.6522,43.2906],[-76.5458,43.2599],[-76.4395,43.2291],[-76.3333,43.1982],[-76.2272,43.1672],[-76.2046,43.1605],[-76.1457,43.0891],[-76.0869,43.0177],[-76.0282,42.9463],[-75.9697,42.8748],[-75.9522,42.8534],[-75.8939,42.7818],[-75.8357,42.7103],[-75.7776,42.6387],[-75.726,42.5749],[-75.6682,42.5033],[-75.6105,42.4316],[-75.553,42.3599],[-75.4956,42.2882],[-75.4384,42.2164],[-75.3812,42.1447],[-75.3242,42.0729],[-75.3168,42.0635],[-75.2449,41.9995],[-75.1732,41.9355],[-75.1016,41.8714],[-75.0302,41.8073],[-74.9589,41.7431],[-74.8878,41.6789],[-74.8168,41.6146],[-74.7966,41.5963],[-74.7,41.5549],[-74.6035,41.5133],[-74.554,41.4919],[-74.4576,41.4503],[-74.3614,41.4086],[-74.3571,41.4067]]}},{"type":"Feature","properties":{"ident":"Q812","type":"RNAV","run":3},"geometry":{"type":"LineString","coordinates":[[-73.1237,45.7084],[-73.0249,45.7552],[-72.9259,45.8018],[-72.851,45.8371],[-72.7517,45.8836],[-72.6522,45.93],[-72.555,45.9752],[-72.4615,46.0275],[-72.3679,46.0796],[-72.2788,46.129],[-72.1848,46.181],[-72.0906,46.2329],[-71.9963,46.2848],[-71.9017,46.3365],[-71.807,46.3882],[-71.8011,46.3914],[-71.7209,46.4537],[-71.6405,46.516],[-71.5599,46.5782],[-71.4791,46.6404],[-71.3982,46.7025],[-71.317,46.7646],[-71.2833,46.7903],[-71.1911,46.8447],[-71.0987,46.899],[-71.0061,46.9533],[-70.9133,47.0075],[-70.8293,47.0564],[-70.7359,47.1103],[-70.6424,47.1641],[-70.5487,47.2179],[-70.4548,47.2716],[-70.3607,47.3252],[-70.2664,47.3787],[-70.1719,47.4321],[-70.1593,47.4392],[-70.0644,47.4924],[-69.9694,47.5456],[-69.8741,47.5986],[-69.7787,47.6516],[-69.6831,47.7045],[-69.5887,47.7565],[-69.5214,47.8265],[-69.4539,47.8964],[-69.3862,47.9663],[-69.3183,48.0362],[-69.2503,48.106],[-69.182,48.1758],[-69.1136,48.2456],[-69.045,48.3153],[-68.9762,48.385],[-68.9072,48.4546],[-68.8381,48.5242],[-68.7687,48.5937],[-68.6992,48.6632],[-68.6294,48.7327],[-68.5595,48.8021],[-68.4893,48.8715],[-68.419,48.9408],[-68.3485,49.0101],[-68.2778,49.0793],[-68.2217,49.1341]]}},{"type":"Feature","properties":{"ident":"Q813","type":"RNAV","run":1},"geometry":{"type":"LineString","coordinates":[[-97.2399,49.9099],[-97.2511,49.9929],[-97.2623,50.0759],[-97.2736,50.159],[-97.2849,50.242],[-97.2963,50.325],[-97.3077,50.408],[-97.3191,50.491],[-97.3306,50.574],[-97.3421,50.657],[-97.3537,50.74],[-97.3653,50.823],[-97.3769,50.906],[-97.3886,50.9891],[-97.4003,51.0721],[-97.4121,51.1551],[-97.4239,51.2381],[-97.4358,51.3211],[-97.4477,51.4041],[-97.4596,51.4871],[-97.4716,51.5701],[-97.4836,51.653],[-97.4957,51.736],[-97.5078,51.819],[-97.5199,51.902],[-97.5321,51.985],[-97.5444,52.068],[-97.5567,52.151],[-97.569,52.234],[-97.5814,52.317],[-97.5938,52.3999],[-97.6063,52.4829],[-97.6188,52.5659],[-97.6314,52.6489],[-97.6407,52.7097]]}},{"type":"Feature","properties":{"ident":"Q816","type":"RNAV","run":1},"geometry":{"type":"LineString","coordinates":[[-79.0854,43.2841],[-78.9709,43.2829],[-78.9333,43.2825],[-78.819,43.2861],[-78.7046,43.2895],[-78.5902,43.2929],[-78.4758,43.2961],[-78.3614,43.2992],[-78.247,43.3022],[-78.1325,43.3051],[-78.1264,43.3053],[-78.0119,43.3048],[-77.8974,43.3042],[-77.7829,43.3036],[-77.6684,43.3027],[-77.5539,43.3018],[-77.4394,43.3008],[-77.3249,43.2996],[-77.2104,43.2984],[-77.096,43.297],[-76.9815,43.2955],[-76.867,43.2939],[-76.7526,43.2922],[-76.6522,43.2906],[-76.5377,43.2897],[-76.4232,43.2887],[-76.3087,43.2875],[-76.1943,43.2863],[-76.0798,43.2849],[-75.9654,43.2834],[-75.8509,43.2819],[-75.7365,43.2802],[-75.622,43.2783],[-75.5076,43.2764],[-75.3932,43.2744],[-75.2788,43.2722],[-75.1644,43.2699],[-75.05,43.2675],[-74.9356,43.265],[-74.8212,43.2624],[-74.7069,43.2597],[-74.5925,43.2569],[-74.4782,43.2539],[-74.3638,43.2508],[-74.3334,43.25],[-74.2195,43.242],[-74.1056,43.234],[-73.9918,43.2258],[-73.878,43.2175],[-73.7643,43.2092],[-73.6506,43.2007],[-73.6128,43.1978]]}},{"type":"Feature","properties":{"ident":"Q816","type":"RNAV","run":2},"geometry":{"type":"LineString","coordinates":[[-82.7106,43.2621],[-82.5963,43.2645],[-82.4819,43.2668],[-82.3675,43.2691],[-82.2844,43.2706],[-82.2645,43.271],[-82.0671,43.2744],[-81.8697,43.2774],[-81.6722,43.2801],[-81.4747,43.2825],[-81.2772,43.2845],[-81.0797,43.2862],[-80.8822,43.2875],[-80.6847,43.2885],[-80.4871,43.2892],[-80.2896,43.2895],[-80.0921,43.2895],[-79.8945,43.2891],[-79.697,43.2884],[-79.4995,43.2874],[-79.302,43.286],[-79.1045,43.2843]]}},{"type":"Feature","properties":{"ident":"Q816","type":"RNAV","run":3},"geometry":{"type":"LineString","coordinates":[[-74.4964,46.046],[-74.4888,46.1292],[-74.4812,46.2123],[-74.4736,46.2955],[-74.4659,46.3787],[-74.4583,46.4618],[-74.4582,46.463],[-74.4505,46.5462],[-74.4428,46.6293],[-74.435,46.7125],[-74.4272,46.7956],[-74.4195,46.8788],[-74.4116,46.962],[-74.4081,47.0]]}},{"type":"Feature","properties":{"ident":"Q818","type":"RNAV","run":1},"geometry":{"type":"LineString","coordinates":[[-83.747,42.9668],[-83.6334,42.9723],[-83.5197,42.9777],[-83.406,42.983],[-83.2923,42.9882],[-83.1786,42.9933],[-83.0649,42.9983],[-82.9512,43.0032],[-82.8374,43.0079],[-82.7236,43.0125],[-82.6098,43.0171],[-82.496,43.0215],[-82.4071,43.0248],[-82.384,43.0257],[-82.1553,43.034],[-81.9266,43.0418],[-81.8127,43.0455],[-81.6988,43.0491],[-81.5849,43.0526],[-81.4709,43.056],[-81.357,43.0593],[-81.243,43.0625],[-81.129,43.0655],[-81.0953,43.0664],[-80.9814,43.0618],[-80.8675,43.0571],[-80.7537,43.0523],[-80.6398,43.0474],[-80.526,43.0423],[-80.4122,43.0372],[-80.2985,43.0319],[-80.1847,43.0266],[-80.071,43.0211],[-79.9572,43.0155],[-79.8436,43.0098],[-79.7299,43.0039],[-79.6162,42.998],[-79.5026,42.992],[-79.389,42.9858],[-79.2754,42.9795],[-79.1618,42.9731],[-79.0483,42.9666],[-78.9678,42.962],[-78.9665,42.9618],[-78.8542,42.9481],[-78.742,42.9342],[-78.7388,42.9338],[-78.632,42.905],[-78.5254,42.876],[-78.4188,42.847],[-78.3124,42.8179],[-78.206,42.7886],[-78.0997,42.7593],[-77.9936,42.7299],[-77.8875,42.7003],[-77.7816,42.6707],[-77.7447,42.6604],[-77.64,42.6286],[-77.5354,42.5967],[-77.4309,42.5647],[-77.3265,42.5326],[-77.2223,42.5004],[-77.1181,42.4681],[-77.0259,42.4395],[-76.922,42.407],[-76.8181,42.3744],[-76.7144,42.3418],[-76.6107,42.309],[-76.5072,42.2762],[-76.4038,42.2432],[-76.3005,42.2102],[-76.1973,42.1771],[-76.1365,42.1575],[-76.0381,42.1172],[-75.9399,42.0768],[-75.8418,42.0363],[-75.7439,41.9957],[-75.646,41.955],[-75.6126,41.9411],[-75.5149,41.9003],[-75.4174,41.8595],[-75.32,41.8186],[-75.2227,41.7775],[-75.1255,41.7364],[-75.0284,41.6953],[-74.9315,41.654],[-74.8347,41.6126],[-74.7966,41.5963],[-74.7,41.5549],[-74.6035,41.5133],[-74.554,41.4919],[-74.4576,41.4503],[-74.3614,41.4086],[-74.3571,41.4067]]}},{"type":"Feature","properties":{"ident":"Q82","type":"RNAV","run":1},"geometry":{"type":"LineString","coordinates":[[-82.0516,41.3428],[-81.9495,41.3756],[-81.8473,41.4082],[-81.745,41.4408],[-81.6426,41.4733],[-81.5401,41.5057],[-81.4375,41.538],[-81.4123,41.5459],[-81.3095,41.5781],[-81.2067,41.6102],[-81.1038,41.6422],[-81.0007,41.6741],[-80.8976,41.7059],[-80.7943,41.7376],[-80.691,41.7692],[-80.5876,41.8008],[-80.5846,41.8016],[-80.4796,41.8302],[-80.3745,41.8587],[-80.2692,41.887],[-80.1639,41.9153],[-80.0585,41.9435],[-79.953,41.9715],[-79.8474,41.9995],[-79.7417,42.0274],[-79.6359,42.0552],[-79.53,42.0829],[-79.4241,42.1105],[-79.318,42.138],[-79.2119,42.1653],[-79.1213,42.1886],[-79.0105,42.2029],[-78.8996,42.2171],[-78.7887,42.2311],[-78.6777,42.2451],[-78.5667,42.2589],[-78.4557,42.2727],[-78.3446,42.2863],[-78.2334,42.2998],[-78.1222,42.3132],[-78.0109,42.3265],[-77.8996,42.3397],[-77.8159,42.3496],[-77.7045,42.3626],[-77.5931,42.3755],[-77.4816,42.3883],[-77.3701,42.401],[-77.2585,42.4136],[-77.1469,42.4261],[-77.0353,42.4384],[-77.0259,42.4395],[-76.9142,42.4517],[-76.8025,42.4637],[-76.7732,42.4669],[-76.6614,42.4789],[-76.5496,42.4908],[-76.4377,42.5027],[-76.3258,42.5144],[-76.3043,42.5166],[-76.1923,42.5281],[-76.0803,42.5395],[-75.9682,42.5508],[-75.8561,42.562],[-75.744,42.5731],[-75.726,42.5749],[-75.6138,42.5859],[-75.5016,42.5968],[-75.3893,42.6075],[-75.277,42.6182],[-75.1647,42.6288],[-75.0523,42.6392],[-74.9399,42.6496],[-74.8274,42.6598],[-74.715,42.6699],[-74.6024,42.6799],[-74.4899,42.6898],[-74.3773,42.6996],[-74.2647,42.7093],[-74.152,42.7188],[-74.0393,42.7283],[-73.9266,42.7376],[-73.8138,42.7469],[-73.8134,42.7469]]}},{"type":"Feature","properties":{"ident":"Q820","type":"RNAV","run":1},"geometry":{"type":"LineString","coordinates":[[-81.0953,43.0664],[-81.0467,43.1418],[-80.998,43.2172],[-80.9492,43.2925],[-80.9002,43.3679],[-80.8512,43.4432],[-80.802,43.5185],[-80.7527,43.5938],[-80.7032,43.669],[-80.6537,43.7443],[-80.604,43.8195],[-80.5542,43.8947],[-80.5042,43.9699],[-80.4542,44.045],[-80.404,44.1201],[-80.3537,44.1952],[-80.3032,44.2703],[-80.2527,44.3454],[-80.202,44.4204],[-80.1511,44.4954],[-80.1297,44.527],[-80.0788,44.602],[-80.0276,44.6769],[-79.9764,44.7519],[-79.925,44.8268],[-79.8735,44.9017],[-79.8219,44.9766],[-79.7701,45.0515],[-79.7499,45.0807],[-79.7047,45.1577],[-79.6594,45.2346],[-79.6139,45.3116],[-79.5684,45.3885],[-79.5227,45.4654],[-79.4769,45.5423],[-79.4309,45.6192],[-79.3849,45.6961],[-79.3387,45.7729],[-79.2924,45.8497],[-79.2459,45.9266],[-79.1994,46.0033],[-79.1527,46.0801],[-79.1058,46.1569],[-79.0589,46.2336],[-79.0118,46.3103],[-78.9645,46.387],[-78.9172,46.4636],[-78.8697,46.5403],[-78.8221,46.6169],[-78.7743,46.6935],[-78.7264,46.7701],[-78.6784,46.8467],[-78.6302,46.9232],[-78.5819,46.9998],[-78.5334,47.0763],[-78.4849,47.1528],[-78.4361,47.2292],[-78.3873,47.3057],[-78.3383,47.3821],[-78.2891,47.4585],[-78.2398,47.5349],[-78.1904,47.6113],[-78.1408,47.6876],[-78.0911,47.7639],[-78.0412,47.8402],[-77.9912,47.9165],[-77.941,47.9928],[-77.8907,48.069],[-77.8402,48.1452],[-77.8203,48.1753],[-77.6958,48.1756],[-77.5708,48.1759],[-77.4459,48.1761],[-77.3209,48.1762],[-77.196,48.1761],[-77.071,48.1759],[-76.946,48.1756],[-76.8211,48.1751],[-76.6961,48.1745],[-76.5712,48.1738],[-76.4462,48.1729],[-76.3213,48.1719],[-76.1963,48.1707],[-76.0714,48.1694],[-75.9465,48.168],[-75.8216,48.1665],[-75.6967,48.1648],[-75.5717,48.1629],[-75.4469,48.161],[-75.322,48.1589],[-75.1971,48.1567],[-75.0722,48.1543],[-74.9474,48.1518],[-74.8226,48.1492],[-74.6977,48.1464],[-74.5729,48.1435],[-74.4481,48.1404],[-74.3233,48.1373],[-74.1986,48.1339],[-74.0738,48.1305],[-73.9491,48.1269],[-73.8244,48.1232],[-73.6997,48.1193],[-73.575,48.1154],[-73.4504,48.1112],[-73.3257,48.107],[-73.2011,48.1026],[-73.0765,48.0981],[-72.9519,48.0934],[-72.8274,48.0886],[-72.7029,48.0837],[-72.5784,48.0786],[-72.4539,48.0734],[-72.3294,48.0681],[-72.205,48.0626],[-72.0806,48.057],[-71.9563,48.0513],[-71.8319,48.0454],[-71.7076,48.0394],[-71.5833,48.0333],[-71.4591,48.027],[-71.3348,48.0206],[-71.2693,48.0171]]}},{"type":"Feature","properties":{"ident":"Q822","type":"RNAV","run":1},"geometry":{"type":"LineString","coordinates":[[-83.747,42.9668],[-83.6334,42.9723],[-83.5197,42.9777],[-83.406,42.983],[-83.2923,42.9882],[-83.1786,42.9933],[-83.0649,42.9983],[-82.9512,43.0032],[-82.8374,43.0079],[-82.7236,43.0125],[-82.6098,43.0171],[-82.496,43.0215],[-82.4071,43.0248],[-82.384,43.0257],[-82.1553,43.034],[-81.9266,43.0418],[-81.8127,43.0455],[-81.6988,43.0491],[-81.5849,43.0526],[-81.4709,43.056],[-81.357,43.0593],[-81.243,43.0625],[-81.129,43.0655],[-81.0953,43.0664],[-80.9813,43.0693],[-80.8673,43.072],[-80.7533,43.0747],[-80.6392,43.0772],[-80.5252,43.0797],[-80.4111,43.082],[-80.2971,43.0842],[-80.183,43.0863],[-80.069,43.0883],[-79.9549,43.0901],[-79.8408,43.0919],[-79.7267,43.0935],[-79.6126,43.095],[-79.4985,43.0964],[-79.3844,43.0977],[-79.2703,43.0989],[-79.1562,43.1],[-79.0769,43.1007],[-79.0612,43.1008],[-79.0348,43.101],[-78.9207,43.1016],[-78.8065,43.102],[-78.6924,43.1023],[-78.5783,43.1025],[-78.4642,43.1026],[-78.35,43.1026],[-78.2359,43.1025],[-78.1218,43.1022],[-78.0076,43.1019],[-77.8935,43.1014],[-77.7794,43.1008],[-77.6653,43.1001],[-77.5511,43.0993],[-77.437,43.0984],[-77.3229,43.0973],[-77.2088,43.0962],[-77.0947,43.0949],[-76.9806,43.0935],[-76.8665,43.092],[-76.7524,43.0904],[-76.6867,43.0895],[-76.5726,43.0875],[-76.4585,43.0854],[-76.3445,43.0831],[-76.2304,43.0808],[-76.1164,43.0784],[-76.0024,43.0758],[-75.8883,43.0731],[-75.7743,43.0703],[-75.6603,43.0674],[-75.5464,43.0644],[-75.4324,43.0613],[-75.3184,43.0581],[-75.2943,43.0574],[-75.1804,43.0531],[-75.0665,43.0487],[-74.9526,43.0442],[-74.8388,43.0396],[-74.725,43.0348],[-74.6112,43.03],[-74.4974,43.025],[-74.3836,43.02],[-74.2698,43.0148],[-74.2535,43.014],[-74.1396,43.012],[-74.0257,43.0098],[-73.9118,43.0075],[-73.7979,43.005],[-73.684,43.0025],[-73.5701,42.9999],[-73.4562,42.9971],[-73.344,42.9943],[-73.2331,43.0132],[-73.122,43.032],[-73.0109,43.0507],[-72.8997,43.0693],[-72.7885,43.0878],[-72.6772,43.1062],[-72.5658,43.1245],[-72.4544,43.1427],[-72.3429,43.1607],[-72.2313,43.1787],[-72.1197,43.1965],[-72.0079,43.2143],[-71.8962,43.2319],[-71.7843,43.2494],[-71.6725,43.2668],[-71.5605,43.2841],[-71.4485,43.3013],[-71.3364,43.3184],[-71.2242,43.3354],[-71.112,43.3522],[-70.9997,43.369],[-70.8874,43.3856],[-70.775,43.4021],[-70.6626,43.4186],[-70.6135,43.4257],[-70.5077,43.4579],[-70.4017,43.49],[-70.2956,43.522],[-70.1894,43.5539],[-70.0831,43.5857],[-69.9767,43.6174],[-69.8702,43.649],[-69.7636,43.6805],[-69.6568,43.7119],[-69.6023,43.7279],[-69.4947,43.7579],[-69.3869,43.7878],[-69.2791,43.8176],[-69.1712,43.8473],[-69.0631,43.8768],[-68.955,43.9063],[-68.8467,43.9357],[-68.7383,43.9649],[-68.6298,43.9941],[-68.5213,44.0232],[-68.4126,44.0521],[-68.3038,44.081],[-68.1949,44.1098],[-68.0859,44.1384],[-67.9767,44.167],[-67.8675,44.1954],[-67.7582,44.2237],[-67.6488,44.252],[-67.5392,44.2801],[-67.4296,44.3081],[-67.3199,44.336],[-67.21,44.3639],[-67.1001,44.3916],[-67.0,44.4167],[-66.8938,44.4512],[-66.7874,44.4855],[-66.6809,44.5198],[-66.5743,44.554],[-66.4676,44.5881],[-66.3607,44.6221],[-66.2537,44.656],[-66.1466,44.6898],[-66.0394,44.7235],[-65.932,44.7571],[-65.8245,44.7906],[-65.7169,44.824],[-65.6092,44.8572],[-65.5013,44.8904],[-65.3957,44.9271],[-65.2899,44.9637],[-65.1839,45.0001],[-65.0779,45.0365],[-64.9717,45.0728],[-64.8653,45.1089],[-64.7589,45.145],[-64.6523,45.181],[-64.5455,45.2169],[-64.4387,45.2526],[-64.3317,45.2883],[-64.2245,45.3239],[-64.1173,45.3594],[-64.0098,45.3948],[-63.9023,45.43],[-63.7946,45.4652],[-63.6868,45.5003],[-63.5789,45.5353],[-63.4708,45.5701],[-63.3626,45.6049],[-63.2542,45.6396],[-63.1457,45.6741],[-63.0371,45.7086],[-62.9284,45.7429],[-62.8195,45.7772],[-62.7105,45.8114],[-62.6013,45.8454],[-62.492,45.8793],[-62.3826,45.9132],[-62.2731,45.9469],[-62.1634,45.9805],[-62.0536,46.0141],[-61.9436,46.0475],[-61.8335,46.0808],[-61.7233,46.114],[-61.613,46.1471],[-61.5025,46.1801],[-61.3919,46.213],[-61.2811,46.2458],[-61.1703,46.2785],[-61.0592,46.311],[-60.9481,46.3435],[-60.8368,46.3758],[-60.7254,46.4081],[-60.6139,46.4402],[-60.5022,46.4722],[-60.3904,46.5042],[-60.2785,46.536],[-60.1664,46.5677],[-60.0542,46.5993],[-59.9419,46.6307],[-59.8295,46.6621],[-59.7169,46.6934],[-59.6042,46.7245],[-59.4913,46.7556],[-59.3783,46.7865],[-59.2652,46.8173],[-59.152,46.848],[-59.0386,46.8786],[-58.9252,46.9091],[-58.8115,46.9395],[-58.6978,46.9697],[-58.5839,46.9999],[-58.5833,47.0]]}},{"type":"Feature","properties":{"ident":"Q824","type":"RNAV","run":1},"geometry":{"type":"LineString","coordinates":[[-83.747,42.9668],[-83.6411,42.9975],[-83.5351,43.0281],[-83.429,43.0587],[-83.3228,43.0891],[-83.2165,43.1194],[-83.1101,43.1497],[-83.0036,43.1798],[-82.897,43.2099],[-82.7903,43.2398],[-82.7106,43.2621],[-82.6106,43.3025],[-82.5103,43.3429],[-82.41,43.3831],[-82.3095,43.4233],[-82.2089,43.4634],[-82.182,43.4741]]}},{"type":"Feature","properties":{"ident":"Q824","type":"RNAV","run":2},"geometry":{"type":"LineString","coordinates":[[-82.1629,43.4817],[-82.0631,43.523],[-81.9632,43.5642],[-81.8631,43.6053],[-81.7629,43.6463],[-81.6626,43.6872],[-81.5621,43.7281],[-81.5581,43.7297],[-81.457,43.77],[-81.3559,43.8101],[-81.2546,43.8502],[-81.1532,43.8901],[-81.0516,43.93],[-80.9499,43.9698],[-80.8481,44.0095],[-80.7461,44.0491],[-80.644,44.0886],[-80.5418,44.1281],[-80.4394,44.1674],[-80.3369,44.2066],[-80.2342,44.2458],[-80.1314,44.2848],[-80.0285,44.3238],[-79.9254,44.3627],[-79.8222,44.4015],[-79.7189,44.4402],[-79.6154,44.4788],[-79.5118,44.5173],[-79.4081,44.5557],[-79.3042,44.594],[-79.2002,44.6322],[-79.096,44.6703],[-78.9917,44.7084],[-78.8873,44.7463],[-78.8033,44.7767],[-78.693,44.8051],[-78.5825,44.8335],[-78.472,44.8618],[-78.3613,44.8899],[-78.2505,44.918],[-78.1396,44.9459],[-78.0286,44.9738],[-77.9175,45.0015],[-77.8063,45.0291],[-77.695,45.0566],[-77.5835,45.084],[-77.472,45.1113],[-77.3603,45.1385],[-77.2486,45.1656],[-77.1367,45.1925],[-77.0248,45.2194],[-76.9127,45.2461],[-76.8789,45.2542],[-76.7667,45.2808],[-76.6544,45.3073],[-76.542,45.3337],[-76.4294,45.3599],[-76.3467,45.3792],[-76.246,45.4022],[-76.1289,45.4156],[-76.0117,45.4289],[-75.8969,45.4418],[-75.7792,45.4533],[-75.6616,45.4648],[-75.5439,45.4762],[-75.4261,45.4874],[-75.3083,45.4985],[-75.1904,45.5095],[-75.0725,45.5203],[-74.9546,45.5311],[-74.8366,45.5417],[-74.7185,45.5522],[-74.6004,45.5626],[-74.4823,45.5728],[-74.3641,45.5829],[-74.2459,45.593],[-74.1277,45.6028],[-74.0094,45.6126],[-73.9709,45.6158],[-73.8534,45.6293],[-73.7357,45.6427],[-73.6181,45.656],[-73.5003,45.6692],[-73.3825,45.6822],[-73.2683,45.6947],[-73.1766,45.7481],[-73.0847,45.8013],[-72.9927,45.8545],[-72.9004,45.9076],[-72.8838,45.9172],[-72.7908,45.9698],[-72.6977,46.0223],[-72.6051,46.0743],[-72.5117,46.1267],[-72.418,46.179],[-72.3242,46.2312],[-72.2301,46.2833],[-72.1359,46.3354],[-72.0416,46.3873],[-71.947,46.4392],[-71.9093,46.4599],[-71.8145,46.5117],[-71.7217,46.5622]]}},{"type":"Feature","properties":{"ident":"Q827","type":"RNAV","run":1},"geometry":{"type":"LineString","coordinates":[[-109.458,49.0],[-109.375,49.0631],[-109.2918,49.1262],[-109.2084,49.1891],[-109.1247,49.2521],[-109.0408,49.3149],[-108.9568,49.3777],[-108.8725,49.4405],[-108.788,49.5031],[-108.7033,49.5658],[-108.6183,49.6283],[-108.5332,49.6908],[-108.4478,49.7532],[-108.3622,49.8156],[-108.2764,49.8779],[-108.1904,49.9401],[-108.1041,50.0023],[-108.0176,50.0644],[-107.9309,50.1265],[-107.844,50.1885],[-107.7568,50.2504],[-107.6909,50.297]]}},{"type":"Feature","properties":{"ident":"Q828","type":"RNAV","run":1},"geometry":{"type":"LineString","coordinates":[[-102.4983,50.3575],[-102.3685,50.3488],[-102.2386,50.34],[-102.1088,50.331],[-101.9791,50.3219],[-101.8494,50.3126],[-101.7198,50.3032],[-101.5902,50.2936],[-101.4606,50.2839],[-101.3311,50.2741],[-101.2017,50.2641],[-101.0723,50.2539],[-100.943,50.2436],[-100.8138,50.2332],[-100.6846,50.2227],[-100.5554,50.2119],[-100.4263,50.2011],[-100.2973,50.1901],[-100.1683,50.179],[-100.0394,50.1677],[-99.9106,50.1563],[-99.7818,50.1447],[-99.653,50.133],[-99.5244,50.1211],[-99.3958,50.1091],[-99.2673,50.097],[-99.1388,50.0847],[-99.0104,50.0723],[-98.8821,50.0597],[-98.7538,50.047],[-98.6256,50.0342],[-98.4975,50.0212],[-98.3694,50.0081],[-98.2414,49.9948],[-98.1135,49.9814],[-97.9857,49.9679],[-97.8579,49.9542],[-97.7302,49.9404],[-97.6025,49.9264],[-97.475,49.9123],[-97.3475,49.898],[-97.2201,49.8836],[-97.0928,49.8691],[-96.9655,49.8544],[-96.8384,49.8396],[-96.7113,49.8247],[-96.5843,49.8096],[-96.4573,49.7944],[-96.3305,49.779],[-96.2037,49.7635],[-96.077,49.7479],[-95.9504,49.7321],[-95.8239,49.7162],[-95.6974,49.7002],[-95.5711,49.684],[-95.4448,49.6676],[-95.3186,49.6512],[-95.1925,49.6346],[-95.0665,49.6178],[-94.9405,49.601],[-94.8147,49.584],[-94.6889,49.5668],[-94.5633,49.5495],[-94.4377,49.5321],[-94.3122,49.5146],[-94.1868,49.4969],[-94.0615,49.479],[-94.0467,49.4769],[-93.9918,49.4016],[-93.9371,49.3263],[-93.8825,49.251],[-93.8281,49.1756],[-93.7738,49.1002],[-93.7197,49.0248],[-93.6658,48.9494],[-93.612,48.8739],[-93.5584,48.7984],[-93.505,48.7229],[-93.4517,48.6473],[-93.4211,48.6039],[-93.3681,48.5283],[-93.3153,48.4527],[-93.2626,48.3771],[-93.21,48.3014],[-93.1576,48.2257],[-93.1054,48.15],[-93.0533,48.0743],[-93.0014,47.9985],[-92.9496,47.9228],[-92.898,47.847],[-92.8465,47.7712],[-92.7952,47.6953],[-92.744,47.6194],[-92.693,47.5436],[-92.6421,47.4676],[-92.5914,47.3917],[-92.5408,47.3157],[-92.4903,47.2398],[-92.44,47.1638],[-92.3899,47.0877],[-92.3399,47.0117],[-92.29,46.9356],[-92.2403,46.8595],[-92.2029,46.8022]]}},{"type":"Feature","properties":{"ident":"Q829","type":"RNAV","run":1},"geometry":{"type":"LineString","coordinates":[[-69.5887,47.7565],[-69.4709,47.7824],[-69.3529,47.8083],[-69.2349,47.834],[-69.1167,47.8595],[-68.9984,47.885],[-68.88,47.9103],[-68.7615,47.9356],[-68.6429,47.9607],[-68.5241,47.9856],[-68.4053,48.0105],[-68.2863,48.0352],[-68.1672,48.0598],[-68.048,48.0843],[-67.9287,48.1087],[-67.8092,48.1329],[-67.6897,48.157],[-67.57,48.181],[-67.4503,48.2049],[-67.3304,48.2286],[-67.2104,48.2522],[-67.0903,48.2757],[-66.9701,48.2991],[-66.8498,48.3223],[-66.7293,48.3454],[-66.6088,48.3684],[-66.4881,48.3913],[-66.3674,48.414],[-66.2465,48.4366],[-66.1256,48.4591],[-66.0045,48.4814],[-65.8833,48.5037],[-65.762,48.5258],[-65.6406,48.5477],[-65.5191,48.5696],[-65.3975,48.5913],[-65.2758,48.6129],[-65.154,48.6344],[-65.0321,48.6557],[-64.91,48.6769],[-64.7879,48.698],[-64.6657,48.7189],[-64.5434,48.7397],[-64.4209,48.7604],[-64.4047,48.7631]]}},{"type":"Feature","properties":{"ident":"Q83","type":"RNAV","run":1},"geometry":{"type":"LineString","coordinates":[[-81.0612,31.2507],[-81.0558,31.3339],[-81.0505,31.4171],[-81.0451,31.5003],[-81.0397,31.5835],[-81.0396,31.5862],[-81.0373,31.6695],[-81.035,31.7528],[-81.0328,31.8361],[-81.0305,31.9195],[-81.0283,31.9989],[-81.0268,32.0823],[-81.0254,32.1656],[-81.0239,32.2489],[-81.0233,32.2838],[-81.0218,32.3671],[-81.0203,32.4504],[-81.0189,32.5296],[-80.9956,32.6106],[-80.9722,32.6916],[-80.9488,32.7725],[-80.9253,32.8535],[-80.9018,32.9345],[-80.8783,33.0154],[-80.8547,33.0964],[-80.8311,33.1773],[-80.8074,33.2582],[-80.7837,33.3392],[-80.7599,33.4201],[-80.7361,33.501],[-80.732,33.5148],[-80.7081,33.5957],[-80.6842,33.6766],[-80.6602,33.7575],[-80.6361,33.8384],[-80.6121,33.9193],[-80.5879,34.0002],[-80.5637,34.0811],[-80.5395,34.162],[-80.5153,34.2428],[-80.5105,34.2585],[-80.4953,34.3409],[-80.48,34.4233],[-80.4647,34.5056],[-80.4493,34.588],[-80.4339,34.6704],[-80.4185,34.7527],[-80.4031,34.8351],[-80.3876,34.9174],[-80.3721,34.9998],[-80.3565,35.0821],[-80.341,35.1645],[-80.3254,35.2468],[-80.3097,35.3292],[-80.2979,35.3917],[-80.2601,35.4691],[-80.2222,35.5466],[-80.1843,35.624],[-80.1463,35.7014],[-80.1083,35.7788],[-80.0701,35.8561],[-80.0319,35.9335],[-79.9936,36.0109],[-79.9764,36.0457]]}},{"type":"Feature","properties":{"ident":"Q830","type":"RNAV","run":1},"geometry":{"type":"LineString","coordinates":[[-81.9834,42.8306],[-81.7858,42.8426],[-81.5881,42.8542],[-81.3903,42.8655],[-81.1925,42.8765],[-80.9946,42.8871],[-80.7967,42.8974],[-80.5986,42.9074],[-80.4006,42.917],[-80.4068,42.9167],[-80.5204,42.9111],[-80.6339,42.9055],[-80.7474,42.8998],[-80.8608,42.8939],[-80.9633,42.8886],[-81.0768,42.8826],[-81.1902,42.8765],[-81.3036,42.8703],[-81.4169,42.8639],[-81.5303,42.8575],[-81.6436,42.8509],[-81.7569,42.8443],[-81.8701,42.8375],[-81.9834,42.8306]]}},{"type":"Feature","properties":{"ident":"Q830","type":"RNAV","run":2},"geometry":{"type":"LineString","coordinates":[[-80.4006,42.917],[-80.287,42.9223],[-80.1734,42.9275],[-80.0598,42.9326],[-79.9475,42.9375],[-79.8339,42.9425],[-79.7202,42.9474],[-79.6066,42.9522],[-79.4929,42.9569],[-79.3792,42.9615],[-79.3209,42.9638]]}},{"type":"Feature","properties":{"ident":"Q831","type":"RNAV","run":1},"geometry":{"type":"LineString","coordinates":[[-98.7237,50.4224],[-98.5978,50.3998],[-98.472,50.3772],[-98.3464,50.3544],[-98.2209,50.3314],[-98.0955,50.3083],[-97.9702,50.2851],[-97.845,50.2618],[-97.72,50.2383],[-97.5951,50.2147],[-97.4703,50.1909],[-97.3456,50.1671],[-97.2211,50.1431],[-97.0966,50.1189],[-96.9724,50.0946],[-96.8482,50.0702],[-96.7242,50.0457],[-96.6002,50.021],[-96.4765,49.9962],[-96.3528,49.9712],[-96.2293,49.9462],[-96.1059,49.921],[-95.9826,49.8956],[-95.8595,49.8702],[-95.7365,49.8446],[-95.6136,49.8189],[-95.4909,49.793],[-95.3682,49.767],[-95.2458,49.7409],[-95.1234,49.7147],[-95.0012,49.6883],[-94.8791,49.6618],[-94.7571,49.6352],[-94.6353,49.6084],[-94.5136,49.5815],[-94.3921,49.5545],[-94.2707,49.5274],[-94.1494,49.5001],[-94.0467,49.4769],[-93.9265,49.4481],[-93.8063,49.4191],[-93.6864,49.39],[-93.5665,49.3607],[-93.4468,49.3314],[-93.3272,49.3019],[-93.2078,49.2723],[-93.0885,49.2425],[-92.9694,49.2127],[-92.8504,49.1827],[-92.7316,49.1526],[-92.6129,49.1224],[-92.4943,49.092],[-92.3759,49.0616],[-92.2577,49.031],[-92.1396,49.0003],[-92.0216,48.9695],[-91.9038,48.9385],[-91.7861,48.9075],[-91.6686,48.8763],[-91.5512,48.845],[-91.4339,48.8135],[-91.3168,48.782],[-91.1999,48.7503],[-91.0831,48.7186],[-90.9665,48.6867],[-90.85,48.6546],[-90.7336,48.6225],[-90.6174,48.5903],[-90.5013,48.5579],[-90.3854,48.5254],[-90.2697,48.4928],[-90.1541,48.4601],[-90.0386,48.4273],[-89.9233,48.3943],[-89.8081,48.3613],[-89.6931,48.3281],[-89.5783,48.2948],[-89.4636,48.2614],[-89.4374,48.2538]]}},{"type":"Feature","properties":{"ident":"Q832","type":"RNAV","run":1},"geometry":{"type":"LineString","coordinates":[[-113.372,50.697],[-113.2559,50.6579],[-113.14,50.6186],[-113.0243,50.5793],[-112.9088,50.5398],[-112.7934,50.5002],[-112.6783,50.4605],[-112.5634,50.4207],[-112.4486,50.3808],[-112.334,50.3408],[-112.2197,50.3006],[-112.1055,50.2603],[-111.9915,50.22],[-111.8778,50.1795],[-111.7642,50.1389],[-111.6508,50.0982],[-111.5376,50.0574],[-111.4245,50.0164],[-111.3175,49.9775],[-111.2021,49.9397],[-111.0868,49.9018],[-110.9717,49.8638],[-110.8568,49.8257],[-110.7421,49.7875],[-110.6275,49.7491],[-110.5132,49.7107],[-110.399,49.6721],[-110.285,49.6334],[-110.1712,49.5946],[-110.0575,49.5557],[-109.9441,49.5167],[-109.8308,49.4775],[-109.7177,49.4383],[-109.6048,49.3989],[-109.4921,49.3595],[-109.3795,49.3199],[-109.2671,49.2802],[-109.155,49.2404],[-109.0429,49.2005],[-108.9311,49.1605],[-108.8195,49.1204],[-108.708,49.0802],[-108.5967,49.0399],[-108.4978,49.0039]]}},{"type":"Feature","properties":{"ident":"Q834","type":"RNAV","run":1},"geometry":{"type":"LineString","coordinates":[[-94.6534,53.8539],[-94.6563,53.8499],[-94.7115,53.7732],[-94.7666,53.6965],[-94.8214,53.6198],[-94.876,53.543],[-94.9305,53.4662],[-94.9847,53.3894],[-95.0388,53.3126],[-95.0926,53.2357],[-95.1463,53.1589],[-95.1997,53.082],[-95.253,53.005],[-95.3061,52.9281],[-95.359,52.8511],[-95.4117,52.7741],[-95.4642,52.6971],[-95.5166,52.62],[-95.5687,52.543],[-95.6207,52.4659],[-95.6725,52.3888],[-95.7241,52.3116],[-95.7755,52.2345],[-95.8268,52.1573],[-95.8778,52.0801],[-95.9287,52.0028],[-95.9795,51.9256],[-96.03,51.8483],[-96.0804,51.771],[-96.1306,51.6937],[-96.1806,51.6164],[-96.2305,51.539],[-96.2802,51.4617],[-96.3297,51.3843],[-96.379,51.3068],[-96.4282,51.2294],[-96.4772,51.1519],[-96.5261,51.0745],[-96.5748,50.997],[-96.6233,50.9194],[-96.6717,50.8419],[-96.7199,50.7643],[-96.768,50.6868],[-96.8159,50.6092],[-96.8636,50.5316],[-96.9112,50.4539],[-96.9586,50.3763],[-97.0059,50.2986],[-97.053,50.2209],[-97.0999,50.1432],[-97.1467,50.0654],[-97.1934,49.9877],[-97.2399,49.9099],[-97.1379,49.8537],[-97.0362,49.7973],[-96.9347,49.7409],[-96.8334,49.6844],[-96.7324,49.6278],[-96.6316,49.5711],[-96.531,49.5143],[-96.4306,49.4575],[-96.3305,49.4005],[-96.2307,49.3435],[-96.131,49.2864],[-96.0316,49.2292],[-95.9324,49.1719],[-95.8335,49.1145],[-95.7347,49.057],[-95.6362,48.9995],[-95.5424,48.9433],[-95.4488,48.8871],[-95.3554,48.8308],[-95.2622,48.7745],[-95.1693,48.718],[-95.0765,48.6615],[-94.9839,48.6049],[-94.8916,48.5483],[-94.7994,48.4915],[-94.7075,48.4347],[-94.6157,48.3779],[-94.5242,48.3209],[-94.4329,48.2639],[-94.3418,48.2068],[-94.2508,48.1496],[-94.1601,48.0924],[-94.0696,48.0351],[-93.9793,47.9777],[-93.8892,47.9202],[-93.7993,47.8627],[-93.7096,47.8051],[-93.62,47.7474],[-93.5307,47.6897],[-93.4416,47.6319],[-93.3527,47.574],[-93.264,47.5161],[-93.2458,47.5042],[-93.1577,47.446],[-93.0697,47.3876],[-92.982,47.3293],[-92.8944,47.2708],[-92.807,47.2123],[-92.7199,47.1537],[-92.6329,47.095],[-92.5461,47.0363],[-92.4595,46.9775],[-92.3731,46.9186],[-92.2868,46.8597],[-92.2029,46.8022]]}},{"type":"Feature","properties":{"ident":"Q837","type":"RNAV","run":1},"geometry":{"type":"LineString","coordinates":[[-75.9736,46.1964],[-76.0356,46.2678],[-76.0978,46.3392],[-76.1602,46.4106],[-76.2227,46.4819],[-76.2853,46.5533],[-76.3482,46.6245],[-76.4112,46.6958],[-76.4743,46.767],[-76.5377,46.8381],[-76.58,46.8856],[-76.6457,46.9558],[-76.7115,47.026],[-76.7775,47.0962],[-76.8436,47.1663],[-76.91,47.2364],[-76.9154,47.2421],[-76.9819,47.3121],[-77.0487,47.3821],[-77.1156,47.452],[-77.1827,47.522],[-77.25,47.5918],[-77.3174,47.6617],[-77.385,47.7315],[-77.4528,47.8012],[-77.5208,47.871],[-77.589,47.9406],[-77.6574,48.0103],[-77.7259,48.0799],[-77.7947,48.1494],[-77.8203,48.1753]]}},{"type":"Feature","properties":{"ident":"Q838","type":"RNAV","run":1},"geometry":{"type":"LineString","coordinates":[[-107.0158,49.0001],[-107.0595,49.0784],[-107.1032,49.1567],[-107.1471,49.2349],[-107.1912,49.3131],[-107.2354,49.3913],[-107.2797,49.4695],[-107.3242,49.5477],[-107.3688,49.6258],[-107.4135,49.7039],[-107.4584,49.7821],[-107.5035,49.8602],[-107.5281,49.9027],[-107.5612,49.9833],[-107.5943,50.0639],[-107.6276,50.1444],[-107.6609,50.225],[-107.6909,50.297]]}},{"type":"Feature","properties":{"ident":"Q84","type":"RNAV","run":1},"geometry":{"type":"LineString","coordinates":[[-79.1213,42.1886],[-79.0156,42.2171],[-78.9098,42.2454],[-78.8038,42.2737],[-78.6978,42.3018],[-78.5917,42.3299],[-78.4855,42.3578],[-78.3792,42.3857],[-78.2728,42.4135],[-78.1663,42.4411],[-78.0597,42.4687],[-77.953,42.4962],[-77.8463,42.5235],[-77.7394,42.5508],[-77.6325,42.578],[-77.5254,42.6051],[-77.4183,42.632],[-77.311,42.6589],[-77.2037,42.6857],[-77.0963,42.7123],[-76.9888,42.7389],[-76.8812,42.7654],[-76.7735,42.7918],[-76.6657,42.818],[-76.5578,42.8442],[-76.4498,42.8703],[-76.4431,42.8719],[-76.3322,42.8903],[-76.2212,42.9087],[-76.1102,42.9269],[-75.9991,42.9451],[-75.8879,42.9631],[-75.7767,42.981],[-75.6654,42.9988],[-75.5541,43.0165],[-75.4427,43.0341],[-75.3312,43.0516],[-75.2943,43.0574],[-75.1804,43.0531],[-75.0665,43.0487],[-74.9526,43.0442],[-74.8388,43.0396],[-74.725,43.0348],[-74.6112,43.03],[-74.4974,43.025],[-74.3836,43.02],[-74.2698,43.0148],[-74.2535,43.014],[-74.1396,43.012],[-74.0257,43.0098],[-73.9118,43.0075],[-73.7979,43.005],[-73.684,43.0025],[-73.5701,42.9999],[-73.4562,42.9971],[-73.344,42.9943]]}},{"type":"Feature","properties":{"ident":"Q842","type":"RNAV","run":1},"geometry":{"type":"LineString","coordinates":[[-114.8261,36.1825],[-114.7775,36.256],[-114.7288,36.3295],[-114.68,36.403],[-114.6312,36.4764],[-114.5822,36.5499],[-114.5331,36.6233],[-114.4839,36.6967],[-114.474,36.7115],[-114.4188,36.7821],[-114.3634,36.8526],[-114.308,36.9232],[-114.2524,36.9937],[-114.1967,37.0642],[-114.141,37.1347],[-114.0851,37.2051],[-114.0291,37.2755],[-113.973,37.3459],[-113.9169,37.4163],[-113.8606,37.4866],[-113.8042,37.5569],[-113.7838,37.5823],[-113.7273,37.6525],[-113.6706,37.7228],[-113.6139,37.793],[-113.557,37.8632],[-113.5,37.9333],[-113.5,37.9333],[-113.4655,38.0121],[-113.431,38.0909],[-113.3964,38.1696],[-113.3617,38.2484],[-113.3269,38.3271],[-113.292,38.4058],[-113.2571,38.4845],[-113.2221,38.5632],[-113.187,38.6419],[-113.1764,38.6656],[-113.1412,38.7443],[-113.106,38.823],[-113.0706,38.9016],[-113.0351,38.9803],[-112.9996,39.0589],[-112.964,39.1375],[-112.9284,39.2161],[-112.8926,39.2947],[-112.8568,39.3733],[-112.8208,39.4519],[-112.7848,39.5304],[-112.7488,39.609],[-112.7126,39.6875],[-112.6763,39.7661],[-112.64,39.8446],[-112.6036,39.9231],[-112.5833,39.9667],[-112.5802,40.05],[-112.577,40.1333],[-112.5739,40.2166],[-112.5707,40.2999],[-112.5675,40.3831],[-112.5644,40.4664],[-112.5612,40.5497],[-112.558,40.633],[-112.5548,40.7163],[-112.5515,40.7996],[-112.5483,40.8829],[-112.5451,40.9662],[-112.5418,41.0495],[-112.5386,41.1328],[-112.5353,41.2161],[-112.5333,41.2667],[-112.5325,41.35],[-112.5316,41.4333],[-112.5308,41.5167],[-112.5299,41.6],[-112.5291,41.6833],[-112.5282,41.7666],[-112.5273,41.85],[-112.5265,41.9333],[-112.5261,41.9725],[-112.5314,42.0557],[-112.5367,42.1389],[-112.542,42.2222],[-112.5473,42.3054],[-112.5527,42.3886],[-112.558,42.4719],[-112.5634,42.5551],[-112.5688,42.6383],[-112.5742,42.7216],[-112.5796,42.8048],[-112.5851,42.888],[-112.5905,42.9713],[-112.596,43.0545],[-112.6015,43.1378],[-112.607,43.221],[-112.6125,43.3042],[-112.618,43.3875],[-112.6235,43.4707],[-112.6291,43.5539],[-112.6347,43.6371],[-112.6402,43.7204],[-112.6458,43.8036],[-112.6515,43.8868],[-112.6571,43.9701],[-112.6627,44.0533],[-112.6684,44.1365],[-112.6741,44.2198],[-112.6798,44.303],[-112.6855,44.3862],[-112.6912,44.4695],[-112.697,44.5527],[-112.7027,44.6359],[-112.7085,44.7191],[-112.7143,44.8024],[-112.7201,44.8856],[-112.7259,44.9688],[-112.7318,45.0521],[-112.7377,45.1353],[-112.7435,45.2185],[-112.7494,45.3017],[-112.7496,45.3035],[-112.7547,45.3867],[-112.7599,45.47],[-112.7651,45.5532],[-112.7703,45.6365],[-112.7756,45.7197],[-112.7808,45.803],[-112.7861,45.8862],[-112.7914,45.9695],[-112.7967,46.0527],[-112.802,46.136],[-112.8073,46.2192],[-112.8127,46.3025],[-112.818,46.3857],[-112.8234,46.469],[-112.8288,46.5522],[-112.8342,46.6355],[-112.8396,46.7187],[-112.8451,46.802],[-112.8506,46.8852],[-112.856,46.9685],[-112.8615,47.0517],[-112.867,47.1349],[-112.8726,47.2182],[-112.8781,47.3014],[-112.881,47.3442],[-112.8782,47.4275],[-112.8753,47.5108],[-112.8725,47.5941],[-112.8696,47.6774],[-112.8668,47.7607],[-112.8639,47.844],[-112.861,47.9273],[-112.8581,48.0106],[-112.8553,48.0939],[-112.8523,48.1773],[-112.8494,48.2606],[-112.8465,48.3439],[-112.8436,48.4272],[-112.8406,48.5105],[-112.8377,48.5938],[-112.8347,48.6771],[-112.8318,48.7604],[-112.8288,48.8437],[-112.8258,48.927],[-112.8232,48.9985],[-112.8147,49.2414],[-112.8871,49.4356],[-112.9174,49.5165],[-112.9479,49.5975],[-112.9784,49.6784],[-113.0091,49.7594],[-113.0398,49.8403],[-113.0707,49.9212],[-113.1016,50.0021],[-113.1327,50.083],[-113.1639,50.1639],[-113.1951,50.2448],[-113.2265,50.3257],[-113.258,50.4066],[-113.2896,50.4874],[-113.3213,50.5683],[-113.3531,50.6491],[-113.372,50.697]]}},{"type":"Feature","properties":{"ident":"Q844","type":"RNAV","run":1},"geometry":{"type":"LineString","coordinates":[[-76.2046,43.1605],[-76.192,43.2434],[-76.1794,43.3262],[-76.1667,43.409],[-76.154,43.4918],[-76.1413,43.5746],[-76.1286,43.6575],[-76.1158,43.7403],[-76.103,43.8231],[-76.0901,43.9059],[-76.0772,43.9887],[-76.0643,44.0715],[-76.0513,44.1543],[-76.0383,44.2371],[-76.0253,44.3199],[-76.0222,44.3393],[-76.013,44.4223],[-76.0038,44.5054],[-75.9945,44.5885],[-75.9852,44.6715],[-75.9817,44.7033],[-75.9233,44.7756],[-75.8649,44.8479],[-75.8062,44.9202],[-75.7475,44.9924],[-75.7467,44.9933]]}},{"type":"Feature","properties":{"ident":"Q845","type":"RNAV","run":1},"geometry":{"type":"LineString","coordinates":[[-98.7237,50.4224],[-98.6081,50.3835],[-98.4926,50.3445],[-98.3773,50.3054],[-98.2623,50.2662],[-98.1474,50.2269],[-98.0327,50.1874],[-97.9182,50.1479],[-97.8039,50.1082],[-97.6897,50.0684],[-97.5758,50.0285],[-97.4621,49.9885],[-97.3485,49.9484],[-97.2399,49.9099],[-97.1105,49.9114],[-96.9811,49.9128],[-96.8518,49.914],[-96.7224,49.9151],[-96.593,49.916],[-96.4635,49.9168],[-96.3341,49.9174],[-96.2047,49.9179],[-96.0753,49.9183],[-95.9459,49.9185],[-95.8165,49.9185],[-95.687,49.9185],[-95.5576,49.9182],[-95.4282,49.9179],[-95.2988,49.9173],[-95.1694,49.9167],[-95.04,49.9159],[-94.9182,49.915],[-94.789,49.9112],[-94.6597,49.9072],[-94.5305,49.9031],[-94.4013,49.8989],[-94.2721,49.8945],[-94.1429,49.8899],[-94.0138,49.8853],[-93.8847,49.8804],[-93.7556,49.8755],[-93.6266,49.8704],[-93.4975,49.8651],[-93.3685,49.8597],[-93.2396,49.8542],[-93.1106,49.8485],[-92.9817,49.8427],[-92.8529,49.8367],[-92.7437,49.8315]]}},{"type":"Feature","properties":{"ident":"Q846","type":"RNAV","run":1},"geometry":{"type":"LineString","coordinates":[[-67.0,44.4167],[-66.8882,44.393],[-66.7764,44.3693],[-66.6647,44.3454],[-66.6435,44.3409],[-66.5301,44.3601],[-66.4167,44.3793],[-66.3032,44.3983],[-66.1896,44.4172],[-66.0759,44.4361],[-65.9621,44.4548],[-65.8483,44.4733],[-65.7344,44.4918],[-65.6205,44.5102],[-65.5064,44.5284],[-65.3923,44.5465],[-65.2781,44.5645],[-65.1639,44.5825],[-65.0496,44.6002],[-64.9352,44.6179],[-64.8207,44.6355],[-64.7062,44.6529],[-64.5916,44.6703],[-64.4769,44.6875],[-64.3622,44.7046],[-64.2474,44.7216],[-64.1656,44.7336],[-64.055,44.7614],[-63.9443,44.7892],[-63.8335,44.8168],[-63.7226,44.8443],[-63.6116,44.8717],[-63.5004,44.899],[-63.4018,44.9231],[-63.2961,44.9591],[-63.1898,44.995],[-63.0833,45.0308],[-62.9768,45.0665],[-62.9479,45.0762]]}},{"type":"Feature","properties":{"ident":"Q848","type":"RNAV","run":1},"geometry":{"type":"LineString","coordinates":[[-84.9388,43.4501],[-84.8255,43.4632],[-84.712,43.4762],[-84.5986,43.489],[-84.4851,43.5018],[-84.3715,43.5144],[-84.2579,43.527],[-84.1442,43.5394],[-84.0305,43.5517],[-83.9168,43.5639],[-83.803,43.576],[-83.6891,43.588],[-83.5753,43.5998],[-83.4613,43.6116],[-83.3473,43.6232],[-83.2333,43.6347],[-83.1193,43.6461],[-83.0052,43.6574],[-82.891,43.6686],[-82.8161,43.6758],[-82.7015,43.6842],[-82.5868,43.6924],[-82.4721,43.7005],[-82.3574,43.7085],[-82.2426,43.7164],[-82.1517,43.7226],[-82.1444,43.7231],[-82.105,43.7363],[-82.0003,43.7713],[-81.8956,43.8063],[-81.7906,43.8411],[-81.6856,43.8758],[-81.5804,43.9105],[-81.4751,43.945],[-81.3697,43.9795],[-81.2642,44.0138],[-81.1585,44.0481],[-81.0527,44.0822],[-80.9468,44.1163],[-80.8408,44.1503],[-80.7347,44.1841],[-80.6284,44.2179],[-80.522,44.2516],[-80.4155,44.2851],[-80.3089,44.3186],[-80.2021,44.352],[-80.0953,44.3853],[-79.9883,44.4184],[-79.8812,44.4515],[-79.7739,44.4845],[-79.6666,44.5173],[-79.5591,44.5501],[-79.4515,44.5828],[-79.3438,44.6154],[-79.2359,44.6478],[-79.1279,44.6802],[-79.0199,44.7125],[-78.9117,44.7446],[-78.8033,44.7767],[-78.7701,44.7853],[-78.6597,44.8137],[-78.5492,44.8421],[-78.4386,44.8703],[-78.3279,44.8984],[-78.2171,44.9264],[-78.1061,44.9543],[-77.9951,44.9821],[-77.884,45.0098],[-77.7727,45.0374],[-77.6614,45.0649],[-77.5499,45.0923],[-77.4383,45.1195],[-77.3267,45.1467],[-77.2149,45.1737],[-77.103,45.2006],[-76.991,45.2275],[-76.8789,45.2542],[-76.7964,45.2737],[-76.6841,45.3003],[-76.5718,45.3267],[-76.4593,45.353],[-76.3467,45.3792],[-76.246,45.4022],[-76.1818,45.4266],[-76.0773,45.4662],[-75.9726,45.5056],[-75.8677,45.545],[-75.7628,45.5842],[-75.6576,45.6234],[-75.5523,45.6625],[-75.4469,45.7014],[-75.3413,45.7403],[-75.2356,45.7791],[-75.1298,45.8178],[-75.0237,45.8563],[-74.9176,45.8948],[-74.8162,45.9314],[-74.7097,45.9697],[-74.6031,46.0079],[-74.4964,46.046],[-74.4875,46.0492],[-74.3806,46.0872],[-74.2735,46.125],[-74.1663,46.1628],[-74.059,46.2005],[-73.9515,46.2381],[-73.9197,46.2492],[-73.812,46.2866],[-73.7042,46.324],[-73.5962,46.3612],[-73.4881,46.3983],[-73.3798,46.4354],[-73.2714,46.4723],[-73.1628,46.5092],[-73.0541,46.5459],[-72.9452,46.5825],[-72.8362,46.619],[-72.7271,46.6555],[-72.6177,46.6918],[-72.5083,46.728],[-72.3987,46.7641],[-72.289,46.8001]]}},{"type":"Feature","properties":{"ident":"Q85","type":"RNAV","run":1},"geometry":{"type":"LineString","coordinates":[[-81.2812,30.6026],[-81.2814,30.6859],[-81.2816,30.7692],[-81.2818,30.8525],[-81.282,30.9359],[-81.2822,31.0192],[-81.2824,31.1025],[-81.2826,31.1833],[-81.2386,31.2577],[-81.1945,31.332],[-81.1649,31.3817],[-81.1197,31.4555],[-81.0745,31.5294],[-81.0396,31.5862],[-80.9916,31.6589],[-80.9435,31.7315],[-80.8954,31.8041],[-80.8472,31.8766],[-80.7989,31.9492],[-80.7506,32.0217],[-80.7022,32.0942],[-80.6536,32.1667],[-80.6051,32.2392],[-80.5564,32.3117],[-80.5077,32.3841],[-80.4588,32.4566],[-80.4099,32.529],[-80.3767,32.5782],[-80.3212,32.6472],[-80.2657,32.7162],[-80.2101,32.7852],[-80.1545,32.8541],[-80.0987,32.923],[-80.0428,32.9919],[-79.9869,33.0608],[-79.9309,33.1297],[-79.8748,33.1985],[-79.8185,33.2673],[-79.7623,33.3361],[-79.7454,33.3566],[-79.689,33.4254],[-79.6325,33.4941],[-79.5758,33.5628],[-79.5192,33.6314],[-79.4624,33.7],[-79.4055,33.7687],[-79.3485,33.8372],[-79.2915,33.9058],[-79.2343,33.9743],[-79.1854,34.0328],[-79.1281,34.1013],[-79.0708,34.1698],[-79.0133,34.2382],[-78.9951,34.2598],[-78.9375,34.3283],[-78.8798,34.3966],[-78.8422,34.4412],[-78.7811,34.5076],[-78.7811,34.5076],[-78.7198,34.5739],[-78.6584,34.6402],[-78.597,34.7064],[-78.5354,34.7726],[-78.4737,34.8388],[-78.4119,34.905],[-78.3501,34.9711],[-78.3309,34.9916],[-78.2689,35.0577],[-78.2068,35.1237],[-78.1446,35.1897],[-78.0823,35.2557],[-78.0199,35.3217],[-77.9574,35.3876],[-77.8948,35.4535],[-77.8321,35.5193],[-77.7693,35.5852],[-77.7064,35.6509],[-77.6434,35.7167],[-77.5802,35.7824],[-77.517,35.8481],[-77.4537,35.9138],[-77.3903,35.9794],[-77.3267,36.045],[-77.3255,36.0463],[-77.2733,36.1182],[-77.221,36.19],[-77.1686,36.2618],[-77.1161,36.3336],[-77.0635,36.4054],[-77.0109,36.4771],[-76.9581,36.5489],[-76.9052,36.6206],[-76.8522,36.6922],[-76.7992,36.7639],[-76.746,36.8355],[-76.6927,36.9071],[-76.6393,36.9787],[-76.5859,37.0503],[-76.5323,37.1218],[-76.4786,37.1933],[-76.4249,37.2648],[-76.371,37.3363],[-76.317,37.4077],[-76.2629,37.4791],[-76.2087,37.5505],[-76.166,37.6067]]}},{"type":"Feature","properties":{"ident":"Q850","type":"RNAV","run":1},"geometry":{"type":"LineString","coordinates":[[-71.5822,45.1428],[-71.5318,45.2182],[-71.4812,45.2935],[-71.4305,45.3688],[-71.3797,45.4441],[-71.3336,45.5122],[-71.2825,45.5875],[-71.2313,45.6627],[-71.1799,45.7379],[-71.1284,45.8131],[-71.0768,45.8883],[-71.025,45.9634],[-70.9731,46.0386],[-70.921,46.1137],[-70.8872,46.1623],[-70.8296,46.2354],[-70.7717,46.3085],[-70.7138,46.3816],[-70.6556,46.4547],[-70.5974,46.5277],[-70.5389,46.6007],[-70.4803,46.6737],[-70.4216,46.7466],[-70.3626,46.8195],[-70.3036,46.8924],[-70.2443,46.9653],[-70.1849,47.0381],[-70.1254,47.1109],[-70.0656,47.1836],[-70.0057,47.2564],[-69.9457,47.3291],[-69.8855,47.4017],[-69.8251,47.4744],[-69.7645,47.547],[-69.7038,47.6195],[-69.6429,47.6921],[-69.5887,47.7565],[-69.4986,47.8137],[-69.4083,47.8709],[-69.3178,47.9281],[-69.2271,47.9851],[-69.1362,48.0421],[-69.0451,48.099],[-68.9538,48.1558],[-68.8623,48.2126],[-68.7706,48.2693],[-68.6786,48.3259],[-68.5865,48.3824],[-68.4942,48.4389],[-68.4017,48.4953],[-68.3089,48.5516],[-68.216,48.6078],[-68.2089,48.6121]]}},{"type":"Feature","properties":{"ident":"Q852","type":"RNAV","run":1},"geometry":{"type":"LineString","coordinates":[[-72.289,46.8001],[-72.3926,46.7564],[-72.4961,46.7127],[-72.5994,46.6689],[-72.7025,46.6249],[-72.8055,46.5809],[-72.9083,46.5368],[-73.011,46.4926],[-73.1134,46.4483],[-73.2157,46.4039],[-73.3179,46.3594],[-73.3381,46.3506],[-73.4342,46.3002],[-73.5302,46.2498],[-73.6261,46.1994],[-73.7217,46.1488],[-73.8172,46.0982],[-73.9108,46.0483],[-74.0059,45.9975],[-74.1009,45.9466],[-74.1956,45.8956],[-74.2902,45.8446],[-74.3494,45.8125],[-74.4437,45.7613],[-74.5378,45.71],[-74.6317,45.6587],[-74.7255,45.6072],[-74.8191,45.5557],[-74.9125,45.5041],[-75.0057,45.4524],[-75.0436,45.4314],[-75.1372,45.3801],[-75.2306,45.3288],[-75.3238,45.2774],[-75.3596,45.2576]]}},{"type":"Feature","properties":{"ident":"Q855","type":"RNAV","run":1},"geometry":{"type":"LineString","coordinates":[[-102.1062,48.9989],[-102.0005,49.0452],[-101.8947,49.0914],[-101.7886,49.1375],[-101.6824,49.1835],[-101.5759,49.2294],[-101.4693,49.2752],[-101.3624,49.3209],[-101.2554,49.3665],[-101.1481,49.412],[-101.0407,49.4575],[-100.933,49.5028],[-100.8252,49.548],[-100.7172,49.5931],[-100.6089,49.6381],[-100.5005,49.683],[-100.3919,49.7278],[-100.283,49.7725],[-100.174,49.8171],[-100.0647,49.8616],[-99.9553,49.906],[-99.9457,49.9099]]}},{"type":"Feature","properties":{"ident":"Q858","type":"RNAV","run":1},"geometry":{"type":"LineString","coordinates":[[-66.4669,46.2192],[-66.3468,46.2248],[-66.2266,46.2304],[-66.1064,46.2358],[-65.9861,46.2411],[-65.8659,46.2463],[-65.7456,46.2513],[-65.6253,46.2562],[-65.505,46.261],[-65.3846,46.2657],[-65.2643,46.2702],[-65.1588,46.2741],[-65.0383,46.2765],[-64.9178,46.2787],[-64.7972,46.2809],[-64.6767,46.2829],[-64.5562,46.2848],[-64.4356,46.2866],[-64.315,46.2882],[-64.1945,46.2897],[-64.0739,46.2911],[-63.9533,46.2924],[-63.8327,46.2935],[-63.7121,46.2945],[-63.5915,46.2954],[-63.4709,46.2962],[-63.3503,46.2968],[-63.2297,46.2973],[-63.1197,46.2976],[-62.9992,46.2935],[-62.8788,46.2893],[-62.7584,46.2849],[-62.638,46.2804],[-62.5176,46.2758],[-62.3972,46.2711],[-62.2769,46.2662],[-62.1566,46.2612],[-62.0363,46.2561],[-61.916,46.2508],[-61.7958,46.2454],[-61.6755,46.2399],[-61.5553,46.2343],[-61.4352,46.2286],[-61.315,46.2227],[-61.1949,46.2167],[-61.0748,46.2105],[-60.9547,46.2043],[-60.8347,46.1979],[-60.7147,46.1914],[-60.5947,46.1848],[-60.4747,46.178],[-60.3548,46.1711],[-60.2349,46.1641],[-60.115,46.157],[-60.0558,46.1534]]}},{"type":"Feature","properties":{"ident":"Q86","type":"RNAV","run":1},"geometry":{"type":"LineString","coordinates":[[-114.3847,34.6338],[-114.2991,34.6783],[-114.2134,34.7228],[-114.1276,34.7672],[-114.0417,34.8115],[-113.9557,34.8558],[-113.9328,34.8676],[-113.8454,34.91],[-113.7579,34.9524],[-113.6703,34.9948],[-113.5827,35.0371],[-113.4949,35.0793],[-113.407,35.1214],[-113.3191,35.1635],[-113.231,35.2056],[-113.1619,35.2385],[-113.0737,35.2804],[-112.9854,35.3222],[-112.897,35.364],[-112.8085,35.4057],[-112.72,35.4474],[-112.6313,35.489],[-112.5425,35.5305],[-112.4537,35.572],[-112.3833,35.6047],[-112.2947,35.6465],[-112.2059,35.6883],[-112.117,35.7299],[-112.1087,35.7338],[-112.0191,35.7744],[-111.9294,35.815],[-111.878,35.8382]]}},{"type":"Feature","properties":{"ident":"Q864","type":"RNAV","run":1},"geometry":{"type":"LineString","coordinates":[[-70.8033,45.6803],[-70.6005,45.7032],[-70.3975,45.7258],[-70.2795,45.7385],[-70.1615,45.7511],[-70.0434,45.7636],[-69.9252,45.7759],[-69.807,45.7882],[-69.6888,45.8003],[-69.5705,45.8123],[-69.4522,45.8242],[-69.3338,45.8359],[-69.2153,45.8476],[-69.0968,45.8591],[-68.9783,45.8705],[-68.8597,45.8817],[-68.7411,45.8929],[-68.6224,45.9039],[-68.5036,45.9148],[-68.3849,45.9256],[-68.266,45.9362],[-68.1472,45.9468],[-68.0282,45.9572],[-67.9093,45.9674],[-67.7903,45.9776],[-67.7812,45.9784],[-67.6155,45.9923],[-67.4498,46.0061],[-67.2839,46.0195],[-67.118,46.0328],[-66.952,46.0458],[-66.786,46.0585],[-66.6198,46.0711],[-66.4536,46.0833]]}},{"type":"Feature","properties":{"ident":"Q87","type":"RNAV","run":1},"geometry":{"type":"LineString","coordinates":[[-81.1483,24.5899],[-81.1396,24.6729],[-81.1308,24.7558],[-81.1221,24.8388],[-81.1133,24.9217],[-81.1045,25.0047],[-81.0957,25.0876],[-81.0881,25.1591],[-81.0793,25.2421],[-81.0704,25.325],[-81.0616,25.408],[-81.0527,25.4909],[-81.0439,25.5739],[-81.035,25.6568],[-81.0261,25.7398],[-81.0226,25.7717],[-81.0137,25.8546],[-81.0048,25.9376],[-80.9959,26.0205],[-80.9869,26.1034],[-80.978,26.1864],[-80.969,26.2693],[-80.96,26.3523],[-80.9532,26.4151],[-80.9442,26.498],[-80.9352,26.581],[-80.9262,26.6639],[-80.9172,26.7468],[-80.9081,26.8298],[-80.8991,26.9127],[-80.89,26.9957],[-80.8809,27.0786],[-80.8718,27.1615],[-80.8627,27.2445],[-80.8546,27.3183],[-80.8702,27.4004],[-80.8857,27.4826],[-80.9013,27.5648],[-80.9169,27.647],[-80.9326,27.7291],[-80.9482,27.8113],[-80.9512,27.8268],[-80.9671,27.909],[-80.983,27.9911],[-80.999,28.0732],[-81.015,28.1554],[-81.031,28.2375],[-81.047,28.3196],[-81.0558,28.3649],[-81.0894,28.4428],[-81.1231,28.5207],[-81.1568,28.5986],[-81.1905,28.6765],[-81.2243,28.7544],[-81.2581,28.8323],[-81.292,28.9101],[-81.2945,28.9157],[-81.3011,28.9989],[-81.3077,29.082],[-81.3143,29.1651],[-81.3209,29.2483],[-81.3231,29.2761],[-81.328,29.3593],[-81.3329,29.4425],[-81.3378,29.5257],[-81.3427,29.609],[-81.3477,29.6922],[-81.3526,29.7754],[-81.3575,29.8586],[-81.3625,29.9418],[-81.3674,30.0251],[-81.3724,30.1083],[-81.374,30.1346],[-81.3789,30.2178],[-81.3839,30.301],[-81.3889,30.3842],[-81.3934,30.4588],[-81.3978,30.542],[-81.4022,30.6253],[-81.4066,30.7085],[-81.411,30.7917],[-81.4154,30.875],[-81.4199,30.9582],[-81.4243,31.0415],[-81.4288,31.1247],[-81.4332,31.208],[-81.4356,31.2523],[-81.3947,31.3279],[-81.3537,31.4035],[-81.3126,31.4791],[-81.2715,31.5547],[-81.2303,31.6303],[-81.2022,31.6818],[-81.1609,31.7573],[-81.1195,31.8329],[-81.0781,31.9084],[-81.0366,31.9839],[-81.0283,31.9989],[-80.9862,32.0743],[-80.9441,32.1495],[-80.9019,32.2248],[-80.8596,32.3001],[-80.8172,32.3753],[-80.7748,32.4506],[-80.7323,32.5258],[-80.6897,32.601],[-80.647,32.6762],[-80.6272,32.7111],[-80.583,32.7857],[-80.5387,32.8602],[-80.4943,32.9348],[-80.4499,33.0093],[-80.4054,33.0838],[-80.3608,33.1583],[-80.3161,33.2328],[-80.2713,33.3072],[-80.2265,33.3817],[-80.1816,33.4561],[-80.1366,33.5305],[-80.0916,33.6049],[-80.0669,33.6456],[-80.0217,33.72],[-79.9765,33.7943],[-79.9312,33.8687],[-79.8858,33.943],[-79.8403,34.0173],[-79.7947,34.0916],[-79.7491,34.1659],[-79.7467,34.1697],[-79.701,34.244],[-79.6552,34.3182],[-79.619,34.3768],[-79.573,34.451],[-79.527,34.5252],[-79.511,34.551],[-79.462,34.6239],[-79.4129,34.6968],[-79.4102,34.7008],[-79.3609,34.7737],[-79.3116,34.8465],[-79.2621,34.9193],[-79.2126,34.992],[-79.163,35.0648],[-79.1133,35.1375],[-79.0635,35.2103],[-79.0137,35.283],[-78.9637,35.3556],[-78.9136,35.4283],[-78.9134,35.4287],[-78.8632,35.5013],[-78.813,35.574],[-78.7891,35.6084],[-78.7387,35.681],[-78.6883,35.7536],[-78.6377,35.8261],[-78.587,35.8986],[-78.5363,35.9711],[-78.4855,36.0436],[-78.4345,36.1161],[-78.3835,36.1885],[-78.3324,36.2609],[-78.2812,36.3333],[-78.2498,36.3776],[-78.1787,36.4382],[-78.1075,36.4988],[-78.0363,36.5593],[-77.9649,36.6198],[-77.8933,36.6802],[-77.8217,36.7406],[-77.764,36.7892],[-77.6922,36.8496],[-77.6203,36.9099],[-77.5483,36.9701],[-77.4762,37.0304],[-77.4039,37.0905],[-77.3901,37.102],[-77.3178,37.1622],[-77.2453,37.2222],[-77.1727,37.2823],[-77.1,37.3423],[-77.0272,37.4023],[-76.9549,37.4616]]}},{"type":"Feature","properties":{"ident":"Q878","type":"RNAV","run":1},"geometry":{"type":"LineString","coordinates":[[-75.6794,45.7406],[-75.5743,45.78],[-75.4689,45.8194],[-75.3634,45.8587],[-75.2578,45.8979],[-75.152,45.937],[-75.0461,45.976],[-74.94,46.0148],[-74.8338,46.0536],[-74.7274,46.0923],[-74.6208,46.1309],[-74.5142,46.1694],[-74.4073,46.2078],[-74.3004,46.2461],[-74.21,46.2783],[-74.1027,46.3163],[-73.9952,46.3542],[-73.9772,46.3606],[-73.8647,46.3909],[-73.7521,46.421],[-73.6393,46.4511],[-73.5264,46.4811],[-73.4134,46.5109],[-73.3002,46.5407],[-73.187,46.5703],[-73.0736,46.5998],[-72.9601,46.6292],[-72.8465,46.6585],[-72.7327,46.6877],[-72.6188,46.7167],[-72.5048,46.7457],[-72.3907,46.7745],[-72.289,46.8001],[-72.1697,46.7834],[-72.0506,46.7666],[-71.9811,46.7567],[-71.8621,46.7396],[-71.7431,46.7224],[-71.6263,46.7053]]}},{"type":"Feature","properties":{"ident":"Q88","type":"RNAV","run":1},"geometry":{"type":"LineString","coordinates":[[-115.0797,35.5079],[-115.0037,35.5637],[-114.9275,35.6194],[-114.8653,35.6649],[-114.789,35.7206],[-114.7127,35.7764],[-114.6362,35.832],[-114.5597,35.8876],[-114.483,35.9432],[-114.4062,35.9987],[-114.3293,36.0542],[-114.2859,36.0855],[-114.2022,36.1341],[-114.1183,36.1827],[-114.0344,36.2313],[-113.9503,36.2798],[-113.8662,36.3282],[-113.7819,36.3766],[-113.6976,36.4249],[-113.6131,36.4731],[-113.5285,36.5213],[-113.4439,36.5694],[-113.3591,36.6175],[-113.3445,36.6257],[-113.2616,36.676],[-113.1786,36.7261],[-113.0955,36.7762],[-113.0123,36.8263],[-112.929,36.8763],[-112.8456,36.9262],[-112.7621,36.9761],[-112.6784,37.0259],[-112.6318,37.0536],[-112.548,37.1034],[-112.4641,37.1531],[-112.3801,37.2027],[-112.296,37.2523],[-112.2118,37.3018],[-112.1275,37.3513],[-112.0727,37.3834],[-111.9883,37.4328],[-111.9038,37.4823],[-111.8703,37.5019],[-111.7783,37.5421],[-111.6862,37.5823],[-111.594,37.6224],[-111.5017,37.6625],[-111.4093,37.7025],[-111.3169,37.7424],[-111.2243,37.7822],[-111.1316,37.822],[-111.0388,37.8617],[-110.9459,37.9013],[-110.8529,37.9408],[-110.7599,37.9803],[-110.6667,38.0197],[-110.5734,38.059],[-110.48,38.0982],[-110.3865,38.1374],[-110.2929,38.1765],[-110.1993,38.2155],[-110.1055,38.2545],[-110.0365,38.2831],[-109.942,38.3211],[-109.8474,38.3591],[-109.7527,38.3969],[-109.658,38.4347],[-109.5631,38.4725],[-109.4681,38.5101],[-109.373,38.5477],[-109.2778,38.5852],[-109.1826,38.6226],[-109.0872,38.6599],[-108.9917,38.6972],[-108.8961,38.7344],[-108.8005,38.7715],[-108.7047,38.8085],[-108.6088,38.8454],[-108.5128,38.8823],[-108.5067,38.8847],[-108.4108,38.9218],[-108.3149,38.9589],[-108.2189,38.9959],[-108.1227,39.0329],[-108.0265,39.0697],[-107.9301,39.1065],[-107.8337,39.1432],[-107.7372,39.1798],[-107.6405,39.2164],[-107.5438,39.2528],[-107.4469,39.2892],[-107.35,39.3255],[-107.253,39.3617],[-107.2044,39.3798],[-107.1153,39.4267],[-107.0261,39.4736],[-106.9367,39.5204],[-106.8473,39.5671],[-106.7577,39.6138],[-106.668,39.6604],[-106.5781,39.7069],[-106.4882,39.7534],[-106.3981,39.7998],[-106.3079,39.8461],[-106.2176,39.8924],[-106.1272,39.9386],[-106.0367,39.9847],[-105.946,40.0307],[-105.8552,40.0767],[-105.7643,40.1226],[-105.6732,40.1684],[-105.582,40.2142],[-105.4908,40.2599],[-105.3993,40.3055],[-105.3078,40.351],[-105.2161,40.3965],[-105.1244,40.4419],[-105.0324,40.4872],[-104.9404,40.5325],[-104.8483,40.5777],[-104.756,40.6228],[-104.7339,40.6336],[-104.6414,40.6785],[-104.5488,40.7234],[-104.4561,40.7682],[-104.3632,40.813],[-104.2702,40.8576],[-104.1771,40.9022],[-104.0839,40.9468],[-103.9906,40.9912],[-103.8971,41.0356],[-103.8035,41.0799],[-103.7098,41.1241],[-103.6159,41.1682],[-103.6046,41.1735],[-103.5107,41.2177],[-103.4167,41.2618],[-103.3225,41.3058],[-103.2282,41.3497],[-103.1338,41.3936],[-103.0393,41.4374],[-102.9446,41.4811],[-102.8776,41.5119],[-102.8043,41.5746],[-102.7309,41.6373],[-102.6573,41.6999],[-102.5835,41.7625],[-102.5096,41.825],[-102.4356,41.8875],[-102.3614,41.9499],[-102.2871,42.0123],[-102.2127,42.0746],[-102.138,42.1369],[-102.0633,42.1991],[-101.9884,42.2613],[-101.9133,42.3235],[-101.8381,42.3856],[-101.7641,42.4465],[-101.6886,42.5085],[-101.6129,42.5705],[-101.5372,42.6324],[-101.4612,42.6942],[-101.3851,42.756],[-101.3089,42.8177],[-101.2325,42.8794],[-101.1559,42.9411],[-101.0792,43.0027],[-101.0024,43.0642],[-100.9253,43.1257],[-100.8482,43.1872],[-100.7708,43.2485],[-100.6934,43.3099],[-100.6219,43.3663],[-100.5441,43.4275],[-100.4662,43.4887],[-100.3881,43.5498],[-100.3098,43.6109],[-100.2314,43.6719],[-100.1528,43.7329],[-100.0741,43.7938],[-99.9952,43.8546],[-99.9876,43.8605],[-99.9029,43.9171],[-99.8179,43.9737],[-99.7328,44.0303],[-99.6476,44.0867],[-99.5621,44.1432],[-99.4765,44.1995],[-99.4285,44.231],[-99.3425,44.2871],[-99.2563,44.3431],[-99.1699,44.3991],[-99.0833,44.455],[-98.9966,44.5108],[-98.9097,44.5665],[-98.8226,44.6222],[-98.7354,44.6778],[-98.648,44.7334],[-98.5604,44.7889],[-98.4727,44.8443],[-98.3848,44.8996],[-98.2967,44.9549],[-98.2085,45.0101],[-98.1201,45.0653],[-98.0315,45.1203],[-97.9428,45.1754],[-97.8539,45.2303],[-97.7648,45.2852],[-97.6755,45.34],[-97.6242,45.3714]]}},{"type":"Feature","properties":{"ident":"Q883","type":"RNAV","run":1},"geometry":{"type":"LineString","coordinates":[[-77.8203,48.1753],[-77.8162,48.2586],[-77.812,48.3418],[-77.8079,48.4251],[-77.8038,48.5084],[-77.7996,48.5917],[-77.7954,48.675],[-77.7912,48.7583],[-77.787,48.8416],[-77.7828,48.9248],[-77.7786,49.0081],[-77.7752,49.0741]]}},{"type":"Feature","properties":{"ident":"Q888","type":"RNAV","run":1},"geometry":{"type":"LineString","coordinates":[[-122.0452,49.5224],[-121.9181,49.5345],[-121.791,49.5464],[-121.6639,49.5583],[-121.5367,49.57],[-121.4094,49.5815],[-121.2821,49.5929],[-121.1547,49.6042],[-121.0273,49.6153],[-120.8998,49.6263],[-120.7722,49.6372],[-120.6446,49.6479],[-120.5169,49.6584],[-120.3892,49.6689],[-120.2614,49.6792],[-120.1336,49.6893],[-120.0057,49.6993],[-119.8777,49.7092],[-119.7497,49.7189],[-119.6217,49.7285],[-119.4936,49.7379],[-119.3655,49.7472],[-119.2373,49.7564],[-119.109,49.7654],[-118.9807,49.7743],[-118.8524,49.783],[-118.724,49.7916],[-118.5956,49.8001],[-118.4671,49.8084],[-118.3386,49.8165],[-118.2101,49.8246],[-118.0815,49.8324],[-117.9528,49.8402],[-117.8241,49.8478],[-117.6954,49.8552],[-117.5667,49.8625],[-117.4379,49.8697],[-117.309,49.8767],[-117.1801,49.8836],[-117.0512,49.8904],[-116.9223,49.897],[-116.7933,49.9034],[-116.6643,49.9097],[-116.5352,49.9159],[-116.4062,49.9219],[-116.277,49.9278],[-116.1479,49.9336],[-116.0187,49.9392],[-115.8895,49.9446],[-115.7603,49.9499],[-115.631,49.9551],[-115.5017,49.9601],[-115.3724,49.965],[-115.2431,49.9697],[-115.1137,49.9743],[-114.9843,49.9788],[-114.8549,49.9831],[-114.7255,49.9872],[-114.596,49.9912],[-114.4665,49.9951],[-114.337,49.9988],[-114.2075,50.0024],[-114.078,50.0059],[-113.9484,50.0092],[-113.8188,50.0123],[-113.6893,50.0153],[-113.5596,50.0182],[-113.43,50.0209],[-113.3004,50.0235],[-113.1707,50.0259],[-113.0411,50.0282],[-112.9114,50.0303],[-112.7817,50.0323],[-112.652,50.0342],[-112.5223,50.0359],[-112.3926,50.0374],[-112.2629,50.0388],[-112.1331,50.0401],[-112.0034,50.0412],[-111.8737,50.0422],[-111.7439,50.0431],[-111.6142,50.0438],[-111.4844,50.0443],[-111.3547,50.0447],[-111.2249,50.045],[-111.192,50.045],[-111.0622,50.045],[-110.9324,50.0449],[-110.8027,50.0446],[-110.6729,50.0441],[-110.6167,50.0439]]}},{"type":"Feature","properties":{"ident":"Q89","type":"RNAV","run":1},"geometry":{"type":"LineString","coordinates":[[-80.4066,28.7073],[-80.4857,28.7535],[-80.5648,28.7996],[-80.6441,28.8457],[-80.6742,28.8632],[-80.7101,28.9404],[-80.746,29.0176],[-80.782,29.0947],[-80.818,29.1719],[-80.8542,29.249],[-80.8903,29.3262],[-80.9265,29.4033],[-80.9628,29.4804],[-80.9991,29.5575],[-81.0355,29.6346],[-81.072,29.7117],[-81.1084,29.7887],[-81.1224,29.8182],[-81.1769,29.8869],[-81.2314,29.9556],[-81.286,30.0242],[-81.3406,30.0928],[-81.374,30.1346],[-81.4287,30.2031],[-81.4836,30.2717],[-81.5385,30.3402],[-81.5936,30.4087],[-81.6486,30.4771],[-81.7038,30.5456],[-81.7591,30.614],[-81.7664,30.6231],[-81.8266,30.6884],[-81.8869,30.7536],[-81.9473,30.8189],[-82.0078,30.8841],[-82.0683,30.9492],[-82.129,31.0143],[-82.1897,31.0794],[-82.2505,31.1445],[-82.3113,31.2096],[-82.3723,31.2746],[-82.4333,31.3396],[-82.4945,31.4045],[-82.5557,31.4695],[-82.617,31.5344],[-82.6784,31.5993],[-82.7398,31.6641],[-82.8014,31.7289],[-82.8591,31.7896],[-82.9159,31.8575],[-82.9727,31.9254],[-83.0297,31.9933],[-83.0867,32.0612],[-83.1438,32.129],[-83.201,32.1968],[-83.2583,32.2646],[-83.3157,32.3324],[-83.3732,32.4001],[-83.4307,32.4678],[-83.4883,32.5355],[-83.5461,32.6032],[-83.6039,32.6708],[-83.6618,32.7384],[-83.7197,32.806],[-83.7778,32.8735],[-83.836,32.9411],[-83.8942,33.0086],[-83.9526,33.076],[-84.011,33.1435],[-84.0695,33.2109],[-84.0941,33.2392],[-84.1157,33.3206],[-84.1374,33.4019],[-84.1591,33.4832],[-84.1809,33.5646],[-84.2027,33.6459],[-84.2245,33.7272],[-84.2464,33.8085],[-84.2683,33.8899],[-84.2903,33.9712],[-84.2943,33.9863],[-84.2822,34.069],[-84.27,34.1517],[-84.2579,34.2344],[-84.2457,34.3171],[-84.2334,34.3999],[-84.2212,34.4826],[-84.2089,34.5653],[-84.1966,34.648],[-84.1843,34.7307],[-84.1719,34.8134],[-84.1595,34.8961],[-84.1471,34.9788],[-84.1347,35.0615],[-84.1223,35.1442],[-84.1098,35.2269],[-84.0973,35.3097],[-84.0847,35.3924],[-84.0722,35.4751],[-84.0596,35.5577],[-84.047,35.6404],[-84.0344,35.7231],[-84.0217,35.8058],[-84.009,35.8885],[-84.0055,35.9116]]}},{"type":"Feature","properties":{"ident":"Q890","type":"RNAV","run":1},"geometry":{"type":"LineString","coordinates":[[-114.7264,49.6953],[-114.687,49.7746],[-114.6474,49.854],[-114.6078,49.9333],[-114.568,50.0126],[-114.528,50.0919],[-114.528,50.092]]}},{"type":"Feature","properties":{"ident":"Q896","type":"RNAV","run":1},"geometry":{"type":"LineString","coordinates":[[-112.6678,49.6344],[-112.5925,49.702],[-112.5171,49.7696],[-112.4414,49.8371],[-112.3655,49.9046],[-112.2894,49.972],[-112.2131,50.0394],[-112.1366,50.1067],[-112.0599,50.1739],[-111.9829,50.2412],[-111.9057,50.3083],[-111.8283,50.3754],[-111.7507,50.4425],[-111.6729,50.5095],[-111.5949,50.5765],[-111.5166,50.6434],[-111.4381,50.7102],[-111.3594,50.777],[-111.2804,50.8438],[-111.2013,50.9105],[-111.1219,50.9771],[-111.0422,51.0437],[-110.9624,51.1103],[-110.8823,51.1767],[-110.802,51.2432],[-110.7214,51.3095],[-110.6406,51.3758],[-110.5596,51.4421],[-110.4784,51.5083],[-110.3969,51.5744],[-110.3152,51.6405],[-110.2332,51.7066],[-110.151,51.7725],[-110.0685,51.8385],[-110.0,51.8931]]}},{"type":"Feature","properties":{"ident":"Q9","type":"RNAV","run":1},"geometry":{"type":"LineString","coordinates":[[-121.9883,46.6179],[-121.9683,46.5357],[-121.9484,46.4535],[-121.9285,46.3713],[-121.9087,46.2891],[-121.889,46.2069],[-121.8693,46.1247],[-121.8496,46.0425],[-121.8301,45.9603],[-121.8105,45.878],[-121.7911,45.7958],[-121.7717,45.7136],[-121.7523,45.6314],[-121.733,45.5491],[-121.7138,45.4669],[-121.6946,45.3847],[-121.6755,45.3024],[-121.6564,45.2202],[-121.6374,45.1379],[-121.6185,45.0557],[-121.5995,44.9735],[-121.5807,44.8912],[-121.5619,44.8089],[-121.5432,44.7267],[-121.5245,44.6444],[-121.5058,44.5621],[-121.4872,44.4799],[-121.4687,44.3976],[-121.4502,44.3153],[-121.4318,44.233],[-121.4134,44.1508],[-121.3951,44.0685],[-121.3768,43.9862],[-121.3586,43.9039],[-121.3458,43.8461],[-121.3276,43.7638],[-121.3093,43.6816],[-121.2912,43.5993],[-121.273,43.517],[-121.255,43.4347],[-121.2369,43.3524],[-121.2189,43.2701],[-121.201,43.1878],[-121.1831,43.1055],[-121.1653,43.0232],[-121.1475,42.9409],[-121.1459,42.9334],[-121.1282,42.8511],[-121.1105,42.7688],[-121.0928,42.6865],[-121.0752,42.6041],[-121.0577,42.5218],[-121.0402,42.4395],[-121.0227,42.3572],[-121.0053,42.2748],[-120.988,42.1925],[-120.9706,42.1102],[-120.9534,42.0278],[-120.9361,41.9455],[-120.9189,41.8631],[-120.9018,41.7808],[-120.8847,41.6985],[-120.8677,41.6161],[-120.8506,41.5337],[-120.8337,41.4514],[-120.8167,41.369],[-120.7999,41.2867],[-120.783,41.2043],[-120.7662,41.1219],[-120.7495,41.0396],[-120.7422,41.0039],[-120.7224,40.9219],[-120.7025,40.84],[-120.6827,40.758],[-120.663,40.676],[-120.6433,40.594],[-120.6237,40.512],[-120.6041,40.4301],[-120.5846,40.3481],[-120.5651,40.2661],[-120.5456,40.1841],[-120.5262,40.1021],[-120.5069,40.0201],[-120.4876,39.9381],[-120.4683,39.8561],[-120.4491,39.774],[-120.4299,39.692],[-120.4108,39.61],[-120.3917,39.528],[-120.3727,39.446],[-120.3537,39.3639],[-120.3348,39.2819],[-120.3159,39.1999],[-120.297,39.1178],[-120.2782,39.0358],[-120.2595,38.9537],[-120.2407,38.8717],[-120.2221,38.7896],[-120.2034,38.7076],[-120.1848,38.6255],[-120.1663,38.5435],[-120.1478,38.4614],[-120.1293,38.3794],[-120.1109,38.2973],[-120.0965,38.2331],[-120.0784,38.151],[-120.0604,38.0689],[-120.0423,37.9868],[-120.0244,37.9046],[-120.0064,37.8225],[-119.9886,37.7404],[-119.9707,37.6583],[-119.9529,37.5762],[-119.9351,37.494],[-119.9174,37.4119],[-119.8997,37.3298],[-119.8821,37.2476],[-119.8644,37.1655],[-119.8469,37.0833],[-119.8293,37.0012],[-119.8118,36.919],[-119.7944,36.8369],[-119.7769,36.7547],[-119.7596,36.6726],[-119.7422,36.5904],[-119.7249,36.5083],[-119.7076,36.4261],[-119.6904,36.3439],[-119.6732,36.2618],[-119.656,36.1796],[-119.6389,36.0974],[-119.6218,36.0152],[-119.6147,35.9814],[-119.6178,35.8981],[-119.6209,35.8148],[-119.624,35.7315],[-119.6271,35.6482],[-119.6301,35.5649],[-119.6332,35.4816],[-119.6363,35.3983],[-119.6393,35.3151],[-119.6415,35.2559]]}},{"type":"Feature","properties":{"ident":"Q90","type":"RNAV","run":1},"geometry":{"type":"LineString","coordinates":[[-114.9046,35.0353],[-114.8109,35.068],[-114.7172,35.1007],[-114.6235,35.1332],[-114.6227,35.1335],[-114.5289,35.1662],[-114.4351,35.1988],[-114.3412,35.2313],[-114.2473,35.2638],[-114.1532,35.2962],[-114.0591,35.3285],[-113.9649,35.3608],[-113.8706,35.393],[-113.7763,35.4251],[-113.6819,35.4571],[-113.5874,35.4891],[-113.4928,35.521],[-113.3981,35.5528],[-113.3034,35.5845],[-113.2307,35.6088],[-113.1358,35.6404],[-113.0409,35.672],[-112.9459,35.7034],[-112.8508,35.7348],[-112.7557,35.7661],[-112.6604,35.7973],[-112.5651,35.8285],[-112.4698,35.8596],[-112.3743,35.8906],[-112.2788,35.9215],[-112.1832,35.9524],[-112.0875,35.9832],[-111.9917,36.0139],[-111.8959,36.0445],[-111.8127,36.071],[-111.7183,36.1045],[-111.6238,36.138],[-111.5293,36.1713],[-111.4346,36.2046],[-111.3399,36.2378],[-111.2451,36.271],[-111.1502,36.3041],[-111.0552,36.3371],[-110.9602,36.37],[-110.8651,36.4028],[-110.7698,36.4356],[-110.6746,36.4683],[-110.5792,36.5009],[-110.4837,36.5335],[-110.3914,36.5648],[-110.2958,36.5972],[-110.2001,36.6295],[-110.1043,36.6618],[-110.0085,36.6939],[-109.9126,36.726],[-109.8165,36.758],[-109.7204,36.7899],[-109.6243,36.8218],[-109.528,36.8536],[-109.4317,36.8853],[-109.3353,36.9169],[-109.2388,36.9484],[-109.1422,36.9799],[-109.0456,37.0113],[-108.9488,37.0426],[-108.8609,37.0709],[-108.764,37.1021],[-108.6671,37.1331],[-108.57,37.1641],[-108.4729,37.1951],[-108.3757,37.2259],[-108.2784,37.2566],[-108.1811,37.2873],[-108.0836,37.3179],[-107.9861,37.3484],[-107.8885,37.3789],[-107.7908,37.4092],[-107.6931,37.4395],[-107.5952,37.4697],[-107.4973,37.4998],[-107.3993,37.5298],[-107.3012,37.5598],[-107.2031,37.5896],[-107.1048,37.6194],[-107.0065,37.6491],[-106.9081,37.6788],[-106.8097,37.7083],[-106.7111,37.7378],[-106.6125,37.7671],[-106.5138,37.7964],[-106.415,37.8256],[-106.3162,37.8548],[-106.2172,37.8838],[-106.1182,37.9128],[-106.0191,37.9417],[-105.9199,37.9705],[-105.8207,37.9992],[-105.779,38.0112],[-105.6781,38.0365],[-105.5773,38.0617],[-105.4763,38.0868],[-105.3753,38.1118],[-105.2742,38.1367],[-105.1731,38.1615],[-105.0719,38.1862],[-104.9706,38.2109],[-104.8692,38.2355],[-104.7678,38.26],[-104.6663,38.2843],[-104.5647,38.3087],[-104.4631,38.3329],[-104.3614,38.357],[-104.2597,38.381],[-104.1578,38.405],[-104.0559,38.4289],[-103.954,38.4526],[-103.8519,38.4763],[-103.7498,38.4999],[-103.6477,38.5234],[-103.5454,38.5469],[-103.4431,38.5702],[-103.3408,38.5934],[-103.2383,38.6166],[-103.1358,38.6397],[-103.1021,38.6472],[-102.9995,38.6702],[-102.8968,38.693],[-102.7941,38.7158],[-102.6913,38.7385],[-102.5885,38.761],[-102.4856,38.7835],[-102.3826,38.8059],[-102.2795,38.8282],[-102.1764,38.8504],[-102.0733,38.8726],[-101.97,38.8946],[-101.8667,38.9165],[-101.7634,38.9384],[-101.6599,38.9602],[-101.5564,38.9818],[-101.4529,39.0034],[-101.3492,39.0249],[-101.2456,39.0463],[-101.1418,39.0676],[-101.038,39.0888],[-100.9341,39.1099],[-100.8302,39.131],[-100.7262,39.1519],[-100.6222,39.1727],[-100.518,39.1935],[-100.4139,39.2141],[-100.3096,39.2347],[-100.2691,39.2427],[-100.1668,39.2686],[-100.0644,39.2944],[-99.962,39.3201],[-99.8595,39.3457],[-99.7569,39.3713],[-99.6542,39.3967],[-99.5515,39.4221],[-99.4487,39.4473],[-99.3458,39.4725],[-99.2428,39.4976],[-99.1398,39.5226],[-99.0367,39.5475],[-98.9647,39.5648],[-98.8615,39.5896],[-98.7582,39.6142],[-98.6548,39.6388],[-98.5514,39.6632],[-98.4478,39.6876],[-98.3442,39.7119],[-98.2405,39.7361],[-98.1368,39.7602],[-98.033,39.7842],[-97.9291,39.8081],[-97.8251,39.8319],[-97.7211,39.8557],[-97.6586,39.8699],[-97.5544,39.8933],[-97.4501,39.9167],[-97.3457,39.9399],[-97.2413,39.9631],[-97.1368,39.9861],[-97.0323,40.0091],[-96.9276,40.032],[-96.8229,40.0548],[-96.7182,40.0774],[-96.6133,40.1],[-96.5084,40.1225],[-96.4034,40.1449],[-96.2984,40.1672],[-96.2971,40.1675],[-96.1912,40.1875],[-96.0853,40.2074],[-95.9793,40.2271],[-95.8732,40.2468],[-95.7671,40.2664],[-95.6609,40.2859],[-95.5546,40.3053],[-95.4483,40.3246],[-95.342,40.3438],[-95.2964,40.352],[-95.1899,40.371],[-95.0834,40.39],[-94.9768,40.4089],[-94.8702,40.4276],[-94.7635,40.4463],[-94.6567,40.4649],[-94.5499,40.4833],[-94.443,40.5017],[-94.3361,40.52],[-94.2291,40.5382],[-94.122,40.5563],[-94.0149,40.5742],[-93.9078,40.5921],[-93.8005,40.6099],[-93.6933,40.6276],[-93.5859,40.6452],[-93.5613,40.6492]]}},{"type":"Feature","properties":{"ident":"Q901","type":"RNAV","run":1},"geometry":{"type":"LineString","coordinates":[[-79.5847,44.0097],[-79.5466,44.0884],[-79.5083,44.1671],[-79.47,44.2458],[-79.4315,44.3244],[-79.4017,44.3853],[-79.3416,44.4567],[-79.2814,44.5282],[-79.2211,44.5995],[-79.1606,44.6709],[-79.1,44.7422],[-79.0392,44.8135],[-78.9814,44.8811],[-78.8842,44.9281],[-78.7869,44.975],[-78.6895,45.0219],[-78.5918,45.0686],[-78.494,45.1153],[-78.3961,45.1619],[-78.298,45.2084],[-78.1997,45.2548],[-78.1013,45.3011],[-78.0027,45.3474],[-77.9039,45.3935],[-77.805,45.4396],[-77.7059,45.4856],[-77.6067,45.5315],[-77.5073,45.5773],[-77.4792,45.5903]]}},{"type":"Feature","properties":{"ident":"Q902","type":"RNAV","run":1},"geometry":{"type":"LineString","coordinates":[[-125.1264,49.5914],[-125.0283,49.5413],[-124.9276,49.4896],[-124.8272,49.4378],[-124.7269,49.386],[-124.6268,49.334],[-124.527,49.282],[-124.4274,49.2299],[-124.328,49.1777],[-124.2287,49.1254],[-124.1297,49.0731],[-124.0735,49.0432],[-123.9748,48.9908],[-123.8763,48.9382],[-123.7781,48.8855],[-123.68,48.8328],[-123.5822,48.78],[-123.4845,48.7271],[-123.4222,48.6605],[-123.356,48.5896],[-123.29,48.5186],[-123.2242,48.4477],[-123.1585,48.3766],[-123.1063,48.3198],[-123.041,48.2487],[-122.976,48.1775],[-122.9111,48.1063],[-122.8463,48.0351],[-122.7818,47.9638],[-122.7174,47.8925],[-122.6532,47.8212],[-122.5892,47.7498],[-122.5254,47.6784],[-122.4617,47.607],[-122.3982,47.5355],[-122.3349,47.464],[-122.3096,47.4354]]}},{"type":"Feature","properties":{"ident":"Q903","type":"RNAV","run":1},"geometry":{"type":"LineString","coordinates":[[-73.5894,45.293],[-73.623,45.373],[-73.6567,45.4529],[-73.6904,45.5328],[-73.7243,45.6126],[-73.7583,45.6925],[-73.7923,45.7724],[-73.8265,45.8522],[-73.8608,45.9321],[-73.8951,46.0119],[-73.9108,46.0483],[-73.9285,46.1308],[-73.9461,46.2132],[-73.9515,46.2381],[-73.9688,46.3205],[-73.9772,46.3606],[-73.9949,46.443],[-74.0127,46.5254],[-74.0305,46.6078],[-74.0484,46.6903],[-74.0663,46.7727],[-74.0843,46.8551],[-74.1024,46.9375],[-74.1205,47.0199],[-74.1386,47.1023],[-74.1568,47.1847],[-74.1587,47.1932]]}},{"type":"Feature","properties":{"ident":"Q904","type":"RNAV","run":1},"geometry":{"type":"LineString","coordinates":[[-79.4242,46.3638],[-79.3236,46.3178],[-79.2231,46.2717],[-79.1229,46.2255],[-79.0227,46.1792],[-78.9228,46.1329],[-78.823,46.0864],[-78.7234,46.0399],[-78.6239,45.9932],[-78.5246,45.9465],[-78.4255,45.8997],[-78.3266,45.8529],[-78.2278,45.8059],[-78.1292,45.7588],[-78.0307,45.7117],[-77.9324,45.6645],[-77.8343,45.6172],[-77.8333,45.6167],[-77.7149,45.608],[-77.5964,45.5991],[-77.4792,45.5903],[-77.3608,45.5812],[-77.2425,45.572],[-77.1242,45.5626],[-77.0864,45.5596],[-76.9682,45.5501],[-76.85,45.5405],[-76.7318,45.5308],[-76.6137,45.5209],[-76.4957,45.511],[-76.3776,45.5009],[-76.2597,45.4906],[-76.25,45.4898]]}},{"type":"Feature","properties":{"ident":"Q905","type":"RNAV","run":1},"geometry":{"type":"LineString","coordinates":[[-82.7106,43.2621],[-82.598,43.2769],[-82.4853,43.2916],[-82.3726,43.3061],[-82.2598,43.3206],[-82.2593,43.3207],[-82.2481,43.3221],[-82.0679,43.345],[-81.8875,43.3676],[-81.707,43.3899],[-81.5264,43.4119],[-81.3456,43.4336],[-81.1647,43.455],[-80.9837,43.4762],[-80.8026,43.4971],[-80.6213,43.5176],[-80.4399,43.5379],[-80.2584,43.5579],[-80.0768,43.5777],[-79.8951,43.5971],[-79.7132,43.6162],[-79.5313,43.6351],[-79.3492,43.6536],[-79.2473,43.6926],[-79.1454,43.7315],[-79.0433,43.7703],[-78.941,43.809],[-78.8387,43.8476],[-78.7362,43.8861],[-78.6336,43.9245],[-78.5308,43.9628],[-78.4279,44.0011],[-78.3881,44.0158],[-78.2857,44.055],[-78.1833,44.0941],[-78.0807,44.133],[-77.9831,44.17],[-77.8804,44.209],[-77.7776,44.248],[-77.6746,44.2868],[-77.5731,44.325],[-77.4745,44.3695],[-77.3758,44.4139],[-77.277,44.4582],[-77.178,44.5024],[-77.0789,44.5466],[-76.9796,44.5906],[-76.8802,44.6346],[-76.7806,44.6785],[-76.6809,44.7223],[-76.581,44.766],[-76.4809,44.8096],[-76.3807,44.8532],[-76.2804,44.8966],[-76.2236,44.9211]]}},{"type":"Feature","properties":{"ident":"Q906","type":"RNAV","run":1},"geometry":{"type":"LineString","coordinates":[[-101.0911,53.9713],[-101.0164,53.9005],[-100.9421,53.8296],[-100.868,53.7587],[-100.7941,53.6878],[-100.7205,53.6168],[-100.6471,53.5457],[-100.574,53.4746],[-100.5011,53.4035],[-100.4285,53.3323],[-100.3561,53.2611],[-100.284,53.1899],[-100.2121,53.1186],[-100.1404,53.0472],[-100.069,52.9758],[-99.9978,52.9044],[-99.9268,52.8329],[-99.8561,52.7614],[-99.7856,52.6898],[-99.7153,52.6182],[-99.6453,52.5466],[-99.5755,52.4749],[-99.5059,52.4032],[-99.4365,52.3314],[-99.3674,52.2596],[-99.2985,52.1877],[-99.2298,52.1159],[-99.1613,52.0439],[-99.0931,51.972],[-99.0251,51.9],[-98.9573,51.8279],[-98.8897,51.7558],[-98.8223,51.6837],[-98.7551,51.6115],[-98.6882,51.5393],[-98.6214,51.4671],[-98.5549,51.3948],[-98.4886,51.3225],[-98.4225,51.2502],[-98.3566,51.1778],[-98.2909,51.1054],[-98.2254,51.0329],[-98.1601,50.9604],[-98.0951,50.8879],[-98.0302,50.8153],[-97.9655,50.7427],[-97.901,50.67],[-97.8368,50.5974],[-97.7727,50.5247],[-97.7088,50.4519],[-97.6451,50.3791],[-97.5816,50.3063],[-97.5183,50.2335],[-97.4552,50.1606],[-97.3923,50.0877],[-97.3296,50.0147],[-97.2671,49.9417],[-97.2399,49.9099],[-97.1111,49.9178],[-96.9822,49.9255],[-96.8533,49.933],[-96.7243,49.9404],[-96.5953,49.9477],[-96.4663,49.9548],[-96.3372,49.9618],[-96.2081,49.9687],[-96.079,49.9754],[-95.9498,49.9819],[-95.8206,49.9883],[-95.6913,49.9946],[-95.5621,50.0007],[-95.4328,50.0067],[-95.3034,50.0125],[-95.174,50.0182],[-95.0446,50.0238],[-94.9152,50.0292],[-94.7857,50.0345],[-94.6562,50.0396],[-94.5267,50.0446],[-94.3972,50.0494],[-94.2676,50.0541],[-94.138,50.0586],[-94.0084,50.063],[-93.8787,50.0673],[-93.7491,50.0714],[-93.6194,50.0753],[-93.4897,50.0792],[-93.3599,50.0828],[-93.2302,50.0864],[-93.1004,50.0898],[-92.9706,50.093],[-92.8408,50.0961],[-92.711,50.0991],[-92.5812,50.1019],[-92.4513,50.1045],[-92.3214,50.107],[-92.1916,50.1094],[-92.0617,50.1116],[-91.9318,50.1137],[-91.9055,50.1141],[-91.8189,50.052],[-91.7325,49.9899],[-91.6463,49.9277],[-91.5603,49.8654],[-91.4746,49.8031],[-91.3891,49.7407],[-91.3038,49.6782],[-91.2187,49.6157],[-91.1339,49.5531],[-91.0492,49.4904],[-90.9648,49.4277],[-90.8806,49.3649],[-90.7966,49.3021],[-90.7129,49.2392],[-90.6293,49.1762],[-90.546,49.1132],[-90.4628,49.0501],[-90.3799,48.987],[-90.2972,48.9238],[-90.2147,48.8606],[-90.1324,48.7972],[-90.0503,48.7339],[-89.9684,48.6704],[-89.8867,48.607],[-89.8052,48.5434],[-89.724,48.4798],[-89.6429,48.4161],[-89.5621,48.3524],[-89.4814,48.2887],[-89.4374,48.2538]]}},{"type":"Feature","properties":{"ident":"Q907","type":"RNAV","run":1},"geometry":{"type":"LineString","coordinates":[[-85.0333,42.3],[-84.9207,42.2974],[-84.8081,42.2946],[-84.6956,42.2918],[-84.583,42.2888],[-84.4744,42.2858],[-84.3638,42.3017],[-84.2532,42.3174],[-84.1425,42.333],[-84.0317,42.3485],[-83.9209,42.3639],[-83.81,42.3792],[-83.6991,42.3944],[-83.5939,42.4086],[-83.4882,42.4379],[-83.3824,42.467],[-83.2765,42.496],[-83.1704,42.525],[-83.0643,42.5538],[-82.9581,42.5825],[-82.8518,42.6112],[-82.7454,42.6397],[-82.6389,42.6681],[-82.5323,42.6965],[-82.4902,42.7076],[-82.3074,42.7559],[-82.135,42.801],[-81.9623,42.8459],[-81.7894,42.8905],[-81.6162,42.9349],[-81.4428,42.979],[-81.2692,43.0228],[-81.0953,43.0664],[-80.9922,43.1021],[-80.889,43.1378],[-80.7857,43.1733],[-80.6822,43.2087],[-80.5787,43.2441],[-80.475,43.2793],[-80.3712,43.3145],[-80.2673,43.3496],[-80.1632,43.3846],[-80.0591,43.4194],[-79.9548,43.4542],[-79.8504,43.4889],[-79.7459,43.5235],[-79.6412,43.558],[-79.5365,43.5924],[-79.4316,43.6267],[-79.3492,43.6536],[-79.2431,43.6861],[-79.1369,43.7185],[-79.0306,43.7509],[-78.9242,43.7831],[-78.8177,43.8152],[-78.711,43.8472],[-78.6043,43.8791],[-78.4974,43.911],[-78.3904,43.9427],[-78.2833,43.9743],[-78.1761,44.0058],[-78.0687,44.0372],[-77.9613,44.0686],[-77.8537,44.0998],[-77.7461,44.1309],[-77.6383,44.1619],[-77.5304,44.1928],[-77.502,44.2009],[-77.4036,44.2453],[-77.3051,44.2897],[-77.2064,44.3339],[-77.1075,44.378],[-77.0085,44.4221],[-76.9094,44.4661],[-76.8101,44.5099],[-76.7106,44.5538],[-76.611,44.5975],[-76.5113,44.6411],[-76.4114,44.6846],[-76.3114,44.7281],[-76.2166,44.7691],[-76.1064,44.7978],[-75.9961,44.8265],[-75.8857,44.855],[-75.7752,44.8835],[-75.6646,44.9118],[-75.5538,44.94],[-75.443,44.9681],[-75.332,44.9961],[-75.2209,45.024],[-75.1098,45.0518],[-74.9985,45.0795],[-74.8871,45.107],[-74.7758,45.1345],[-74.6654,45.1641],[-74.5549,45.1936],[-74.4442,45.223],[-74.3334,45.2524],[-74.2225,45.2816],[-74.1115,45.3107],[-74.0004,45.3397],[-73.8892,45.3686],[-73.7779,45.3973],[-73.6664,45.426],[-73.5548,45.4546],[-73.4432,45.483],[-73.3314,45.5114],[-73.2195,45.5396],[-73.1074,45.5677],[-72.9953,45.5958],[-72.8831,45.6237],[-72.7707,45.6515],[-72.6583,45.6792],[-72.5457,45.7067],[-72.433,45.7342],[-72.3202,45.7616],[-72.2073,45.7888],[-72.0943,45.8159],[-71.9811,45.8429],[-71.8679,45.8699],[-71.7546,45.8967],[-71.6411,45.9233],[-71.5275,45.9499],[-71.4139,45.9764],[-71.3001,46.0027],[-71.1862,46.029],[-71.0722,46.0551],[-70.9581,46.0811],[-70.8439,46.107],[-70.7295,46.1328],[-70.6151,46.1584],[-70.5006,46.184],[-70.3859,46.2094],[-70.258,46.2376],[-70.1429,46.2622],[-70.0277,46.2867],[-69.9124,46.3111],[-69.7969,46.3354],[-69.6814,46.3596],[-69.5658,46.3836],[-69.45,46.4075],[-69.3342,46.4314],[-69.2183,46.4551],[-69.1022,46.4786],[-68.9861,46.5021],[-68.8699,46.5255],[-68.7535,46.5487],[-68.6371,46.5718],[-68.5206,46.5948],[-68.4039,46.6177],[-68.2872,46.6404],[-68.1704,46.6631],[-68.0534,46.6856],[-67.9364,46.708],[-67.8193,46.7303],[-67.7891,46.736],[-67.5956,46.7726],[-67.4134,46.8065],[-67.231,46.8402],[-67.0483,46.8736],[-66.9285,46.889],[-66.8086,46.9042],[-66.6887,46.9194],[-66.5686,46.9344],[-66.4485,46.9492],[-66.3284,46.964],[-66.2082,46.9786],[-66.0879,46.9931],[-65.9675,47.0074],[-65.8471,47.0217],[-65.7266,47.0358],[-65.6061,47.0498],[-65.4854,47.0636],[-65.3648,47.0774],[-65.244,47.091],[-65.1232,47.1045],[-65.0024,47.1178],[-64.8815,47.131],[-64.7605,47.1441],[-64.6394,47.1571],[-64.5183,47.17],[-64.3972,47.1827],[-64.276,47.1953],[-64.1547,47.2077],[-64.0334,47.2201],[-63.912,47.2323],[-63.7906,47.2443],[-63.6691,47.2563],[-63.5475,47.2681],[-63.4259,47.2798],[-63.3043,47.2913],[-63.1826,47.3028],[-63.0608,47.3141],[-62.939,47.3253],[-62.8171,47.3363],[-62.6952,47.3472],[-62.5732,47.358],[-62.4512,47.3687],[-62.3292,47.3792],[-62.2071,47.3896],[-62.0849,47.3999],[-61.9627,47.41],[-61.8404,47.42],[-61.778,47.4251]]}},{"type":"Feature","properties":{"ident":"Q908","type":"RNAV","run":1},"geometry":{"type":"LineString","coordinates":[[-98.7237,50.4224],[-98.5938,50.4129],[-98.4639,50.4033],[-98.334,50.3936],[-98.2043,50.3837],[-98.0745,50.3737],[-97.9449,50.3635],[-97.8153,50.3532],[-97.6857,50.3428],[-97.5562,50.3322],[-97.4268,50.3214],[-97.2974,50.3105],[-97.1681,50.2995],[-97.0388,50.2883],[-96.9096,50.277],[-96.7805,50.2656],[-96.6514,50.254],[-96.5224,50.2422],[-96.3934,50.2303],[-96.2646,50.2183],[-96.1358,50.2061],[-96.007,50.1938],[-95.8783,50.1813],[-95.7497,50.1687],[-95.6211,50.156],[-95.4927,50.1431],[-95.3643,50.1301],[-95.2359,50.1169],[-95.1076,50.1036],[-94.9795,50.0902],[-94.8513,50.0766],[-94.7233,50.0629],[-94.5953,50.049],[-94.4674,50.035],[-94.3396,50.0208],[-94.2118,50.0065],[-94.0841,49.9921],[-93.9565,49.9775],[-93.829,49.9628],[-93.7016,49.9479],[-93.5742,49.933],[-93.4469,49.9178],[-93.3197,49.9025],[-93.1926,49.8871],[-93.0655,49.8716],[-92.9386,49.8559],[-92.8117,49.8401],[-92.7437,49.8315],[-92.6264,49.7967],[-92.5093,49.7617],[-92.3924,49.7266],[-92.2756,49.6913],[-92.159,49.656],[-92.0425,49.6205],[-91.9262,49.585],[-91.8101,49.5493],[-91.6942,49.5135],[-91.5784,49.4776],[-91.4629,49.4415],[-91.3474,49.4054],[-91.2322,49.3691],[-91.1171,49.3327],[-91.0022,49.2962],[-90.8874,49.2596],[-90.7729,49.2229],[-90.6585,49.186],[-90.5442,49.1491],[-90.4302,49.112],[-90.3163,49.0749],[-90.2026,49.0376],[-90.089,49.0002],[-89.9756,48.9627],[-89.8624,48.925],[-89.7494,48.8873],[-89.6365,48.8495],[-89.5238,48.8115],[-89.4113,48.7735],[-89.2989,48.7353],[-89.1868,48.697],[-89.0933,48.665]]}},{"type":"Feature","properties":{"ident":"Q909","type":"RNAV","run":1},"geometry":{"type":"LineString","coordinates":[[-113.2917,50.9058],[-113.1797,50.8617],[-113.0679,50.8174],[-112.9564,50.773],[-112.845,50.7285],[-112.7339,50.6839],[-112.6229,50.6391],[-112.5122,50.5943],[-112.4017,50.5494],[-112.2914,50.5044],[-112.1813,50.4592],[-112.0715,50.414],[-111.9618,50.3687],[-111.8523,50.3232],[-111.7431,50.2777],[-111.6341,50.232],[-111.5252,50.1863],[-111.4166,50.1404],[-111.3082,50.0945],[-111.2,50.0484],[-111.192,50.045],[-111.0794,50.0036],[-110.967,49.9621],[-110.8548,49.9205],[-110.7428,49.8788],[-110.631,49.837],[-110.5194,49.7951],[-110.408,49.753],[-110.2968,49.7109],[-110.1857,49.6686],[-110.0749,49.6263],[-109.9643,49.5838],[-109.8538,49.5413],[-109.7436,49.4986],[-109.6335,49.4558],[-109.5236,49.4129],[-109.414,49.37],[-109.3045,49.3269],[-109.1952,49.2837],[-109.0861,49.2404],[-108.9771,49.197],[-108.8684,49.1535],[-108.7599,49.1099],[-108.6516,49.0662],[-108.5434,49.0224],[-108.4978,49.0039]]}},{"type":"Feature","properties":{"ident":"Q910","type":"RNAV","run":1},"geometry":{"type":"LineString","coordinates":[[-71.6263,46.7053],[-71.5354,46.7607],[-71.4872,46.79],[-71.4054,46.8517],[-71.3235,46.9134],[-71.2413,46.9751],[-71.1589,47.0366],[-71.0783,47.0967],[-70.992,47.1558],[-70.9054,47.2148],[-70.8187,47.2738],[-70.7318,47.3327],[-70.6447,47.3915],[-70.5573,47.4503],[-70.4863,47.498],[-70.404,47.5601],[-70.3215,47.6221],[-70.2388,47.6841],[-70.156,47.746],[-70.0729,47.8079],[-69.9896,47.8697],[-69.9062,47.9314],[-69.8225,47.9931],[-69.7386,48.0547],[-69.6546,48.1163],[-69.5703,48.1778],[-69.4858,48.2392],[-69.4011,48.3006],[-69.3163,48.3619],[-69.2312,48.4232],[-69.1459,48.4844],[-69.0604,48.5455],[-68.9747,48.6066],[-68.8888,48.6676],[-68.8027,48.7285],[-68.7163,48.7894],[-68.6298,48.8502],[-68.543,48.9109],[-68.4561,48.9716],[-68.3689,49.0322],[-68.2815,49.0928],[-68.2217,49.1341]]}},{"type":"Feature","properties":{"ident":"Q911","type":"RNAV","run":1},"geometry":{"type":"LineString","coordinates":[[-74.155,45.7531],[-74.2301,45.8179],[-74.2581,45.842],[-74.3334,45.9067],[-74.3448,45.9164],[-74.4203,45.9811],[-74.4961,46.0457],[-74.4964,46.046],[-74.5842,46.1029],[-74.6721,46.1597],[-74.7603,46.2165],[-74.8486,46.2731],[-74.9371,46.3297],[-75.0258,46.3862],[-75.1147,46.4427],[-75.2038,46.499],[-75.2931,46.5553],[-75.3826,46.6116],[-75.4723,46.6677],[-75.5124,46.6928],[-75.6023,46.7489],[-75.6924,46.8049],[-75.7827,46.8608],[-75.82,46.8838]]}},{"type":"Feature","properties":{"ident":"Q913","type":"RNAV","run":1},"geometry":{"type":"LineString","coordinates":[[-81.0953,43.0664],[-80.9885,43.0958],[-80.8816,43.125],[-80.7747,43.1542],[-80.6676,43.1833],[-80.5604,43.2122],[-80.4531,43.2411],[-80.3457,43.2698],[-80.2382,43.2985],[-80.1307,43.3271],[-80.023,43.3555],[-79.9152,43.3839],[-79.8073,43.4122],[-79.6993,43.4403],[-79.5912,43.4684],[-79.483,43.4963],[-79.3747,43.5242],[-79.2664,43.5519],[-79.1579,43.5796],[-79.0493,43.6071],[-78.9406,43.6346],[-78.8318,43.6619],[-78.7229,43.6891],[-78.7183,43.6903],[-78.6058,43.7084],[-78.4932,43.7263],[-78.3806,43.7442],[-78.2679,43.762],[-78.1551,43.7796],[-78.0423,43.7971],[-77.9293,43.8146],[-77.8164,43.8319],[-77.7033,43.8491],[-77.5902,43.8662],[-77.477,43.8831],[-77.3638,43.9],[-77.33,43.905],[-77.1217,43.9345],[-76.9132,43.9637],[-76.7045,43.9925],[-76.4956,44.0209],[-76.3836,44.0422],[-76.2714,44.0634],[-76.1592,44.0845],[-76.047,44.1055],[-75.9346,44.1264],[-75.8222,44.1472],[-75.7096,44.1679],[-75.597,44.1885],[-75.4844,44.2089],[-75.3716,44.2293],[-75.2588,44.2495],[-75.1459,44.2696],[-75.0329,44.2897],[-74.9198,44.3096],[-74.8067,44.3293],[-74.6935,44.349],[-74.5802,44.3686],[-74.4668,44.388],[-74.3534,44.4074],[-74.2399,44.4266],[-74.1263,44.4457],[-74.0126,44.4647],[-73.8989,44.4836],[-73.785,44.5024],[-73.6712,44.5211],[-73.5572,44.5396],[-73.4432,44.5581],[-73.3291,44.5764],[-73.2149,44.5946],[-73.1006,44.6127],[-72.9863,44.6307],[-72.8719,44.6485],[-72.7575,44.6663],[-72.643,44.6839],[-72.5284,44.7015],[-72.4137,44.7189],[-72.299,44.7362],[-72.1841,44.7533],[-72.0693,44.7704],[-71.9543,44.7874],[-71.8393,44.8042],[-71.7243,44.8209],[-71.7153,44.8222],[-71.6003,44.8393],[-71.4852,44.8562],[-71.3701,44.8731],[-71.2549,44.8898],[-71.1396,44.9064],[-71.0242,44.9229],[-70.9088,44.9392],[-70.7934,44.9555],[-70.6778,44.9716],[-70.5622,44.9876],[-70.4465,45.0035],[-70.3308,45.0193],[-70.215,45.035],[-70.0991,45.0505],[-69.9832,45.066],[-69.8672,45.0813],[-69.7512,45.0965],[-69.6351,45.1116],[-69.5189,45.1265],[-69.4027,45.1414],[-69.2864,45.1561],[-69.17,45.1707],[-69.0536,45.1852],[-68.9371,45.1996],[-68.8206,45.2138],[-68.704,45.228],[-68.5874,45.242],[-68.4707,45.2559],[-68.3539,45.2697],[-68.2371,45.2833],[-68.1202,45.2969],[-68.0033,45.3103],[-67.8863,45.3236],[-67.7692,45.3368],[-67.7386,45.3402]]}},{"type":"Feature","properties":{"ident":"Q917","type":"RNAV","run":1},"geometry":{"type":"LineString","coordinates":[[-84.3149,46.4121],[-84.2163,46.364],[-84.1178,46.3158],[-84.1178,46.3158],[-84.0947,46.3045],[-84.0022,46.2557],[-83.9098,46.2069],[-83.8175,46.158],[-83.7255,46.109],[-83.6303,46.0581],[-83.5352,46.0072],[-83.4619,45.9679],[-83.3305,45.897],[-83.1994,45.826],[-83.0686,45.7548],[-82.9382,45.6835],[-82.8081,45.612],[-82.6783,45.5404],[-82.5488,45.4686],[-82.4197,45.3967],[-82.3319,45.3407],[-82.2443,45.2846],[-82.1568,45.2284],[-82.0695,45.1722],[-81.9824,45.1159],[-81.8955,45.0595],[-81.8087,45.0031],[-81.7221,44.9466],[-81.6357,44.8901],[-81.5494,44.8335],[-81.4633,44.7768],[-81.3774,44.72],[-81.2964,44.6664],[-81.2107,44.6096],[-81.1253,44.5527],[-81.04,44.4957],[-80.9548,44.4387],[-80.8698,44.3816],[-80.785,44.3245],[-80.7004,44.2672],[-80.6159,44.21],[-80.5316,44.1526],[-80.4474,44.0952],[-80.3634,44.0378],[-80.2796,43.9803],[-80.1959,43.9227],[-80.1124,43.865],[-80.0291,43.8073],[-80.0149,43.7975],[-79.932,43.7395],[-79.8492,43.6815],[-79.7666,43.6234],[-79.6842,43.5653],[-79.602,43.5071],[-79.5198,43.4488],[-79.4379,43.3905],[-79.3561,43.3321],[-79.2745,43.2737],[-79.193,43.2152],[-79.1117,43.1567],[-79.0732,43.1289],[-79.0651,43.1231],[-79.0348,43.101],[-78.9444,43.0501],[-78.8542,42.9992],[-78.7642,42.9482],[-78.7388,42.9338]]}},{"type":"Feature","properties":{"ident":"Q919","type":"RNAV","run":1},"geometry":{"type":"LineString","coordinates":[[-91.9055,50.1141],[-91.7824,50.0875],[-91.6594,50.0608],[-91.5365,50.034],[-91.4138,50.007],[-91.2913,49.9799],[-91.1688,49.9526],[-91.0465,49.9253],[-90.9244,49.8978],[-90.8024,49.8701],[-90.6805,49.8424],[-90.5588,49.8145],[-90.4372,49.7865],[-90.3157,49.7583],[-90.1944,49.7301],[-90.0732,49.7017],[-89.9522,49.6732],[-89.8313,49.6445],[-89.7106,49.6158],[-89.59,49.5869],[-89.4695,49.5579],[-89.3492,49.5287],[-89.2291,49.4994],[-89.109,49.4701],[-88.9891,49.4405],[-88.8694,49.4109],[-88.7498,49.3811],[-88.6304,49.3513],[-88.5111,49.3212],[-88.3919,49.2911],[-88.2729,49.2609],[-88.154,49.2305],[-88.0353,49.2],[-87.9168,49.1694],[-87.7983,49.1386],[-87.6801,49.1078],[-87.5619,49.0768],[-87.4439,49.0457],[-87.3261,49.0145],[-87.2084,48.9831],[-87.0909,48.9516],[-86.9735,48.9201],[-86.8563,48.8884],[-86.7392,48.8565],[-86.6222,48.8246],[-86.5054,48.7926],[-86.3888,48.7604],[-86.3276,48.7434],[-86.206,48.7209],[-86.0844,48.6982],[-85.963,48.6754],[-85.8417,48.6525],[-85.7205,48.6295],[-85.5995,48.6063],[-85.5322,48.5933],[-85.4113,48.57],[-85.2905,48.5466],[-85.1698,48.523],[-85.0492,48.4993],[-84.9287,48.4755],[-84.8084,48.4515],[-84.6881,48.4274],[-84.568,48.4032],[-84.4479,48.3789],[-84.328,48.3544],[-84.2082,48.3299],[-84.0886,48.3052],[-83.969,48.2803],[-83.8496,48.2554],[-83.7302,48.2303],[-83.611,48.2051],[-83.4919,48.1798],[-83.373,48.1543],[-83.2541,48.1288],[-83.1354,48.1031],[-83.0168,48.0773],[-82.8983,48.0513],[-82.7799,48.0253],[-82.6616,47.9991],[-82.5435,47.9728],[-82.4255,47.9464],[-82.3076,47.9199],[-82.1898,47.8932],[-82.0721,47.8664],[-81.9546,47.8395],[-81.8372,47.8125],[-81.7199,47.7854],[-81.6027,47.7581],[-81.4857,47.7307],[-81.3688,47.7032],[-81.252,47.6756],[-81.1353,47.6479],[-81.0188,47.62],[-80.9023,47.592],[-80.8214,47.5725],[-80.7051,47.5444],[-80.589,47.5162],[-80.473,47.4879],[-80.3571,47.4595],[-80.2414,47.4309],[-80.1257,47.4022],[-80.0102,47.3735],[-79.8948,47.3446],[-79.7796,47.3155],[-79.6645,47.2864],[-79.5495,47.2572],[-79.4346,47.2278],[-79.3198,47.1983],[-79.2052,47.1687],[-79.0907,47.139],[-78.9764,47.1092],[-78.8622,47.0793],[-78.748,47.0492],[-78.6341,47.0191],[-78.5202,46.9888],[-78.4065,46.9584],[-78.2929,46.9279],[-78.1795,46.8973],[-78.0661,46.8666],[-77.9529,46.8358],[-77.8399,46.8048],[-77.7269,46.7738],[-77.6141,46.7426],[-77.5014,46.7113],[-77.4742,46.7037],[-77.3617,46.6722],[-77.2494,46.6406],[-77.1372,46.6088],[-77.0252,46.577],[-76.9132,46.545],[-76.8014,46.513],[-76.6898,46.4808],[-76.5783,46.4485],[-76.4669,46.4161],[-76.3556,46.3836],[-76.2445,46.351],[-76.1335,46.3183],[-76.0226,46.2855],[-75.9119,46.2525],[-75.8013,46.2195],[-75.6908,46.1864],[-75.5805,46.1531],[-75.5726,46.1507],[-75.4534,46.1397],[-75.3342,46.1285],[-75.2151,46.1172],[-75.096,46.1058],[-75.0905,46.1053],[-74.9715,46.0936],[-74.8526,46.0819],[-74.7337,46.0701],[-74.6148,46.0581],[-74.4964,46.046]]}},{"type":"Feature","properties":{"ident":"Q92","type":"RNAV","run":1},"geometry":{"type":"LineString","coordinates":[[-102.8776,41.5119],[-102.769,41.5301],[-102.6604,41.5482],[-102.5516,41.5662],[-102.4428,41.5841],[-102.334,41.6019],[-102.2251,41.6196],[-102.1161,41.6372],[-102.0071,41.6547],[-101.898,41.6721],[-101.7889,41.6894],[-101.6796,41.7065],[-101.5704,41.7236],[-101.4611,41.7406],[-101.3517,41.7575],[-101.2422,41.7742],[-101.1328,41.7909],[-101.0289,41.8066],[-100.9176,41.8146],[-100.8063,41.8224],[-100.695,41.8302],[-100.5836,41.8379],[-100.4722,41.8454],[-100.3608,41.8528],[-100.2493,41.8602],[-100.1379,41.8674],[-100.0264,41.8745],[-99.9149,41.8815],[-99.8033,41.8884],[-99.6917,41.8952],[-99.5801,41.9019],[-99.4685,41.9085],[-99.3569,41.9149],[-99.2452,41.9213],[-99.1383,41.9273],[-99.0266,41.9327],[-98.9148,41.938],[-98.803,41.9432],[-98.6911,41.9483],[-98.5793,41.9533],[-98.4674,41.9582],[-98.3556,41.963],[-98.2437,41.9677],[-98.1318,41.9722],[-98.0198,41.9767],[-97.9079,41.981],[-97.7959,41.9852],[-97.684,41.9894],[-97.5728,41.9934],[-97.4608,41.9979],[-97.3488,42.0023],[-97.2368,42.0065],[-97.1248,42.0107],[-97.0128,42.0148],[-96.9008,42.0187],[-96.7887,42.0226],[-96.6767,42.0263],[-96.5646,42.0299],[-96.4525,42.0335],[-96.3404,42.0369],[-96.2283,42.0402],[-96.1162,42.0434],[-96.004,42.0465],[-95.8919,42.0494],[-95.7797,42.0523],[-95.6676,42.055],[-95.5554,42.0577],[-95.4432,42.0602],[-95.331,42.0627],[-95.2322,42.0647],[-95.12,42.0669],[-95.0078,42.069],[-94.8955,42.071],[-94.7833,42.0729],[-94.6711,42.0747],[-94.5588,42.0763],[-94.4466,42.0779],[-94.3343,42.0794],[-94.2221,42.0807],[-94.1098,42.0819],[-93.9975,42.083],[-93.8853,42.084],[-93.773,42.0849],[-93.6607,42.0857],[-93.5484,42.0864],[-93.5258,42.0865]]}},{"type":"Feature","properties":{"ident":"Q921","type":"RNAV","run":1},"geometry":{"type":"LineString","coordinates":[[-78.3881,44.0158],[-78.2857,44.055],[-78.1833,44.0941],[-78.0807,44.133],[-77.9831,44.17],[-77.8744,44.1995],[-77.7656,44.2289],[-77.6567,44.2582],[-77.5477,44.2875],[-77.5475,44.2875],[-77.4385,44.3168],[-77.3294,44.346],[-77.2202,44.3751],[-77.1619,44.3906],[-77.071,44.4428],[-76.9799,44.4949],[-76.8886,44.5469],[-76.7972,44.5989],[-76.7056,44.6508],[-76.6138,44.7026],[-76.5219,44.7544],[-76.4298,44.806],[-76.3375,44.8577],[-76.2451,44.9092],[-76.2236,44.9211],[-76.1124,44.9484],[-76.001,44.9755],[-75.8896,45.0026],[-75.778,45.0295],[-75.6664,45.0563],[-75.5546,45.0831],[-75.4428,45.1097],[-75.3308,45.1362],[-75.2187,45.1626],[-75.1065,45.1888],[-74.9943,45.215],[-74.8819,45.2411],[-74.8419,45.2503],[-74.7561,45.3077],[-74.67,45.365],[-74.5838,45.4223],[-74.4974,45.4794],[-74.4109,45.5366],[-74.3241,45.5936],[-74.2372,45.6506],[-74.1501,45.7076],[-74.0628,45.7644],[-73.9754,45.8212],[-73.8878,45.878],[-73.8,45.9346],[-73.712,45.9912],[-73.6238,46.0477],[-73.5355,46.1042],[-73.4469,46.1606],[-73.37,46.2095],[-73.2589,46.2417],[-73.2225,46.2523],[-73.1113,46.2844],[-72.9999,46.3164],[-72.8884,46.3483],[-72.8515,46.3588],[-72.7401,46.391],[-72.6286,46.4232],[-72.5224,46.4536],[-72.4106,46.4856],[-72.2987,46.5174],[-72.1869,46.549],[-72.0748,46.5806],[-71.9625,46.612],[-71.85,46.6434],[-71.7375,46.6746],[-71.6263,46.7053]]}},{"type":"Feature","properties":{"ident":"Q922","type":"RNAV","run":1},"geometry":{"type":"LineString","coordinates":[[-100.0533,51.1015],[-99.9237,51.0835],[-99.7943,51.0654],[-99.6649,51.0471],[-99.5357,51.0287],[-99.4066,51.0101],[-99.2775,50.9914],[-99.1486,50.9725],[-99.0198,50.9535],[-98.8911,50.9344],[-98.7625,50.9151],[-98.634,50.8957],[-98.5056,50.8761],[-98.3773,50.8564],[-98.2491,50.8365],[-98.121,50.8165],[-97.9931,50.7964],[-97.8652,50.7762],[-97.7375,50.7557],[-97.6099,50.7352],[-97.4823,50.7145],[-97.3549,50.6937],[-97.2277,50.6727],[-97.1005,50.6516],[-96.9734,50.6304],[-96.8465,50.609],[-96.7197,50.5875],[-96.5929,50.5658],[-96.4663,50.5441],[-96.3399,50.5221],[-96.2135,50.5001],[-96.0873,50.4779],[-95.9611,50.4555],[-95.8351,50.433],[-95.7093,50.4104],[-95.5835,50.3877],[-95.4579,50.3648],[-95.3323,50.3418],[-95.2069,50.3186],[-95.0817,50.2954],[-94.9565,50.2719],[-94.8315,50.2484],[-94.7066,50.2247],[-94.5818,50.2009],[-94.4571,50.1769],[-94.3326,50.1528],[-94.2082,50.1286],[-94.0839,50.1043],[-93.9598,50.0798],[-93.8357,50.0551],[-93.7118,50.0304],[-93.5881,50.0055],[-93.4644,49.9805],[-93.3409,49.9553],[-93.2175,49.9301],[-93.0943,49.9047],[-92.9712,49.8791],[-92.8482,49.8535],[-92.7437,49.8315],[-92.62,49.8077],[-92.4963,49.7837],[-92.3728,49.7596],[-92.2495,49.7353],[-92.1262,49.7109],[-92.0031,49.6864],[-91.8801,49.6618],[-91.7572,49.637],[-91.6344,49.6121],[-91.5118,49.5871],[-91.3893,49.5619],[-91.2669,49.5366],[-91.1446,49.5112],[-91.0225,49.4857],[-90.9005,49.46],[-90.7787,49.4342],[-90.6569,49.4082],[-90.5353,49.3822],[-90.4138,49.356],[-90.2925,49.3297],[-90.1712,49.3032],[-90.0501,49.2767],[-89.9292,49.25],[-89.8083,49.2232],[-89.6876,49.1962],[-89.5671,49.1691],[-89.4466,49.1419],[-89.3263,49.1146],[-89.2062,49.0872],[-89.0861,49.0596],[-88.9662,49.0319],[-88.8465,49.0041],[-88.7268,48.9761],[-88.6073,48.9481],[-88.4879,48.9199],[-88.3687,48.8915],[-88.2496,48.8631],[-88.1307,48.8346],[-88.0118,48.8059],[-87.8931,48.7771],[-87.7746,48.7481],[-87.6562,48.7191],[-87.5379,48.6899],[-87.4197,48.6606],[-87.3017,48.6312],[-87.1839,48.6017],[-87.0661,48.572],[-86.9485,48.5423],[-86.8311,48.5124],[-86.7138,48.4824],[-86.5966,48.4522],[-86.4796,48.422],[-86.3627,48.3916],[-86.2459,48.3611],[-86.1293,48.3305],[-86.0128,48.2998],[-85.8965,48.269],[-85.7803,48.238],[-85.6642,48.207],[-85.5483,48.1758],[-85.4326,48.1445],[-85.3169,48.113],[-85.2014,48.0815],[-85.0861,48.0498],[-84.9709,48.0181],[-84.8558,47.9862],[-84.7863,47.9669]]}},{"type":"Feature","properties":{"ident":"Q923","type":"RNAV","run":1},"geometry":{"type":"LineString","coordinates":[[-82.7106,43.2621],[-82.6347,43.3244],[-82.5587,43.3868],[-82.4824,43.449],[-82.4061,43.5113],[-82.3295,43.5735],[-82.2528,43.6356],[-82.176,43.6977],[-82.1507,43.718],[-82.1444,43.7231],[-82.0399,43.8413],[-81.935,43.9595],[-81.8296,44.0776],[-81.7238,44.1955],[-81.6176,44.3134],[-81.511,44.4312],[-81.4039,44.5488],[-81.2964,44.6664],[-81.2324,44.7362],[-81.1682,44.806],[-81.1038,44.8757],[-81.0393,44.9454],[-80.9747,45.0151],[-80.9099,45.0847],[-80.8449,45.1543],[-80.7798,45.2238],[-80.7145,45.2933],[-80.649,45.3628],[-80.5834,45.4322],[-80.5177,45.5016],[-80.4517,45.571],[-80.3856,45.6403],[-80.3194,45.7096],[-80.2529,45.7788],[-80.1863,45.8481],[-80.1196,45.9172],[-80.0527,45.9864],[-79.9856,46.0554],[-79.9183,46.1245],[-79.8509,46.1935],[-79.7833,46.2625],[-79.7155,46.3314],[-79.6476,46.4003],[-79.5795,46.4692],[-79.5112,46.538],[-79.4427,46.6067],[-79.3741,46.6755],[-79.3053,46.7442],[-79.2363,46.8128],[-79.1672,46.8814],[-79.0979,46.95],[-79.0283,47.0185],[-78.9587,47.087],[-78.8888,47.1554],[-78.8187,47.2238],[-78.7485,47.2922],[-78.6781,47.3605],[-78.6075,47.4287],[-78.5367,47.497],[-78.4658,47.5651],[-78.3946,47.6333],[-78.3233,47.7014],[-78.2518,47.7694],[-78.1801,47.8374],[-78.1082,47.9054],[-78.0361,47.9733],[-77.9638,48.0411],[-77.8914,48.109],[-77.8203,48.1753]]}},{"type":"Feature","properties":{"ident":"Q924","type":"RNAV","run":1},"geometry":{"type":"LineString","coordinates":[[-92.2029,46.8022],[-92.108,46.8544],[-92.013,46.9066],[-91.9835,46.9228],[-91.8882,46.9749],[-91.7927,47.0269],[-91.697,47.0788],[-91.6012,47.1306],[-91.5173,47.1758],[-91.4211,47.2275],[-91.3248,47.2791],[-91.2793,47.3034],[-91.1838,47.3555],[-91.0867,47.4067],[-90.9894,47.4578],[-90.8919,47.5088],[-90.8611,47.5249],[-90.7636,47.5761],[-90.6659,47.6271],[-90.5681,47.6781],[-90.47,47.729],[-90.3718,47.7798],[-90.329,47.8018],[-90.2305,47.8525],[-90.1318,47.9031],[-90.0329,47.9536],[-89.9927,47.9741],[-89.9276,48.0072],[-89.8055,48.069],[-89.6831,48.1307],[-89.5604,48.1923],[-89.4374,48.2538]]}},{"type":"Feature","properties":{"ident":"Q927","type":"RNAV","run":1},"geometry":{"type":"LineString","coordinates":[[-113.587,49.6347],[-113.611,49.7166],[-113.6352,49.7984],[-113.6595,49.8803],[-113.6838,49.9621],[-113.7082,50.044],[-113.7327,50.1258],[-113.7573,50.2076],[-113.782,50.2895],[-113.8067,50.3713],[-113.8316,50.4531],[-113.8565,50.5349],[-113.8815,50.6167],[-113.885,50.6281]]}},{"type":"Feature","properties":{"ident":"Q929","type":"RNAV","run":1},"geometry":{"type":"LineString","coordinates":[[-74.3599,44.9931],[-74.1337,45.0352],[-73.9072,45.077],[-73.7894,45.0817],[-73.6716,45.0863],[-73.567,45.0904],[-73.4491,45.0944],[-73.3312,45.0984],[-73.2133,45.1022],[-73.0953,45.1059],[-72.9774,45.1095],[-72.8594,45.113],[-72.7414,45.1164],[-72.6234,45.1196],[-72.5054,45.1227],[-72.3874,45.1257],[-72.2693,45.1285],[-72.1513,45.1313],[-72.0332,45.1339],[-71.9152,45.1364],[-71.7971,45.1388],[-71.679,45.141],[-71.5822,45.1428]]}},{"type":"Feature","properties":{"ident":"Q93","type":"RNAV","run":1},"geometry":{"type":"LineString","coordinates":[[-81.0167,24.5636],[-81.0137,24.6469],[-81.0106,24.7302],[-81.0094,24.7652],[-80.9901,24.8467],[-80.9709,24.9282],[-80.9516,25.0096],[-80.9322,25.0911],[-80.9129,25.1726],[-80.8935,25.254],[-80.8876,25.2789],[-80.8682,25.3604],[-80.8488,25.4418],[-80.8293,25.5233],[-80.8099,25.6047],[-80.7904,25.6862],[-80.7708,25.7676],[-80.7669,25.7839],[-80.7558,25.8666],[-80.7446,25.9493],[-80.7335,26.0321],[-80.7223,26.1148],[-80.7111,26.1975],[-80.6999,26.2802],[-80.6887,26.363],[-80.6774,26.4457],[-80.6662,26.5284],[-80.6549,26.6111],[-80.6436,26.6938],[-80.6323,26.7765],[-80.621,26.8593],[-80.6096,26.942],[-80.5983,27.0247],[-80.5869,27.1074],[-80.5755,27.1901],[-80.5641,27.2728],[-80.5526,27.3555],[-80.5412,27.4382],[-80.5297,27.5209],[-80.5183,27.6036],[-80.5068,27.6864],[-80.501,27.7278],[-80.5308,27.8069],[-80.5607,27.8859],[-80.5906,27.9649],[-80.6206,28.044],[-80.6506,28.123],[-80.6806,28.202],[-80.7107,28.281],[-80.7408,28.36],[-80.771,28.439],[-80.8012,28.518],[-80.8315,28.5969],[-80.8618,28.6759],[-80.8679,28.6916],[-80.9019,28.7694],[-80.936,28.8472],[-80.9701,28.925],[-81.0043,29.0028],[-81.0386,29.0806],[-81.0729,29.1583],[-81.1072,29.2361],[-81.1341,29.2969],[-81.131,29.3802],[-81.1279,29.4634],[-81.1247,29.5467],[-81.1237,29.5745],[-81.1233,29.6579],[-81.1228,29.7412],[-81.1224,29.8182],[-81.1175,29.9015],[-81.1125,29.9847],[-81.1076,30.0679],[-81.1026,30.1511],[-81.0976,30.2343],[-81.0926,30.3176],[-81.0876,30.4008],[-81.0826,30.484],[-81.0776,30.5672],[-81.074,30.6267],[-81.0839,30.7096],[-81.0939,30.7925],[-81.1038,30.8754],[-81.1138,30.9582],[-81.1237,31.0411],[-81.1337,31.124],[-81.1437,31.2069],[-81.1538,31.2898],[-81.1638,31.3727],[-81.1649,31.3817],[-81.1752,31.4645],[-81.1855,31.5474],[-81.1958,31.6303],[-81.2022,31.6818],[-81.2126,31.7646],[-81.2229,31.8475],[-81.2333,31.9303],[-81.2374,31.9633],[-81.2333,32.0466],[-81.2292,32.1298],[-81.225,32.2131],[-81.2209,32.2963],[-81.2167,32.3796],[-81.2126,32.4628],[-81.2115,32.484],[-81.2319,32.5655],[-81.2523,32.647],[-81.2728,32.7286],[-81.2933,32.8101],[-81.3138,32.8916],[-81.3344,32.9731],[-81.355,33.0547],[-81.3757,33.1362],[-81.3964,33.2177],[-81.4121,33.2795],[-81.4231,33.3623],[-81.4342,33.4452],[-81.4452,33.528],[-81.4563,33.6108],[-81.4675,33.6936],[-81.4786,33.7764],[-81.4897,33.8592],[-81.5009,33.942],[-81.5022,33.9516],[-81.5208,34.0334],[-81.5395,34.1153],[-81.5582,34.1972],[-81.5769,34.2791],[-81.5957,34.361],[-81.6145,34.4428],[-81.6333,34.5247],[-81.6522,34.6066],[-81.6711,34.6884],[-81.69,34.7703],[-81.709,34.8522],[-81.728,34.934],[-81.7375,34.9748],[-81.7568,35.0567],[-81.7761,35.1385],[-81.7954,35.2203],[-81.8148,35.3021],[-81.8343,35.3839],[-81.8537,35.4657],[-81.8732,35.5475],[-81.8928,35.6293],[-81.9123,35.7111],[-81.9213,35.7485],[-81.9673,35.823],[-82.0135,35.8975],[-82.0597,35.9719],[-82.106,36.0464],[-82.1524,36.1208],[-82.1989,36.1952],[-82.2454,36.2696],[-82.2921,36.344],[-82.3388,36.4183],[-82.3857,36.4926],[-82.4326,36.5669],[-82.4796,36.6412],[-82.5267,36.7155],[-82.5739,36.7898],[-82.5873,36.8108],[-82.6511,36.8767],[-82.7149,36.9426],[-82.7789,37.0084],[-82.843,37.0742],[-82.8507,37.0822],[-82.9174,37.1463],[-82.9842,37.2104],[-83.0299,37.2542],[-83.0946,37.3197],[-83.1595,37.3852],[-83.2245,37.4506],[-83.2896,37.516],[-83.3549,37.5813],[-83.4202,37.6466],[-83.4856,37.7119],[-83.5512,37.7771],[-83.6169,37.8423],[-83.6827,37.9075],[-83.7486,37.9726],[-83.8147,38.0377],[-83.8808,38.1027],[-83.9471,38.1678],[-84.0135,38.2327],[-84.08,38.2977],[-84.1466,38.3626],[-84.1848,38.3997],[-84.2494,38.4659],[-84.3141,38.5321],[-84.379,38.5982],[-84.4439,38.6643],[-84.509,38.7304],[-84.5742,38.7964],[-84.6395,38.8624],[-84.705,38.9284],[-84.7706,38.9943],[-84.8362,39.0602],[-84.9021,39.126],[-84.968,39.1918],[-85.034,39.2576],[-85.1002,39.3233],[-85.1296,39.3525]]}},{"type":"Feature","properties":{"ident":"Q931","type":"RNAV","run":1},"geometry":{"type":"LineString","coordinates":[[-114.1406,49.6175],[-114.1341,49.7007],[-114.1275,49.784],[-114.121,49.8672],[-114.1144,49.9504],[-114.1078,50.0336],[-114.1011,50.1168],[-114.0945,50.2001],[-114.0878,50.2833],[-114.0811,50.3665],[-114.0744,50.4497],[-114.0676,50.5329],[-114.0609,50.6162],[-114.0603,50.6231]]}},{"type":"Feature","properties":{"ident":"Q935","type":"RNAV","run":1},"geometry":{"type":"LineString","coordinates":[[-84.4642,43.2405],[-84.3498,43.2427],[-84.2355,43.2448],[-84.1211,43.2468],[-84.0067,43.2487],[-83.8923,43.2505],[-83.7779,43.2521],[-83.6636,43.2537],[-83.5492,43.2551],[-83.4348,43.2564],[-83.3203,43.2576],[-83.2059,43.2587],[-83.0915,43.2597],[-82.9771,43.2605],[-82.8627,43.2613],[-82.7483,43.2619],[-82.7106,43.2621],[-82.5963,43.2645],[-82.4819,43.2668],[-82.3675,43.2691],[-82.2844,43.2706],[-82.2645,43.271],[-82.1531,43.252],[-82.0417,43.233],[-81.9304,43.2139],[-81.8192,43.1946],[-81.708,43.1753],[-81.597,43.1558],[-81.4859,43.1362],[-81.375,43.1165],[-81.2641,43.0968],[-81.1533,43.0769],[-81.0953,43.0664],[-80.829,43.0555],[-80.5628,43.044],[-80.2966,43.0319],[-80.0306,43.0191],[-79.7647,43.0058],[-79.499,42.9918],[-79.2333,42.9772],[-78.9678,42.962],[-78.9665,42.9618],[-78.8542,42.9481],[-78.742,42.9342],[-78.7388,42.9338],[-78.625,42.9317],[-78.5112,42.9296],[-78.3975,42.9273],[-78.2837,42.9249],[-78.17,42.9224],[-78.0562,42.9198],[-77.9425,42.917],[-77.8288,42.9142],[-77.7151,42.9112],[-77.6014,42.9081],[-77.4877,42.905],[-77.374,42.9017],[-77.2604,42.8982],[-77.1542,42.895],[-77.0436,42.8917],[-76.9299,42.8882],[-76.8163,42.8845],[-76.7027,42.8808],[-76.5891,42.877],[-76.4755,42.873],[-76.4431,42.8719],[-76.3295,42.8678],[-76.216,42.8636],[-76.1024,42.8592],[-75.9889,42.8548],[-75.9522,42.8534],[-75.8387,42.8487],[-75.7252,42.844],[-75.6118,42.8391],[-75.4984,42.8341],[-75.3849,42.829],[-75.2715,42.8238],[-75.1582,42.8185],[-75.0448,42.8131],[-74.9315,42.8076],[-74.8181,42.8019],[-74.7048,42.7962],[-74.5916,42.7903],[-74.4783,42.7843],[-74.3651,42.7782],[-74.2519,42.772],[-74.1387,42.7657],[-74.0255,42.7593],[-73.9124,42.7527],[-73.8134,42.7469],[-73.7011,42.7349],[-73.5888,42.7228],[-73.4767,42.7105],[-73.3645,42.6982],[-73.2524,42.6857],[-73.1404,42.6732],[-73.0284,42.6605],[-72.9164,42.6477],[-72.8045,42.6348],[-72.6926,42.6218],[-72.5808,42.6087],[-72.469,42.5955],[-72.3573,42.5822],[-72.2456,42.5687],[-72.134,42.5552],[-72.0582,42.5459],[-71.9481,42.527],[-71.838,42.508],[-71.728,42.4889],[-71.618,42.4696],[-71.5082,42.4503],[-71.3984,42.4309],[-71.2886,42.4113],[-71.179,42.3917],[-71.0694,42.3719],[-70.9895,42.3575]]}},{"type":"Feature","properties":{"ident":"Q937","type":"RNAV","run":1},"geometry":{"type":"LineString","coordinates":[[-78.7183,43.6903],[-78.4686,43.6974],[-78.2189,43.704],[-77.9691,43.71],[-77.7192,43.7155],[-77.4693,43.7204],[-77.2194,43.7248],[-76.9694,43.7286],[-76.7194,43.7319],[-76.6178,43.6925],[-76.5164,43.653],[-76.415,43.6134],[-76.3139,43.5738],[-76.2128,43.534],[-76.1119,43.4942],[-76.0111,43.4542],[-75.9167,43.4167],[-75.802,43.4174],[-75.6872,43.4181],[-75.5725,43.4186],[-75.4578,43.419],[-75.3431,43.4193],[-75.2283,43.4195],[-75.1136,43.4195],[-74.9989,43.4195],[-74.8842,43.4193],[-74.7694,43.419],[-74.6547,43.4186],[-74.54,43.4181],[-74.4253,43.4175],[-74.3106,43.4167],[-74.3,43.4167]]}},{"type":"Feature","properties":{"ident":"Q94","type":"RNAV","run":1},"geometry":{"type":"LineString","coordinates":[[-114.9331,35.3822],[-114.8383,35.4135],[-114.7435,35.4448],[-114.6486,35.4759],[-114.5537,35.507],[-114.4586,35.538],[-114.3635,35.569],[-114.2684,35.5998],[-114.1731,35.6306],[-114.0778,35.6613],[-113.9824,35.6919],[-113.8869,35.7225],[-113.7914,35.753],[-113.6957,35.7834],[-113.6001,35.8137],[-113.5043,35.844],[-113.4732,35.8538],[-113.3774,35.8839],[-113.2815,35.9141],[-113.1855,35.9441],[-113.0894,35.974],[-112.9933,36.0039],[-112.897,36.0337],[-112.8008,36.0634],[-112.7044,36.0931],[-112.608,36.1226],[-112.5115,36.1521],[-112.4149,36.1815],[-112.3182,36.2109],[-112.2215,36.2401],[-112.1247,36.2693],[-112.0278,36.2984],[-111.9309,36.3274],[-111.8339,36.3564],[-111.7368,36.3852],[-111.6397,36.414],[-111.5424,36.4427],[-111.482,36.4605]]}},{"type":"Feature","properties":{"ident":"Q941","type":"RNAV","run":1},"geometry":{"type":"LineString","coordinates":[[-75.1985,45.6502],[-75.0899,45.6845],[-74.9811,45.7188],[-74.8722,45.753],[-74.8579,45.7574],[-74.7489,45.7915],[-74.6397,45.8254],[-74.5946,45.8394],[-74.4852,45.8732],[-74.3757,45.9069],[-74.3448,45.9164],[-74.2351,45.95],[-74.1837,45.9657],[-74.0738,45.9991],[-73.9638,46.0324],[-73.9108,46.0483],[-73.8006,46.0815],[-73.6903,46.1145],[-73.5798,46.1474],[-73.4692,46.1802],[-73.37,46.2095]]}},{"type":"Feature","properties":{"ident":"Q945","type":"RNAV","run":1},"geometry":{"type":"LineString","coordinates":[[-102.7735,46.86],[-102.7114,46.9318],[-102.6492,47.0035],[-102.5868,47.0751],[-102.5242,47.1468],[-102.4615,47.2184],[-102.3986,47.2899],[-102.3355,47.3614],[-102.2723,47.4329],[-102.2088,47.5044],[-102.1452,47.5758],[-102.0815,47.6472],[-102.0175,47.7185],[-101.9534,47.7899],[-101.8891,47.8611],[-101.8247,47.9324],[-101.76,48.0036],[-101.6952,48.0747],[-101.6302,48.1459],[-101.565,48.217],[-101.4996,48.288],[-101.4341,48.3591],[-101.3683,48.43],[-101.3024,48.501],[-101.2363,48.5719],[-101.17,48.6428],[-101.1035,48.7136],[-101.0369,48.7844],[-100.97,48.8552],[-100.903,48.9259],[-100.8358,48.9966],[-100.8327,48.9998],[-100.7652,49.0704],[-100.6976,49.141],[-100.6298,49.2116],[-100.5618,49.2821],[-100.4936,49.3526],[-100.4251,49.423],[-100.3565,49.4934],[-100.2877,49.5637],[-100.2187,49.634],[-100.1495,49.7043],[-100.0801,49.7745],[-100.0105,49.8447],[-99.9457,49.9099]]}},{"type":"Feature","properties":{"ident":"Q947","type":"RNAV","run":1},"geometry":{"type":"LineString","coordinates":[[-75.0378,45.1689],[-74.9247,45.1931],[-74.8114,45.2172],[-74.6981,45.2412],[-74.6156,45.2586],[-74.5021,45.2825],[-74.3886,45.3062],[-74.3825,45.3075],[-74.2645,45.3154],[-74.1465,45.3231],[-74.0285,45.3308],[-73.9105,45.3383],[-73.7924,45.3457],[-73.6743,45.353],[-73.5561,45.3601],[-73.4379,45.3671],[-73.3197,45.374],[-73.2015,45.3808],[-73.0832,45.3875],[-72.9649,45.394],[-72.8544,45.4],[-72.7365,45.4095],[-72.6186,45.4188],[-72.5006,45.428],[-72.3825,45.4371],[-72.2644,45.446],[-72.1463,45.4548],[-72.0282,45.4636],[-71.91,45.4722],[-71.7918,45.4806],[-71.6735,45.489],[-71.5552,45.4972],[-71.4942,45.5014],[-71.3758,45.5094],[-71.3336,45.5122],[-71.2152,45.5201],[-71.0968,45.5278],[-70.9783,45.5354],[-70.8598,45.5429],[-70.7413,45.5502],[-70.7005,45.5527]]}},{"type":"Feature","properties":{"ident":"Q951","type":"RNAV","run":1},"geometry":{"type":"LineString","coordinates":[[-85.0333,42.3],[-84.9207,42.2974],[-84.8081,42.2946],[-84.6956,42.2918],[-84.583,42.2888],[-84.4744,42.2858],[-84.3638,42.3017],[-84.2532,42.3174],[-84.1425,42.333],[-84.0317,42.3485],[-83.9209,42.3639],[-83.81,42.3792],[-83.6991,42.3944],[-83.5939,42.4086],[-83.4882,42.4379],[-83.3824,42.467],[-83.2765,42.496],[-83.1704,42.525],[-83.0643,42.5538],[-82.9581,42.5825],[-82.8518,42.6112],[-82.7454,42.6397],[-82.6389,42.6681],[-82.5323,42.6965],[-82.4902,42.7076],[-82.3167,42.7534],[-82.143,42.7989],[-81.969,42.8442],[-81.7948,42.8891],[-81.6203,42.9339],[-81.4455,42.9783],[-81.2705,43.0225],[-81.0953,43.0664],[-80.9922,43.1021],[-80.889,43.1378],[-80.7857,43.1733],[-80.6822,43.2087],[-80.5787,43.2441],[-80.475,43.2793],[-80.3712,43.3145],[-80.2673,43.3496],[-80.1632,43.3846],[-80.0591,43.4194],[-79.9548,43.4542],[-79.8504,43.4889],[-79.7459,43.5235],[-79.6412,43.558],[-79.5365,43.5924],[-79.4316,43.6267],[-79.3492,43.6536],[-79.2394,43.6789],[-79.1296,43.7042],[-79.0197,43.7293],[-78.9096,43.7543],[-78.7995,43.7792],[-78.6893,43.804],[-78.579,43.8287],[-78.4686,43.8533],[-78.3581,43.8778],[-78.2476,43.9022],[-78.1369,43.9264],[-78.0262,43.9506],[-77.9153,43.9746],[-77.8044,43.9986],[-77.6934,44.0224],[-77.5823,44.0462],[-77.4711,44.0698],[-77.4319,44.0781],[-77.3266,44.113],[-77.2211,44.1478],[-77.1155,44.1824],[-77.0097,44.217],[-76.9039,44.2516],[-76.7979,44.286],[-76.6918,44.3203],[-76.5855,44.3545],[-76.4792,44.3886],[-76.3727,44.4226],[-76.2661,44.4565],[-76.2033,44.4764],[-76.0965,44.5101],[-75.9895,44.5436],[-75.8824,44.5771],[-75.7751,44.6104],[-75.6678,44.6437],[-75.6528,44.6483],[-75.5396,44.6793],[-75.4302,44.7091],[-75.3745,44.7242],[-75.2661,44.7561],[-75.1577,44.788],[-75.0491,44.8197],[-74.9404,44.8513],[-74.8315,44.8829],[-74.7226,44.9143],[-74.7226,44.9143],[-74.6101,44.9389],[-74.4976,44.9633],[-74.3849,44.9877],[-74.3599,44.9931],[-74.1337,45.0352],[-73.9072,45.077],[-73.7927,45.0972],[-73.6782,45.1173],[-73.5635,45.1374],[-73.4488,45.1573],[-73.334,45.1771],[-73.2191,45.1968],[-73.1041,45.2163],[-72.9891,45.2358],[-72.874,45.2551],[-72.7588,45.2743],[-72.6435,45.2934],[-72.6103,45.2989],[-72.4922,45.3055],[-72.374,45.3119],[-72.2559,45.3183],[-72.1377,45.3245],[-72.0195,45.3306],[-71.9013,45.3365],[-71.8636,45.3384],[-71.7465,45.3512],[-71.6293,45.364],[-71.512,45.3766],[-71.3947,45.389],[-71.2774,45.4014],[-71.16,45.4136],[-71.0425,45.4257],[-71.0232,45.4277],[-70.837,45.4365],[-70.6508,45.4449],[-70.5332,45.4568],[-70.4156,45.4685],[-70.2979,45.4802],[-70.1802,45.4917],[-70.0624,45.503],[-69.9446,45.5143],[-69.8267,45.5254],[-69.7088,45.5364],[-69.5909,45.5473],[-69.4729,45.5581],[-69.3548,45.5688],[-69.2367,45.5793],[-69.1186,45.5897],[-69.0004,45.6],[-68.8822,45.6101],[-68.7639,45.6202],[-68.6456,45.6301],[-68.5273,45.6399],[-68.4089,45.6496],[-68.2904,45.6591],[-68.172,45.6686],[-68.0535,45.6779],[-67.9349,45.687],[-67.8163,45.6961],[-67.8033,45.6971],[-67.6336,45.7289],[-67.4636,45.7605],[-67.2935,45.7919],[-67.1232,45.8229],[-66.9527,45.8538],[-66.782,45.8844],[-66.6111,45.9147],[-66.44,45.9447],[-66.3224,45.9609],[-66.2048,45.977],[-66.1596,45.9831],[-66.0419,45.999],[-65.9241,46.0148],[-65.8062,46.0305],[-65.786,46.0331],[-65.6681,46.0486],[-65.5501,46.064],[-65.432,46.0793],[-65.3138,46.0945],[-65.1956,46.1095],[-65.1604,46.1139],[-65.0418,46.1275],[-64.9231,46.1409],[-64.8043,46.1542],[-64.6855,46.1673],[-64.6011,46.1766],[-64.4817,46.1871],[-64.3623,46.1975],[-64.2428,46.2077],[-64.1233,46.2178],[-64.0037,46.2278],[-63.8841,46.2377],[-63.7644,46.2474],[-63.6447,46.257],[-63.525,46.2665],[-63.4052,46.2759],[-63.2853,46.2851],[-63.1655,46.2942],[-63.1197,46.2976],[-63.0028,46.3182],[-62.8858,46.3387],[-62.7688,46.3591],[-62.6516,46.3793],[-62.5344,46.3994],[-62.417,46.4194],[-62.2996,46.4393],[-62.1821,46.4591],[-62.0646,46.4787],[-61.9469,46.4982],[-61.8291,46.5176],[-61.7113,46.5369],[-61.5934,46.5561],[-61.4754,46.5751],[-61.3573,46.594],[-61.2392,46.6128],[-61.1209,46.6315],[-61.0026,46.65],[-60.8842,46.6685],[-60.7657,46.6868],[-60.6471,46.7049],[-60.5285,46.723],[-60.4098,46.7409],[-60.2909,46.7588],[-60.1721,46.7765],[-60.0531,46.794],[-59.9341,46.8115],[-59.8149,46.8288],[-59.6958,46.846],[-59.5765,46.8631],[-59.4571,46.88],[-59.3377,46.8968],[-59.2182,46.9135],[-59.0987,46.9301],[-58.979,46.9466],[-58.8593,46.9629],[-58.7395,46.9791],[-58.6197,46.9952],[-58.5833,47.0]]}},{"type":"Feature","properties":{"ident":"Q953","type":"RNAV","run":1},"geometry":{"type":"LineString","coordinates":[[-115.8578,49.3503],[-115.7954,49.4231],[-115.7329,49.4958],[-115.6702,49.5685],[-115.6073,49.6412],[-115.5441,49.7138],[-115.4809,49.7864],[-115.4174,49.859],[-115.3537,49.9315],[-115.2898,50.004],[-115.2258,50.0765],[-115.1904,50.1164]]}},{"type":"Feature","properties":{"ident":"Q955","type":"RNAV","run":1},"geometry":{"type":"LineString","coordinates":[[-76.2105,44.6358],[-76.1024,44.6678],[-75.9941,44.6997],[-75.9817,44.7033],[-75.8719,44.7327],[-75.7621,44.762],[-75.6521,44.7912],[-75.542,44.8202],[-75.4687,44.8395],[-75.3595,44.8705],[-75.2503,44.9013],[-75.1409,44.932],[-75.0314,44.9627],[-74.952,44.9848],[-74.8494,45.0257],[-74.7466,45.0666],[-74.6437,45.1074],[-74.6176,45.1177],[-74.5172,45.1616],[-74.4172,45.2053],[-74.3164,45.2489],[-74.2154,45.2924],[-74.1143,45.3359],[-74.0563,45.3607],[-73.9763,45.4223],[-73.9301,45.4578]]}},{"type":"Feature","properties":{"ident":"Q957","type":"RNAV","run":1},"geometry":{"type":"LineString","coordinates":[[-113.2006,49.7158],[-113.2407,49.795],[-113.281,49.8742],[-113.3214,49.9534],[-113.3619,50.0325],[-113.4026,50.1117],[-113.4434,50.1908],[-113.4844,50.2699],[-113.5254,50.349],[-113.5666,50.4281],[-113.608,50.5071],[-113.6495,50.5862],[-113.6903,50.6636]]}},{"type":"Feature","properties":{"ident":"Q96","type":"RNAV","run":1},"geometry":{"type":"LineString","coordinates":[[-115.1981,35.5817],[-115.1218,35.6374],[-115.0455,35.693],[-114.9691,35.7486],[-114.8925,35.8042],[-114.8643,35.8247],[-114.7876,35.8802],[-114.7108,35.9356],[-114.6338,35.991],[-114.5568,36.0463],[-114.4797,36.1016],[-114.4778,36.103],[-114.3999,36.1576],[-114.322,36.2123],[-114.2439,36.2668],[-114.1657,36.3213],[-114.0873,36.3758],[-114.0366,36.411],[-113.958,36.4653],[-113.8794,36.5196],[-113.8006,36.5738],[-113.7507,36.6081],[-113.6718,36.6623],[-113.5928,36.7165],[-113.5137,36.7706],[-113.4345,36.8247],[-113.3552,36.8787],[-113.2758,36.9326],[-113.2733,36.9343],[-113.1956,36.9898],[-113.1178,37.0454],[-113.0399,37.1008],[-112.9618,37.1563],[-112.8836,37.2116],[-112.8054,37.267],[-112.727,37.3222],[-112.6485,37.3774],[-112.5698,37.4326],[-112.4911,37.4877],[-112.4122,37.5428],[-112.3333,37.5978],[-112.2794,37.6352],[-112.2002,37.6901],[-112.1209,37.7449],[-112.0414,37.7997],[-112.0,37.8282],[-111.9214,37.8839],[-111.8427,37.9394],[-111.7638,37.9949],[-111.6849,38.0504],[-111.6058,38.1058],[-111.5266,38.1611],[-111.4473,38.2164],[-111.3679,38.2717],[-111.2883,38.3269],[-111.2086,38.382],[-111.1288,38.4371],[-111.0489,38.4921],[-110.9689,38.5471],[-110.8901,38.6011],[-110.8098,38.6559],[-110.7294,38.7107],[-110.6488,38.7655],[-110.5682,38.8202],[-110.4874,38.8748],[-110.4065,38.9294],[-110.3255,38.984],[-110.2443,39.0384],[-110.163,39.0928],[-110.0816,39.1472],[-110.0001,39.2015],[-109.9584,39.2292]]}},{"type":"Feature","properties":{"ident":"Q97","type":"RNAV","run":1},"geometry":{"type":"LineString","coordinates":[[-80.0388,26.5514],[-80.0694,26.6301],[-80.1001,26.7088],[-80.1308,26.7875],[-80.1615,26.8662],[-80.1923,26.9449],[-80.2231,27.0236],[-80.2539,27.1022],[-80.2848,27.1809],[-80.3158,27.2596],[-80.3468,27.3382],[-80.3778,27.4168],[-80.4089,27.4955],[-80.44,27.5741],[-80.4712,27.6527],[-80.501,27.7278],[-80.5308,27.8069],[-80.5607,27.8859],[-80.5906,27.9649],[-80.6206,28.044],[-80.6506,28.123],[-80.6806,28.202],[-80.7107,28.281],[-80.7408,28.36],[-80.771,28.439],[-80.8012,28.518],[-80.8315,28.5969],[-80.8618,28.6759],[-80.8679,28.6916],[-80.9019,28.7694],[-80.936,28.8472],[-80.9701,28.925],[-81.0043,29.0028],[-81.0386,29.0806],[-81.0729,29.1583],[-81.1072,29.2361],[-81.1341,29.2969],[-81.131,29.3802],[-81.1279,29.4634],[-81.1247,29.5467],[-81.1237,29.5745],[-81.1233,29.6579],[-81.1228,29.7412],[-81.1224,29.8182],[-81.1175,29.9015],[-81.1125,29.9847],[-81.1076,30.0679],[-81.1026,30.1511],[-81.0976,30.2343],[-81.0926,30.3176],[-81.0876,30.4008],[-81.0826,30.484],[-81.0776,30.5672],[-81.074,30.6267],[-81.0723,30.71],[-81.0706,30.7933],[-81.0689,30.8766],[-81.0672,30.9599],[-81.0654,31.0433],[-81.0637,31.1266],[-81.062,31.2099],[-81.0612,31.2507],[-81.0158,31.3245],[-80.9703,31.3982],[-80.9248,31.4719],[-80.8792,31.5457],[-80.8335,31.6194],[-80.7878,31.693],[-80.742,31.7667],[-80.6961,31.8403],[-80.6502,31.914],[-80.6041,31.9876],[-80.558,32.0612],[-80.5118,32.1347],[-80.4656,32.2083],[-80.4193,32.2818],[-80.3729,32.3554],[-80.3264,32.4289],[-80.2798,32.5024],[-80.2692,32.5191],[-80.2128,32.5875],[-80.1563,32.6559],[-80.0997,32.7243],[-80.043,32.7926],[-79.9863,32.861],[-79.9294,32.9293],[-79.8725,32.9975],[-79.8155,33.0658],[-79.7583,33.134],[-79.7011,33.2022],[-79.6438,33.2704],[-79.5864,33.3385],[-79.529,33.4066],[-79.4714,33.4747],[-79.4138,33.5428],[-79.356,33.6108],[-79.2999,33.6768],[-79.2434,33.7457],[-79.1868,33.8144],[-79.1301,33.8832],[-79.0733,33.9519],[-79.0165,34.0206],[-78.9595,34.0893],[-78.9025,34.158],[-78.878,34.1875],[-78.8208,34.2561],[-78.7636,34.3247],[-78.7063,34.3933],[-78.6974,34.4041],[-78.6362,34.4704],[-78.5749,34.5367],[-78.5136,34.6029],[-78.4521,34.6691],[-78.3905,34.7353],[-78.3288,34.8015],[-78.2671,34.8676],[-78.2052,34.9337],[-78.1432,34.9998],[-78.0811,35.0658],[-78.019,35.1318],[-77.9567,35.1978],[-77.8943,35.2637],[-77.8318,35.3296],[-77.7693,35.3955],[-77.7066,35.4614],[-77.6438,35.5272],[-77.6187,35.5535],[-77.5558,35.6192],[-77.4927,35.6849],[-77.4296,35.7506],[-77.3664,35.8163],[-77.303,35.8819],[-77.2586,35.9279],[-77.1996,35.9961],[-77.1404,36.0644],[-77.0812,36.1326],[-77.0219,36.2008],[-76.9624,36.2689],[-76.9029,36.3371],[-76.8726,36.3716],[-76.8138,36.4402],[-76.7549,36.5087],[-76.6959,36.5772],[-76.6367,36.6457],[-76.5775,36.7142],[-76.5181,36.7826],[-76.4587,36.851],[-76.3991,36.9194],[-76.3395,36.9877],[-76.2797,37.056],[-76.2198,37.1243],[-76.1598,37.1926],[-76.0997,37.2608],[-76.0395,37.329],[-75.9792,37.3972],[-75.9188,37.4653],[-75.8582,37.5334],[-75.8581,37.5335],[-75.8045,37.6052],[-75.7507,37.6769],[-75.6969,37.7485],[-75.643,37.8201],[-75.6265,37.842],[-75.5668,37.9107],[-75.5069,37.9794],[-75.447,38.048],[-75.4429,38.0528],[-75.3799,38.1198],[-75.3168,38.1867],[-75.2535,38.2536],[-75.1902,38.3205],[-75.1268,38.3873],[-75.0632,38.4541],[-75.0502,38.4678],[-74.9812,38.5296],[-74.9141,38.5943],[-74.8468,38.659],[-74.7794,38.7236],[-74.751,38.7508],[-74.6791,38.8124],[-74.6071,38.8741],[-74.5349,38.9356],[-74.529,38.9407],[-74.4602,39.0046],[-74.3913,39.0685],[-74.3222,39.1323],[-74.253,39.1961],[-74.1838,39.2598],[-74.1143,39.3235],[-74.0448,39.3872],[-74.0171,39.4125],[-73.9765,39.4897],[-73.9357,39.5668],[-73.8949,39.644],[-73.854,39.7212],[-73.813,39.7983],[-73.7719,39.8754],[-73.7307,39.9525],[-73.7247,39.9638],[-73.6611,40.0314],[-73.5975,40.099],[-73.5337,40.1666],[-73.4698,40.2341],[-73.4505,40.2544],[-73.3863,40.3218],[-73.3218,40.3891],[-73.2573,40.4564],[-73.1926,40.5237],[-73.1278,40.5909],[-73.0629,40.6581],[-72.9978,40.7253],[-72.9326,40.7924],[-72.8673,40.8595],[-72.8019,40.9266],[-72.7989,40.9296],[-72.7361,40.9982],[-72.6733,41.0667],[-72.6103,41.1352],[-72.5472,41.2037],[-72.484,41.2721],[-72.4811,41.2752],[-72.4313,41.3497],[-72.3813,41.4241],[-72.3312,41.4985],[-72.281,41.5729],[-72.2307,41.6472],[-72.1803,41.7216],[-72.1298,41.7959],[-72.0791,41.8702],[-72.0283,41.9444],[-71.9774,42.0187],[-71.9264,42.0929],[-71.8939,42.1401],[-71.8254,42.2062],[-71.7568,42.2722],[-71.688,42.3382],[-71.6191,42.4042],[-71.5501,42.4701],[-71.4808,42.536],[-71.4115,42.6019],[-71.342,42.6677],[-71.2723,42.7334],[-71.2025,42.7991],[-71.1326,42.8648],[-71.0787,42.9153],[-71.0233,42.9881],[-70.9678,43.0609],[-70.9121,43.1336],[-70.8563,43.2063],[-70.8004,43.279],[-70.7473,43.3478],[-70.6911,43.4204],[-70.6348,43.493],[-70.5784,43.5656],[-70.5218,43.6382],[-70.465,43.7107],[-70.4082,43.7832],[-70.3512,43.8557],[-70.294,43.9281],[-70.2368,44.0005],[-70.1794,44.0729],[-70.1218,44.1453],[-70.0641,44.2176],[-70.0063,44.2899],[-69.9483,44.3622],[-69.8901,44.4344],[-69.8846,44.4414],[-69.8304,44.5152],[-69.7762,44.589],[-69.7218,44.6628],[-69.6672,44.7366],[-69.6126,44.8103],[-69.5577,44.884],[-69.5028,44.9577],[-69.4477,45.0314],[-69.3924,45.105],[-69.3371,45.1786],[-69.2815,45.2522],[-69.2259,45.3258],[-69.17,45.3993],[-69.1141,45.4728],[-69.058,45.5462],[-69.0017,45.6197],[-68.9453,45.6931],[-68.8888,45.7665],[-68.8321,45.8398],[-68.7752,45.9132],[-68.7182,45.9865],[-68.6611,46.0598],[-68.6038,46.133],[-68.5463,46.2062],[-68.4887,46.2794],[-68.4309,46.3526],[-68.373,46.4257],[-68.315,46.4988],[-68.2567,46.5719],[-68.1983,46.6449],[-68.1398,46.7179],[-68.0945,46.7742]]}},{"type":"Feature","properties":{"ident":"Q971","type":"RNAV","run":1},"geometry":{"type":"LineString","coordinates":[[-104.8897,50.667],[-104.7959,50.6087],[-104.7023,50.5502],[-104.609,50.4918],[-104.5159,50.4332],[-104.423,50.3745],[-104.3303,50.3158],[-104.2379,50.257],[-104.1457,50.1982],[-104.0538,50.1392],[-103.962,50.0802],[-103.8705,50.0211],[-103.7792,49.962],[-103.6881,49.9028],[-103.5973,49.8435],[-103.5067,49.7841],[-103.4163,49.7247],[-103.3261,49.6651],[-103.2361,49.6056],[-103.1464,49.5459],[-103.0569,49.4862],[-102.9676,49.4264],[-102.8785,49.3666],[-102.7896,49.3066],[-102.701,49.2467],[-102.6125,49.1866],[-102.5243,49.1265],[-102.4363,49.0663],[-102.3485,49.006],[-102.3381,48.9989],[-102.3235,48.9888],[-102.236,48.9285],[-102.1487,48.868],[-102.0616,48.8076],[-101.9747,48.747],[-101.888,48.6864],[-101.8015,48.6257],[-101.7153,48.565],[-101.6292,48.5042],[-101.5434,48.4433],[-101.4577,48.3824],[-101.3723,48.3214],[-101.2871,48.2603]]}},{"type":"Feature","properties":{"ident":"Q98","type":"RNAV","run":1},"geometry":{"type":"LineString","coordinates":[[-115.0797,35.5079],[-115.0037,35.5637],[-114.9275,35.6194],[-114.8653,35.6649],[-114.789,35.7206],[-114.7127,35.7764],[-114.6362,35.832],[-114.5597,35.8876],[-114.483,35.9432],[-114.4062,35.9987],[-114.3293,36.0542],[-114.2859,36.0855],[-114.1926,36.1211],[-114.0993,36.1566],[-114.0059,36.1921],[-113.9124,36.2275],[-113.8188,36.2628],[-113.7251,36.298],[-113.6314,36.3332],[-113.5375,36.3683],[-113.4436,36.4033],[-113.4143,36.4142],[-113.318,36.4448],[-113.2215,36.4752],[-113.125,36.5056],[-113.0284,36.536],[-112.9318,36.5662],[-112.835,36.5963],[-112.7382,36.6264],[-112.6413,36.6564],[-112.5444,36.6863],[-112.4473,36.7162],[-112.3613,36.7426],[-112.2642,36.7723],[-112.1669,36.8019],[-112.0696,36.8314],[-111.9722,36.8609],[-111.8747,36.8902],[-111.7771,36.9195],[-111.6795,36.9488],[-111.6113,36.9691]]}},{"type":"Feature","properties":{"ident":"Q983","type":"RNAV","run":1},"geometry":{"type":"LineString","coordinates":[[-121.3953,49.0639],[-121.2784,49.0968],[-121.1614,49.1296],[-121.0442,49.1623],[-120.9268,49.1948],[-120.8094,49.2273],[-120.6917,49.2596],[-120.5739,49.2918],[-120.4559,49.3239],[-120.3378,49.3558],[-120.2196,49.3877],[-120.1011,49.4194],[-119.9826,49.451],[-119.8638,49.4824],[-119.745,49.5138],[-119.6259,49.545],[-119.5068,49.5761],[-119.3874,49.6071],[-119.2679,49.638],[-119.1483,49.6687],[-119.0285,49.6993],[-118.9086,49.7298],[-118.7885,49.7602],[-118.6683,49.7904],[-118.5479,49.8206],[-118.4273,49.8505],[-118.3066,49.8804],[-118.1858,49.9102],[-118.0648,49.9398],[-117.9437,49.9693],[-117.8224,49.9986],[-117.701,50.0279],[-117.5794,50.057],[-117.4577,50.086],[-117.3358,50.1148],[-117.2138,50.1436],[-117.0916,50.1722],[-116.9693,50.2006],[-116.8469,50.229],[-116.7243,50.2572],[-116.6015,50.2853],[-116.4786,50.3133],[-116.3556,50.3411],[-116.2324,50.3688],[-116.14,50.3895]]}},{"type":"Feature","properties":{"ident":"Q99","type":"RNAV","run":1},"geometry":{"type":"LineString","coordinates":[[-81.9075,28.1761],[-81.9498,28.2506],[-81.9922,28.3252],[-82.0346,28.3997],[-82.0771,28.4742],[-82.1196,28.5486],[-82.1622,28.6231],[-82.2049,28.6975],[-82.2476,28.772],[-82.2904,28.8464],[-82.3332,28.9208],[-82.3761,28.9952],[-82.4191,29.0696],[-82.4621,29.1439],[-82.5052,29.2183],[-82.5273,29.2563],[-82.5377,29.3392],[-82.5481,29.422],[-82.5585,29.5048],[-82.569,29.5877],[-82.5794,29.6705],[-82.5899,29.7533],[-82.6004,29.8361],[-82.6109,29.919],[-82.6215,30.0018],[-82.632,30.0846],[-82.6426,30.1675],[-82.6532,30.2503],[-82.6638,30.3331],[-82.6744,30.4159],[-82.6851,30.4988],[-82.6864,30.5089],[-82.669,30.5909],[-82.6515,30.6728],[-82.634,30.7548],[-82.6165,30.8367],[-82.5989,30.9187],[-82.5813,31.0007],[-82.5637,31.0826],[-82.5628,31.087],[-82.518,31.1609],[-82.4731,31.2349],[-82.4281,31.3088],[-82.3831,31.3827],[-82.338,31.4566],[-82.2928,31.5305],[-82.2475,31.6044],[-82.2022,31.6783],[-82.1568,31.7521],[-82.1114,31.8259],[-82.0658,31.8998],[-82.0202,31.9735],[-81.9745,32.0473],[-81.9288,32.1211],[-81.9141,32.1448],[-81.8703,32.2194],[-81.8265,32.2941],[-81.7826,32.3687],[-81.7386,32.4433],[-81.6946,32.5179],[-81.6505,32.5925],[-81.6063,32.667],[-81.5621,32.7416],[-81.5178,32.8161],[-81.4734,32.8906],[-81.4289,32.9651],[-81.3843,33.0396],[-81.3397,33.1141],[-81.295,33.1885],[-81.2502,33.263],[-81.2054,33.3374],[-81.1604,33.4118],[-81.1154,33.4862],[-81.0703,33.5606],[-81.0252,33.6349],[-80.9799,33.7093],[-80.9346,33.7836],[-80.8924,33.8526],[-80.8309,33.9184],[-80.7692,33.9842],[-80.7534,34.0011],[-80.6916,34.0668],[-80.6297,34.1325],[-80.5677,34.1981],[-80.5105,34.2585],[-80.4495,34.3248],[-80.3883,34.3911],[-80.327,34.4574],[-80.2657,34.5236],[-80.2042,34.5898],[-80.1426,34.656],[-80.1034,34.6981],[-80.0418,34.7643],[-79.9988,34.8104],[-79.9393,34.8779],[-79.8797,34.9454],[-79.82,35.0129],[-79.7602,35.0803],[-79.7002,35.1477],[-79.6928,35.1561],[-79.6344,35.2245],[-79.576,35.2928],[-79.5175,35.3611],[-79.4588,35.4293],[-79.4001,35.4976],[-79.3413,35.5658],[-79.2823,35.6339],[-79.2233,35.7021],[-79.1855,35.7457],[-79.1263,35.8138],[-79.067,35.8819],[-79.0077,35.9499],[-78.9482,36.018],[-78.8886,36.086],[-78.8289,36.1539],[-78.7692,36.2219],[-78.7093,36.2898],[-78.6493,36.3577],[-78.5892,36.4255],[-78.5712,36.4458],[-78.516,36.5164],[-78.4607,36.5869],[-78.4054,36.6574],[-78.3499,36.7278],[-78.2943,36.7983],[-78.2387,36.8687],[-78.1829,36.9391],[-78.1536,36.9759],[-78.0977,37.0463],[-78.0417,37.1166],[-77.9855,37.1869],[-77.9293,37.2572],[-77.8729,37.3274],[-77.8193,37.3941],[-77.7627,37.4643],[-77.7148,37.5237],[-77.6582,37.5939],[-77.6014,37.664],[-77.545,37.7336]]}},{"type":"Feature","properties":{"ident":"Q997","type":"RNAV","run":1},"geometry":{"type":"LineString","coordinates":[[-74.1467,45.6145],[-74.243,45.6635],[-74.3395,45.7125],[-74.3608,45.7233],[-74.4581,45.7717],[-74.5554,45.82],[-74.5946,45.8394],[-74.7107,45.8595],[-74.8269,45.8794],[-74.9176,45.8948],[-75.0339,45.9145],[-75.1504,45.9341],[-75.2669,45.9536],[-75.3835,45.9729],[-75.5002,45.9922],[-75.6169,46.0113],[-75.7338,46.0303],[-75.7492,46.0328],[-75.8319,46.0932],[-75.9147,46.1536],[-75.9736,46.1964],[-76.0568,46.2567],[-76.1402,46.3168],[-76.2238,46.377],[-76.3075,46.4371],[-76.3915,46.4971],[-76.4756,46.557],[-76.5599,46.6169],[-76.6444,46.6767],[-76.7291,46.7365],[-76.8022,46.788],[-76.889,46.8464],[-76.9759,46.9049],[-77.063,46.9632],[-77.1504,47.0215],[-77.2379,47.0797],[-77.3256,47.1378],[-77.4135,47.1959],[-77.5016,47.2539],[-77.5899,47.3118],[-77.6784,47.3697],[-77.767,47.4275],[-77.8559,47.4852],[-77.945,47.5429],[-78.0342,47.6005],[-78.1237,47.658],[-78.2133,47.7155],[-78.2317,47.7272],[-78.3216,47.7846],[-78.4117,47.8419],[-78.502,47.8991],[-78.5925,47.9562],[-78.6477,47.9909],[-78.7385,48.0479],[-78.8295,48.1049],[-78.9208,48.1618],[-78.9386,48.1729]]}}]}